transaction_id,store_id,timestamp,sku,category,quantity,unit_price,total_amount,payment_method,customer_id,is_anomaly,anomaly_type
6ac4e71c-eea0-4fea-ba50-139be6ec268d,STORE_013,2024-01-27 20:44:00,SKU_0176,Grocery,2,428.03,848.63,wallet,CUST_00397,0,
93fd9ca0-dd9d-4589-8c14-83a029fd7be6,STORE_005,2024-03-08 11:59:00,SKU_0082,Grocery,3,77.69,230.57,card,CUST_00385,0,
47bbf14a-a210-4ee4-b6d0-c997f6678d9a,STORE_019,2024-02-10 15:45:00,SKU_0199,Grocery,3,361.28,1096.57,card,CUST_00557,0,
1efc66aa-f286-4228-a135-92bc29fd4c25,STORE_015,2024-02-29 10:18:00,SKU_0282,HomeGoods,1,110.84,110.62,wallet,CUST_00066,0,
b87c61a3-794a-4ce7-a4ad-23a279540ec0,STORE_013,2024-02-02 21:42:00,SKU_0404,Apparel,3,155.95,463.74,UPI,CUST_00309,0,
db16b15e-e73e-41a8-aedf-9a4957bd9158,STORE_002,2024-02-02 18:44:00,SKU_0184,Apparel,2,1409.53,2854.1,UPI,CUST_00425,0,
bb712341-f532-4e5e-86e2-0d8d0626d889,STORE_007,2024-02-05 13:53:00,SKU_0385,Electronics,4,204.15,800.9,wallet,CUST_00209,0,
37ec8f34-1b3a-49e1-8848-1bb70e088502,STORE_001,2024-02-20 10:43:00,SKU_0313,Apparel,4,138.29,545.95,wallet,CUST_00504,0,
3cc72e66-3411-4a19-aef3-fc6a34070c34,STORE_002,2024-02-23 15:43:00,SKU_0146,Electronics,5,628.62,3184.21,UPI,CUST_00038,0,
24bca2fa-6613-4615-aee4-a86afe425be1,STORE_010,2024-03-22 12:25:00,SKU_0456,Grocery,6,117.13,704.2,card,CUST_00063,0,
6696fce1-39f8-4868-a255-96c56c8263d8,STORE_012,2024-01-18 17:24:00,SKU_0217,Apparel,6,174.78,1060.16,wallet,CUST_00474,0,
76abc955-42ec-4e2b-ad05-9a4056b3e2aa,STORE_019,2024-01-31 17:24:00,SKU_0076,Electronics,2,679.06,1376.49,UPI,CUST_00075,0,
320bf84f-bad1-4e5e-8d23-4b47cbd164df,STORE_003,2024-02-11 14:15:00,SKU_0481,Grocery,2,258.7,526.55,wallet,CUST_00251,0,
3882b605-5f25-4140-9aa2-34247629f602,STORE_006,2024-01-12 19:05:00,SKU_0456,Grocery,4,71.68,281.71,wallet,CUST_00168,0,
992890d7-34fc-4eb4-a50b-a086de007aca,STORE_007,2024-01-30 17:07:00,SKU_0025,Pharmacy,7,386.31,2736.54,UPI,CUST_00412,0,
fd10999c-ccac-4b19-ab5b-a9bde7418dab,STORE_002,2024-02-28 18:39:00,SKU_0451,Pharmacy,4,182.05,734.28,card,CUST_00007,0,
8696ad27-d8cd-4e74-a4e1-6dcc4a73735e,STORE_002,2024-01-28 08:53:00,SKU_0473,Electronics,1,856.92,846.88,wallet,CUST_00214,0,
36747918-aa4a-4b9b-a810-3601536f1a8d,STORE_007,2024-01-30 19:11:00,SKU_0414,HomeGoods,6,153.93,939.53,wallet,CUST_00591,0,
52b714cb-88f7-4531-b91d-6ce4c36ed54b,STORE_003,2024-01-15 18:56:00,SKU_0128,HomeGoods,3,579.66,1732.32,cash,CUST_00221,0,
13ab4024-b4ac-4c56-93e7-a99d8761b109,STORE_010,2024-03-18 18:14:00,SKU_0316,Grocery,1,1034.86,1050.9,UPI,CUST_00359,0,
cc8cbaaf-2b78-4930-8f7a-6126c95f1765,STORE_007,2024-03-23 17:10:00,SKU_0269,Apparel,1,126.56,127.09,UPI,CUST_00592,0,
25ba7be7-be49-4640-929b-12222f8ae155,STORE_013,2024-01-12 20:16:00,SKU_0310,HomeGoods,5,214.2,1072.15,UPI,CUST_00364,0,
f47614e9-06a1-4325-896c-2894ded70c09,STORE_012,2024-03-09 09:16:00,SKU_0308,Grocery,2,341.16,673.03,wallet,CUST_00452,0,
0dc8866d-a1b9-4923-85b6-511429df51c4,STORE_003,2024-01-26 11:40:00,SKU_0319,Electronics,5,125.91,639.98,card,CUST_00575,0,
32ef7315-538d-41fc-87c1-75f522c790c6,STORE_013,2024-03-23 20:44:00,SKU_0257,Grocery,4,310.35,1244.21,wallet,CUST_00370,0,
8e6b6ee9-5e88-435f-ac67-da7bffa3a9cd,STORE_013,2024-01-19 21:32:00,SKU_0345,Grocery,3,208.83,614.11,UPI,CUST_00499,0,
a56562d1-767b-4140-ad61-e7e78bb890f8,STORE_006,2024-02-19 17:46:00,SKU_0263,Grocery,1,205.49,201.53,cash,CUST_00304,0,
6feb23ea-0a36-48ea-af56-424467ca0dcf,STORE_003,2024-03-26 16:36:00,SKU_0009,Grocery,4,259.98,1051.47,UPI,CUST_00488,0,
14dbc0c7-de43-4c85-8d9f-a7644018aab8,STORE_010,2024-03-08 11:18:00,SKU_0018,Electronics,1,264.67,261.09,cash,CUST_00385,0,
147ed4df-efe7-4ea8-be88-7e16d77718eb,STORE_002,2024-02-26 08:19:00,SKU_0479,Pharmacy,2,285.02,572.29,wallet,CUST_00203,0,
1b6b81ac-b3bb-4939-991c-d7f8eef28d55,STORE_002,2024-03-05 21:31:00,SKU_0454,Electronics,3,154.84,467.88,wallet,CUST_00334,0,
73370869-067f-4b3d-8eb4-ec137c54cb56,STORE_001,2024-02-05 14:41:00,SKU_0293,HomeGoods,3,160.34,476.77,wallet,CUST_00200,0,
9237a54c-e543-495d-98c1-e6fd38501bb2,STORE_013,2024-02-19 08:32:00,SKU_0088,HomeGoods,2,227.37,456.0,UPI,CUST_00238,0,
0133cc1a-4fcc-4a31-995a-6540a3753772,STORE_010,2024-02-06 17:52:00,SKU_0390,HomeGoods,3,241.21,716.11,card,CUST_00175,0,
21e02b2b-5616-4557-a230-8d672d954ecf,STORE_012,2024-03-27 16:21:00,SKU_0072,Pharmacy,4,175.98,716.49,card,CUST_00294,0,
6b7a9413-3bb7-42cd-941b-ca9b326df1e5,STORE_013,2024-02-09 10:56:00,SKU_0189,Electronics,2,323.96,657.25,wallet,CUST_00208,0,
e12629b0-3155-429e-a8a5-d1bc571dd2ab,STORE_007,2024-03-17 19:19:00,SKU_0165,Grocery,3,58.54,174.13,cash,CUST_00375,0,
4b498b4d-5ef5-4a5a-b42d-92683ff438e9,STORE_008,2024-01-29 19:32:00,SKU_0007,Electronics,4,139.36,558.08,wallet,CUST_00221,0,
19b8fe1c-d815-4d84-a3bd-ba12ff0d2cc4,STORE_002,2024-03-04 14:26:00,SKU_0403,Apparel,2,199.84,399.69,card,CUST_00294,0,
951b0dfc-5be1-4d29-8d4b-e605a036498f,STORE_001,2024-02-26 19:20:00,SKU_0255,HomeGoods,3,126.04,385.08,UPI,CUST_00084,0,
19c32b3e-cd8d-4e75-87f0-e247205b1fcd,STORE_010,2024-03-13 11:24:00,SKU_0158,Pharmacy,1,920.41,916.51,UPI,CUST_00231,0,
cb649c97-f962-47d2-9d34-952b12ca73c3,STORE_007,2024-03-23 21:55:00,SKU_0254,Grocery,4,253.8,1017.73,cash,CUST_00213,0,
ae01831b-439c-45a5-830c-d76f10200fc2,STORE_008,2024-01-29 19:56:00,SKU_0001,Grocery,2,287.98,585.84,cash,CUST_00576,0,
dc65beda-cff9-443f-b9d0-e37a3b7dad76,STORE_013,2024-03-29 08:44:00,SKU_0219,Pharmacy,3,169.84,502.65,cash,CUST_00268,0,
7834a84f-d544-4cc3-ab9a-28e37e4bc085,STORE_008,2024-03-30 18:13:00,SKU_0260,HomeGoods,1,246.86,247.36,wallet,CUST_00012,0,
41d9e1fa-dd47-410e-a16e-199fac2c975b,STORE_008,2024-03-09 09:28:00,SKU_0170,HomeGoods,4,94.56,372.27,cash,CUST_00185,0,
34ec2465-09b5-473a-8425-6d1de8596803,STORE_008,2024-02-26 14:41:00,SKU_0415,Apparel,1,218.24,219.27,UPI,CUST_00437,0,
b5bbd8fb-ff40-4edb-90a7-26f130793ee9,STORE_003,2024-01-22 16:38:00,SKU_0125,Apparel,5,118.14,587.53,cash,CUST_00099,0,
4bc5b032-f260-46a8-8975-a83aaa7aae1f,STORE_001,2024-02-27 12:18:00,SKU_0069,Grocery,9,200.24,1835.87,wallet,CUST_00097,0,
8679c592-a507-4813-8d93-07dd4ea25722,STORE_007,2024-01-24 14:35:00,SKU_0264,HomeGoods,6,32.25,192.85,wallet,CUST_00224,0,
b5798858-673a-40e3-a498-24a7c080ce7f,STORE_002,2024-02-02 13:17:00,SKU_0443,Grocery,5,101.4,499.62,card,CUST_00214,0,
51efbd79-797e-4272-a631-6a4cb086d1ba,STORE_006,2024-01-20 17:48:00,SKU_0188,Pharmacy,5,806.42,4085.97,cash,CUST_00288,0,
16166082-c39e-4df3-baf2-1b4b75a79ab3,STORE_015,2024-01-27 20:34:00,SKU_0024,Electronics,3,485.79,1476.07,card,CUST_00020,0,
3154bc88-15d8-43aa-879d-333b5569c62e,STORE_003,2024-01-16 13:00:00,SKU_0484,Apparel,3,718.16,2171.27,UPI,CUST_00432,0,
9f2507ac-d1fe-4fb0-902f-4ba339b22a41,STORE_001,2024-01-04 12:27:00,SKU_0222,Grocery,1,758.72,766.27,UPI,CUST_00128,0,
7e791503-674c-4476-8f2b-6893cdc1fc36,STORE_003,2024-03-12 09:50:00,SKU_0087,HomeGoods,4,428.31,1697.12,UPI,CUST_00426,0,
2bb67c29-7371-4a35-8723-a55427e2e113,STORE_003,2024-01-22 09:41:00,SKU_0308,HomeGoods,3,174.02,525.03,UPI,CUST_00338,0,
af857ebf-5af3-4225-8c90-1f03c6d424ae,STORE_010,2024-03-10 16:06:00,SKU_0160,Pharmacy,2,109.03,214.03,UPI,CUST_00121,0,
524153f6-69bf-42b0-a649-c840cdf239c1,STORE_008,2024-01-11 13:27:00,SKU_0468,HomeGoods,1,625.69,618.1,cash,CUST_00281,0,
b988e6da-54bd-40db-9082-890d20498763,STORE_013,2024-03-30 12:11:00,SKU_0147,Grocery,7,263.25,1874.61,cash,CUST_00021,0,
5227acac-c3af-4dce-b476-fd69d9968adb,STORE_010,2024-03-26 10:01:00,SKU_0275,Grocery,4,1838.45,7424.17,wallet,CUST_00421,0,
a5e1c7ee-bc1c-4ecd-b8eb-a144fda4881b,STORE_006,2024-02-08 13:37:00,SKU_0272,Pharmacy,4,186.68,738.68,UPI,CUST_00182,0,
2a07d6ab-e2fa-45d4-ab81-ddf9428af352,STORE_013,2024-03-19 21:17:00,SKU_0121,Apparel,4,1211.7,4771.46,wallet,CUST_00230,0,
81a037c4-b777-4d74-ad3b-9aa6df0e492b,STORE_002,2024-03-29 16:04:00,SKU_0250,Electronics,3,220.53,673.47,UPI,CUST_00094,0,
0ad81cc8-2001-4f05-bb42-8c8dc7d5f7a1,STORE_001,2024-03-25 09:35:00,SKU_0055,Pharmacy,1,728.0,716.71,card,CUST_00218,0,
09068a79-654f-4dfb-90dd-f99d1d94b569,STORE_001,2024-03-12 11:16:00,SKU_0322,HomeGoods,3,971.47,2886.09,UPI,CUST_00237,0,
c335cc72-c121-46c2-931c-e3032a475e0b,STORE_012,2024-02-12 20:13:00,SKU_0379,Electronics,3,110.29,326.67,UPI,CUST_00134,0,
8b9b51cb-5f16-43ae-bd23-b0aa206a67b8,STORE_007,2024-02-29 14:06:00,SKU_0475,HomeGoods,2,169.6,332.52,cash,CUST_00587,0,
ca25f2d7-bc8c-4c6b-92e0-d3db53eddbc3,STORE_002,2024-03-04 19:34:00,SKU_0163,HomeGoods,1,109.41,108.6,card,CUST_00167,0,
54a42f65-a780-4184-9e42-21df3994ca1f,STORE_008,2024-01-16 10:25:00,SKU_0143,HomeGoods,4,93.46,380.93,UPI,CUST_00108,0,
f157d006-52a0-4556-bee9-f9d9f1067d92,STORE_002,2024-02-15 15:14:00,SKU_0274,Pharmacy,2,426.29,847.19,cash,CUST_00328,0,
c74b2e32-662f-4ebc-8176-62c3cddb80fb,STORE_011,2024-02-15 12:41:00,SKU_0346,Apparel,1,213.61,213.65,cash,CUST_00191,0,
19eeffbe-0ff1-4e6a-b5ef-6a097328d3d8,STORE_007,2024-03-12 17:00:00,SKU_0496,Apparel,2,260.7,526.53,cash,CUST_00272,0,
25216277-75eb-466f-ae0e-5e83be9cfd96,STORE_006,2024-03-30 08:59:00,SKU_0013,HomeGoods,5,390.12,1954.59,UPI,CUST_00435,0,
e12f82d7-e79a-45d6-a846-bf5bbd3b13da,STORE_003,2024-01-03 15:06:00,SKU_0119,Electronics,3,56.57,171.36,cash,CUST_00046,0,
e382ea11-29d0-4d47-811c-92e131c60535,STORE_008,2024-01-09 17:43:00,SKU_0131,Electronics,5,699.86,3521.92,card,CUST_00305,0,
c0b55cbb-2b93-44f9-901c-26bc25baf96a,STORE_006,2024-01-11 21:19:00,SKU_0128,Pharmacy,3,189.08,569.7,cash,CUST_00013,0,
8e628d6f-cea1-4337-8b6a-e5dd60c05af8,STORE_001,2024-01-29 12:27:00,SKU_0232,Grocery,5,382.75,1925.21,card,CUST_00026,0,
d7dc6d89-fe76-432a-bcc6-02e5a09f4549,STORE_002,2024-01-17 13:12:00,SKU_0436,Apparel,5,410.77,2078.43,cash,CUST_00055,0,
56e62cb7-f828-4e21-874c-2713a530486b,STORE_019,2024-01-05 13:40:00,SKU_0016,Grocery,2,748.52,1509.63,wallet,CUST_00097,0,
481c686b-d066-4698-b9a4-f2e4069987bc,STORE_015,2024-03-09 12:19:00,SKU_0408,Grocery,3,229.88,697.69,card,CUST_00209,0,
89703116-95b3-460c-9e44-798486e1573b,STORE_012,2024-03-11 17:49:00,SKU_0309,Apparel,2,45.72,90.14,cash,CUST_00561,0,
88af3bce-4204-445e-bfcb-42a9684a98bf,STORE_003,2024-03-22 19:56:00,SKU_0307,Pharmacy,1,261.69,263.55,UPI,CUST_00543,0,
39bf8dc5-c58f-4a6a-9f64-b9ed5dd31956,STORE_019,2024-02-07 13:19:00,SKU_0339,Apparel,4,293.54,1185.29,wallet,CUST_00061,0,
88ac549f-7067-43e0-bf92-6d547bbb70b5,STORE_013,2024-01-22 18:42:00,SKU_0058,Electronics,3,109.3,325.28,wallet,CUST_00594,0,
260afe75-1ee7-44d0-83e4-9a14b44a20bf,STORE_012,2024-03-13 10:29:00,SKU_0373,Grocery,1,281.31,285.52,wallet,CUST_00381,0,
179d70ce-754d-45c3-866b-795806bac21c,STORE_007,2024-01-20 20:16:00,SKU_0124,Electronics,2,187.29,371.65,card,CUST_00332,0,
bd0625f0-f065-4ab5-aa11-5d2e8170cb91,STORE_003,2024-01-13 15:52:00,SKU_0258,Pharmacy,1,85.39,84.52,card,CUST_00475,0,
504ea148-fe43-4e23-a615-2c16fe6191df,STORE_001,2024-03-23 09:19:00,SKU_0338,Grocery,1,427.8,434.08,card,CUST_00290,0,
bea40ae1-78f1-4eeb-858b-5cb110a8469f,STORE_015,2024-01-14 12:32:00,SKU_0302,Grocery,6,159.25,945.83,card,CUST_00159,0,
ad1c197e-4fa0-48f8-ad1e-b0fd824b7599,STORE_007,2024-01-26 08:30:00,SKU_0162,Electronics,4,180.61,720.0,wallet,CUST_00317,0,
c79d61ed-9665-4060-8d1a-23677a5aaf68,STORE_002,2024-01-05 11:00:00,SKU_0198,Apparel,5,172.67,858.79,cash,CUST_00435,0,
ac42d2f4-c5bf-4f39-a076-54768bf626bd,STORE_003,2024-01-08 14:51:00,SKU_0238,Pharmacy,2,671.72,1364.83,wallet,CUST_00409,0,
4c9a249a-5729-4d84-b024-7995bd8e003a,STORE_008,2024-03-10 09:02:00,SKU_0021,Apparel,3,241.95,724.55,wallet,CUST_00101,0,
f8320f9d-f644-4f2b-98dc-19334e26415b,STORE_002,2024-01-31 17:44:00,SKU_0363,HomeGoods,6,266.33,1610.4,wallet,CUST_00562,0,
3fa972db-21a9-401b-ae51-e1cef98b9394,STORE_015,2024-03-15 12:10:00,SKU_0050,Electronics,4,175.73,711.19,UPI,CUST_00170,0,
68e22452-a5ce-4832-9bed-52ec014c4928,STORE_013,2024-01-03 10:03:00,SKU_0229,Electronics,4,362.04,1455.57,wallet,CUST_00491,0,
67801739-a9d8-4a06-8d68-6a8b46cf1fa6,STORE_012,2024-03-18 11:49:00,SKU_0327,HomeGoods,4,735.77,2995.31,cash,CUST_00187,0,
2a6c93b8-66b0-4f4d-8465-8d45b32df7af,STORE_007,2024-02-19 15:27:00,SKU_0041,Electronics,4,419.79,1699.48,wallet,CUST_00038,0,
0e3b2d07-c516-4a08-9525-9559a85a9f53,STORE_008,2024-03-14 08:05:00,SKU_0497,Apparel,2,433.09,862.72,UPI,CUST_00597,0,
7c9ed0d9-cfd0-4cd8-b3e0-0f5941093f02,STORE_008,2024-02-08 13:32:00,SKU_0189,Grocery,2,406.04,826.72,wallet,CUST_00353,0,
3494533c-e2ea-43a7-adff-e22bbca010d0,STORE_010,2024-03-07 16:15:00,SKU_0008,Electronics,2,82.87,165.9,cash,CUST_00128,0,
ad616ef0-b4c9-459c-a788-cb50e922ae45,STORE_001,2024-01-30 18:12:00,SKU_0329,Apparel,1,124.04,121.67,wallet,CUST_00000,0,
e8c51e5b-3019-4810-a910-489727b461a0,STORE_006,2024-02-15 15:45:00,SKU_0279,Pharmacy,2,212.19,420.31,UPI,CUST_00077,0,
e59c61ee-8327-442c-9f95-9a7e3e4754f6,STORE_001,2024-03-05 14:18:00,SKU_0320,Electronics,2,139.88,281.12,cash,CUST_00101,0,
2e331562-7e6a-4224-bc7d-aa1093326925,STORE_008,2024-02-03 13:13:00,SKU_0375,Pharmacy,6,106.68,631.29,UPI,CUST_00555,0,
e2b84185-1ea8-40b0-a6d6-49314bf43387,STORE_003,2024-02-26 10:38:00,SKU_0238,Apparel,4,55.91,224.39,cash,CUST_00106,0,
d227d626-8a07-40fd-9856-4b6ae906ed4e,STORE_002,2024-03-08 21:07:00,SKU_0413,HomeGoods,1,85.13,84.66,cash,CUST_00097,0,
745f2d49-43ab-441b-95e7-1b9559319f8b,STORE_001,2024-03-09 09:20:00,SKU_0185,Electronics,3,203.62,611.7,UPI,CUST_00502,0,
d43f59a1-8a8f-4a92-b979-0ed8c02b5400,STORE_008,2024-01-16 10:10:00,SKU_0273,Pharmacy,2,236.49,463.56,wallet,CUST_00527,0,
f29c4844-0789-4ffb-ae53-8cf8930a62b3,STORE_002,2024-01-04 19:03:00,SKU_0080,Electronics,2,132.56,268.81,cash,CUST_00125,0,
9357ed2d-0005-4508-aee0-490f2099d85f,STORE_018,2024-02-05 17:59:00,SKU_0310,Pharmacy,2,266.29,529.64,card,CUST_00390,0,
54a1e684-0313-49e9-a7e4-d4e2b3b00e66,STORE_008,2024-03-17 09:59:00,SKU_0131,HomeGoods,1,176.69,174.15,card,CUST_00320,0,
a9014421-6689-41e3-8775-8b18962997ce,STORE_004,2024-02-28 10:26:00,SKU_0348,Grocery,2,598.2,1193.43,UPI,CUST_00346,0,
c7afa7c9-c479-46f0-a153-efa78c6a0389,STORE_008,2024-03-23 13:11:00,SKU_0400,Electronics,1,219.68,219.56,cash,CUST_00186,0,
d1a0d1a5-b3bb-4ab3-9c5a-9e860151aaf3,STORE_001,2024-03-19 21:58:00,SKU_0429,HomeGoods,3,436.39,1316.37,UPI,CUST_00450,0,
14efab31-a352-49b4-a1cc-e685660a95c5,STORE_019,2024-03-27 20:27:00,SKU_0464,Electronics,5,294.13,1472.09,card,CUST_00528,0,
fc473d17-6431-43f2-b89d-cf9a6f6b3af7,STORE_007,2024-01-18 16:13:00,SKU_0062,HomeGoods,1,81.43,79.94,wallet,CUST_00435,0,
1b5bbc14-35ef-4307-ae42-8ec344e93283,STORE_013,2024-02-12 17:56:00,SKU_0069,HomeGoods,1,232.51,235.97,card,CUST_00541,0,
7b949c7f-5ae2-4283-836d-0d7d8e0025cd,STORE_001,2024-01-27 11:44:00,SKU_0463,Grocery,1,93.03,92.87,card,CUST_00066,0,
165440bb-8566-419c-bc22-8e505e639106,STORE_007,2024-01-01 15:44:00,SKU_0191,Grocery,2,229.28,450.8,cash,CUST_00394,0,
59177816-94c3-4287-9b68-790221c093df,STORE_007,2024-02-19 13:49:00,SKU_0013,Grocery,3,137.74,417.73,wallet,CUST_00599,0,
43add0f0-74d8-4908-9d74-ac5bb15b70ae,STORE_019,2024-02-03 17:27:00,SKU_0144,Grocery,2,339.35,683.05,wallet,CUST_00321,0,
125f2eee-04cd-4e94-a3c0-b7d1b35894aa,STORE_008,2024-01-03 15:02:00,SKU_0418,Electronics,2,85.42,171.86,card,CUST_00565,0,
6c5f64d1-3bbb-4e6b-8dc6-89cbed142089,STORE_007,2024-03-24 16:22:00,SKU_0178,Grocery,2,252.96,504.44,card,CUST_00209,0,
6b01a679-5755-4606-b9c2-5c4932cc2eed,STORE_003,2024-02-13 16:15:00,SKU_0039,HomeGoods,3,395.2,1181.36,wallet,CUST_00537,0,
39235e78-89e6-4df7-9537-2dad0c929188,STORE_003,2024-01-26 13:15:00,SKU_0361,Grocery,2,516.74,1034.98,card,CUST_00563,0,
2a1cf7e7-e0e4-40b9-93ec-4fc572445ff5,STORE_008,2024-03-09 09:49:00,SKU_0098,HomeGoods,3,135.66,399.66,cash,CUST_00373,0,
d90c12c7-ac73-4871-a60f-219eaf33e41e,STORE_007,2024-02-01 15:09:00,SKU_0177,Pharmacy,6,253.58,1509.24,cash,CUST_00422,0,
cb635be0-d105-4f93-9804-e30eb33382ad,STORE_001,2024-02-04 18:16:00,SKU_0002,HomeGoods,2,289.68,590.67,UPI,CUST_00313,0,
78ba6f10-cf2e-4a12-8fb7-157f357597e1,STORE_013,2024-01-12 15:09:00,SKU_0301,Apparel,3,861.92,2602.54,cash,CUST_00190,0,
d4d38db4-ccd1-4681-aa20-82160d73d6c0,STORE_015,2024-01-29 14:33:00,SKU_0223,Grocery,3,76.43,228.55,cash,CUST_00321,0,
a8968fe6-1399-4b66-aba3-7b7ce3c4775b,STORE_002,2024-02-27 17:50:00,SKU_0433,Pharmacy,3,120.61,357.81,cash,CUST_00577,0,
34291459-ab95-42c7-a6df-ae3c4bee4d24,STORE_008,2024-01-06 13:00:00,SKU_0167,Grocery,4,2356.73,9519.38,wallet,CUST_00008,0,
73ba3a4d-bfee-4bf7-bdbd-48d5e9c6d47a,STORE_001,2024-01-01 10:35:00,SKU_0103,Apparel,5,200.94,995.07,wallet,CUST_00123,0,
7b5d7ab0-c5e6-4bcd-9338-c2e26d984bae,STORE_010,2024-03-21 18:38:00,SKU_0083,Apparel,4,55.07,217.31,wallet,CUST_00299,0,
5139de80-a4df-4592-8b3c-397ab0839425,STORE_003,2024-03-11 10:50:00,SKU_0100,HomeGoods,3,156.87,464.11,card,CUST_00203,0,
1055bd7f-641f-47c0-aed1-dd564b790515,STORE_010,2024-03-21 09:28:00,SKU_0226,Apparel,3,27.29,82.62,card,CUST_00374,0,
229a6ab9-3fbb-41f4-a642-61e88f9405fb,STORE_012,2024-03-15 14:50:00,SKU_0044,HomeGoods,2,303.14,609.74,card,CUST_00216,0,
ae8d8854-6595-4855-b890-c29d35cca72a,STORE_013,2024-03-25 14:03:00,SKU_0201,Pharmacy,1,477.85,469.63,UPI,CUST_00395,0,
f830badc-9bea-4dcf-8d2f-e8efd97789fb,STORE_001,2024-01-31 11:28:00,SKU_0427,Grocery,3,120.56,356.11,cash,CUST_00063,0,
218321a4-16e6-4e31-b03a-2e53ba3fba59,STORE_016,2024-02-22 14:11:00,SKU_0384,Pharmacy,2,171.55,344.94,UPI,CUST_00199,0,
af3b198e-f169-4733-a247-c1ee2b135b62,STORE_003,2024-01-28 17:01:00,SKU_0318,Electronics,5,523.42,2624.54,cash,CUST_00415,0,
0cf10ec2-2ef4-4d9d-94ec-6399826a004a,STORE_001,2024-01-20 20:05:00,SKU_0446,Pharmacy,1,61.64,62.1,card,CUST_00282,0,
059bd6c3-3f33-471f-8427-a0eab4bb78a1,STORE_008,2024-02-07 10:06:00,SKU_0390,Electronics,3,86.85,257.19,card,CUST_00428,0,
31ca3ab2-ba9e-46ff-af84-bcc7406497bc,STORE_006,2024-02-08 15:10:00,SKU_0326,Pharmacy,2,208.3,420.38,UPI,CUST_00381,0,
bd6f3d6d-ca6e-4a6b-8402-3ead16d08dfb,STORE_013,2024-01-08 09:39:00,SKU_0431,Grocery,5,136.95,696.69,wallet,CUST_00197,0,
677f5635-944e-4530-af38-36cbbad7d4c5,STORE_013,2024-03-18 10:19:00,SKU_0063,Pharmacy,2,197.62,396.84,UPI,CUST_00256,0,
e431fe7e-4d8b-459f-b757-d8a02d806f0d,STORE_003,2024-01-31 13:14:00,SKU_0409,Electronics,7,90.96,628.98,card,CUST_00578,0,
1d87b14f-2ed0-46e1-8e6f-3f1dd53792f1,STORE_019,2024-01-05 15:21:00,SKU_0148,Apparel,4,296.76,1195.57,UPI,CUST_00577,0,
d17b6f23-0cf5-4b88-b25d-10236fb5a143,STORE_003,2024-01-31 11:55:00,SKU_0366,Pharmacy,6,221.87,1322.86,UPI,CUST_00021,0,
b3bdcd69-4157-438b-a2b3-b12f226ac253,STORE_008,2024-02-24 13:12:00,SKU_0456,Electronics,6,387.93,2285.62,cash,CUST_00423,0,
9a0a66ec-71a2-4993-bfd7-e58d2e12d7d2,STORE_003,2024-03-13 20:01:00,SKU_0248,Grocery,2,293.47,582.3,wallet,CUST_00294,0,
0c30f14f-ba10-4a54-9dc1-13d18949fd42,STORE_018,2024-03-24 17:05:00,SKU_0045,Electronics,6,294.95,1798.41,wallet,CUST_00000,0,
164d5171-29b6-4d9a-bbb1-47883bd7ff27,STORE_002,2024-03-08 09:03:00,SKU_0185,Grocery,2,78.6,156.64,cash,CUST_00380,0,
170223b0-13ee-4a30-a5da-14a24d519002,STORE_001,2024-01-11 14:37:00,SKU_0204,Grocery,1,370.75,376.16,cash,CUST_00013,0,
bc3e9516-75c2-4ecd-809f-0efb911bb23e,STORE_007,2024-02-06 09:11:00,SKU_0468,HomeGoods,3,191.86,575.78,cash,CUST_00191,0,
b3cdc0e8-dca1-48fb-a4ea-222116736411,STORE_020,2024-03-17 21:45:00,SKU_0471,Grocery,4,218.81,875.83,UPI,CUST_00414,0,
42b43b77-0ffb-42c6-8225-cf8442b824f9,STORE_015,2024-01-10 19:41:00,SKU_0284,Electronics,2,578.29,1133.69,cash,CUST_00487,0,
5ed9d8ac-db23-4201-9bf8-b00e303bfb68,STORE_012,2024-02-17 10:59:00,SKU_0475,Electronics,2,140.6,282.74,cash,CUST_00247,0,
354895cb-923a-4a72-88ed-1b9cd529ecc0,STORE_015,2024-02-09 08:12:00,SKU_0218,Pharmacy,4,736.87,2901.24,UPI,CUST_00485,0,
c5b11ee9-5140-4c2f-b65c-1886c75e98b7,STORE_015,2024-02-06 08:19:00,SKU_0206,Pharmacy,6,793.97,4759.77,cash,CUST_00503,0,
d6ac0323-5e3f-4e1c-a1cc-b14565360420,STORE_008,2024-02-12 21:05:00,SKU_0418,Grocery,7,456.55,3165.21,cash,CUST_00268,0,
387b08a1-7224-44a6-b2c9-9bda71fccd50,STORE_003,2024-02-21 20:48:00,SKU_0334,Electronics,4,114.09,454.4,cash,CUST_00103,0,
5bb7e419-05d0-4618-813c-2324323fd8af,STORE_013,2024-03-24 10:48:00,SKU_0261,Electronics,1,43.49,43.55,UPI,CUST_00395,0,
b87f5609-c498-46f7-aba1-e00aca538486,STORE_010,2024-03-29 12:29:00,SKU_0228,Pharmacy,1,592.61,581.1,card,CUST_00008,0,
3f7751d1-fda0-4603-b1b4-a328e9a30fc4,STORE_006,2024-02-17 14:17:00,SKU_0353,HomeGoods,4,273.3,1083.78,card,CUST_00535,0,
a95623d7-3053-4666-9cf8-66380936452b,STORE_001,2024-03-28 21:22:00,SKU_0376,HomeGoods,2,137.73,280.85,UPI,CUST_00232,0,
7d36fe65-e6ab-44b8-8627-7842ba8c18fe,STORE_012,2024-03-13 13:47:00,SKU_0245,Grocery,1,639.26,627.94,cash,CUST_00456,0,
3d0862fb-caa6-4ffb-ad12-80d58cff559a,STORE_003,2024-02-22 14:07:00,SKU_0016,HomeGoods,3,125.49,373.75,UPI,CUST_00441,0,
1b7d94f7-1494-4cf0-95f2-891cec0ea30c,STORE_018,2024-02-28 12:13:00,SKU_0051,Electronics,2,178.06,353.58,card,CUST_00283,0,
fcfe083f-dc12-4929-9f2a-cc8937940bbe,STORE_003,2024-01-18 21:06:00,SKU_0072,HomeGoods,3,380.46,1135.87,UPI,CUST_00583,0,
464895c6-470f-42e4-ae33-8f60140591bb,STORE_002,2024-03-12 20:01:00,SKU_0231,Apparel,2,102.57,206.66,UPI,CUST_00477,0,
60f7f7ac-bd67-42da-8fa7-1f2336c53c08,STORE_013,2024-02-23 16:21:00,SKU_0307,Grocery,2,229.04,453.46,UPI,CUST_00530,0,
2f460012-1a42-4709-9fd5-d29040e4a0f4,STORE_002,2024-03-01 13:26:00,SKU_0402,HomeGoods,3,597.51,1789.68,cash,CUST_00056,0,
7fa9fd8a-c199-4c45-94a2-e6383743e9d7,STORE_002,2024-02-08 19:37:00,SKU_0117,HomeGoods,2,296.0,595.43,cash,CUST_00290,0,
3cf39458-72d1-4bad-855a-8071bb5b15f0,STORE_008,2024-02-04 20:48:00,SKU_0393,Apparel,4,678.17,2693.4,UPI,CUST_00571,0,
4788343c-7b4f-469d-927f-edf41e26528f,STORE_015,2024-03-24 18:23:00,SKU_0333,Electronics,1,619.15,630.26,cash,CUST_00487,0,
241c45c9-ce36-4f43-8ba4-6dd78ec057da,STORE_002,2024-03-10 12:16:00,SKU_0026,Electronics,2,251.55,512.75,card,CUST_00272,0,
ece25337-bfe8-40ff-8896-190ed38348a6,STORE_003,2024-02-10 21:34:00,SKU_0176,Pharmacy,3,38.55,113.89,UPI,CUST_00042,0,
32b48ea9-e781-408a-952c-5fb600e88b43,STORE_013,2024-02-04 14:17:00,SKU_0152,Grocery,6,103.22,615.45,wallet,CUST_00169,0,
00cf51fd-acf1-4a97-a7ea-aca88e381e06,STORE_019,2024-02-29 12:33:00,SKU_0443,Grocery,1,460.41,455.03,UPI,CUST_00343,0,
751813ee-ca96-480f-a866-a7161f1c15b1,STORE_008,2024-02-03 12:58:00,SKU_0460,HomeGoods,3,72.33,214.27,wallet,CUST_00385,0,
5c0761c5-1ac3-4648-b378-fd0ee2366363,STORE_002,2024-02-01 08:22:00,SKU_0409,Grocery,3,192.5,577.29,UPI,CUST_00554,0,
f72141a3-9016-4c04-992f-5e31c57bc2fc,STORE_001,2024-02-17 09:18:00,SKU_0264,Grocery,1,327.75,328.59,card,CUST_00055,0,
22b0c79e-3dfe-484c-9159-b97bc067b0ef,STORE_003,2024-01-15 15:43:00,SKU_0246,HomeGoods,5,810.07,4038.3,cash,CUST_00237,0,
92407ef3-c6b1-47a9-9ab2-43d171a218c0,STORE_002,2024-03-28 13:51:00,SKU_0156,Apparel,8,157.82,1251.07,UPI,CUST_00163,0,
e9833a0d-1d05-47e1-9b52-26522cf6eb9d,STORE_010,2024-01-20 18:33:00,SKU_0386,HomeGoods,3,149.41,444.26,wallet,CUST_00576,0,
2fd302d5-dea9-4c93-8def-b9e5e5817dd2,STORE_002,2024-03-09 18:31:00,SKU_0044,Electronics,4,239.73,977.8,card,CUST_00099,0,
54f58e44-8dc2-4f8c-b513-89d8f619badb,STORE_008,2024-01-24 15:49:00,SKU_0136,Apparel,2,331.02,673.26,cash,CUST_00132,0,
43d40273-cabe-4328-9026-99179a323f5c,STORE_010,2024-03-28 20:10:00,SKU_0068,Apparel,3,220.98,651.69,cash,CUST_00178,0,
67a321a8-9606-45f4-ac42-a07ee09a8b32,STORE_008,2024-02-23 09:40:00,SKU_0247,HomeGoods,3,578.75,1747.12,UPI,CUST_00063,0,
c66f91eb-6f96-4508-a349-222cb7d990c5,STORE_002,2024-03-30 08:39:00,SKU_0150,Electronics,1,131.91,131.68,UPI,CUST_00386,0,
db25aa15-c723-449f-9bbe-8aaea33efff5,STORE_013,2024-03-26 19:23:00,SKU_0099,Electronics,4,275.23,1109.23,cash,CUST_00314,0,
dfced970-5850-4122-b01c-352b3d95b141,STORE_012,2024-01-10 20:55:00,SKU_0188,HomeGoods,5,356.96,1791.72,cash,CUST_00334,0,
aa21fe8f-4e44-4db9-a13f-eca84eb6547c,STORE_012,2024-02-22 21:00:00,SKU_0430,HomeGoods,2,181.5,368.65,UPI,CUST_00544,0,
2e50cb59-4896-40c8-bc4f-4633b340e88d,STORE_002,2024-02-25 08:56:00,SKU_0279,Pharmacy,6,489.42,2885.66,card,CUST_00259,0,
80aebfe3-a283-4b53-bb88-9daa964e147d,STORE_002,2024-03-02 20:33:00,SKU_0411,Grocery,7,281.64,1959.62,card,CUST_00186,0,
1c71b657-3b32-4cc6-91f8-c1736c5c4816,STORE_018,2024-01-08 08:20:00,SKU_0457,Pharmacy,1,469.91,479.04,card,CUST_00225,0,
889f4750-d60d-44c7-b99b-45e82a867c29,STORE_006,2024-03-07 10:51:00,SKU_0451,Grocery,1,292.0,288.29,UPI,CUST_00480,0,
095465ec-7c9a-45b5-852c-8ee24bc02958,STORE_003,2024-01-22 14:12:00,SKU_0176,HomeGoods,5,337.84,1664.02,UPI,CUST_00317,0,
2f30e43b-e298-4b32-bf04-4e5fa3dd7d7e,STORE_007,2024-02-11 14:00:00,SKU_0438,Electronics,2,150.74,304.24,cash,CUST_00101,0,
266776db-21c4-48e4-99dd-7d06dcd7690d,STORE_010,2024-02-21 19:56:00,SKU_0454,Pharmacy,1,150.93,152.6,cash,CUST_00413,0,
3afcda00-b1b1-4116-9260-f6718637ca53,STORE_019,2024-01-30 20:52:00,SKU_0479,Grocery,1,665.79,670.38,UPI,CUST_00447,0,
d7a3d391-6808-4328-a496-d76bf18a7a46,STORE_003,2024-03-29 13:51:00,SKU_0176,Pharmacy,3,415.66,1260.76,UPI,CUST_00149,0,
ca04f4fa-edc3-4fff-9aa9-cd2eef42ae1d,STORE_018,2024-02-20 08:16:00,SKU_0114,Grocery,6,110.29,666.87,cash,CUST_00334,0,
2ee14a3a-5f83-4b73-a898-6533692d0c6f,STORE_001,2024-03-01 10:26:00,SKU_0292,HomeGoods,2,288.92,569.42,cash,CUST_00338,0,
fd5da74c-67e1-4140-9c84-9fb62eeb4833,STORE_008,2024-03-10 10:29:00,SKU_0465,Apparel,1,37.43,37.59,UPI,CUST_00105,0,
ac8ae96f-94d7-4887-a4b0-0303522abeae,STORE_008,2024-01-20 15:14:00,SKU_0450,Electronics,6,157.95,958.2,card,CUST_00005,0,
46eae905-d3ae-4286-a3c1-8debb83c532d,STORE_001,2024-03-27 09:57:00,SKU_0286,Electronics,4,539.31,2188.78,cash,CUST_00430,0,
af0eeb44-18f5-4e10-9e3c-0795be6a8f41,STORE_002,2024-03-12 19:51:00,SKU_0075,HomeGoods,2,226.18,447.77,UPI,CUST_00369,0,
960dc469-18c1-4845-a334-26591787fb82,STORE_006,2024-01-17 21:35:00,SKU_0211,Electronics,2,274.73,541.27,cash,CUST_00428,0,
fc0539d1-6850-44b5-a281-4c038d1b2c9b,STORE_019,2024-03-27 20:34:00,SKU_0357,Grocery,3,22.38,67.89,cash,CUST_00226,0,
f78413c7-3d48-49dc-a7a3-d9dfa2b9c3b6,STORE_008,2024-02-03 09:06:00,SKU_0280,Apparel,3,182.67,542.67,UPI,CUST_00309,0,
2f36e874-afcf-4855-9f9e-5b095c73709e,STORE_018,2024-02-05 19:30:00,SKU_0173,Grocery,2,327.69,643.11,cash,CUST_00588,0,
fd12239d-7ed2-4c19-8c89-62fe101749a8,STORE_013,2024-02-13 11:33:00,SKU_0171,Electronics,4,362.74,1469.83,cash,CUST_00135,0,
db7e2dc3-8914-488c-aa37-62420875ec8c,STORE_007,2024-02-27 21:43:00,SKU_0030,HomeGoods,4,539.88,2160.04,wallet,CUST_00391,0,
181c4c6c-8a20-4e92-9928-853abddbe97d,STORE_013,2024-02-24 20:25:00,SKU_0144,HomeGoods,3,211.29,629.47,cash,CUST_00079,0,
00542ed1-9eac-4215-ad09-d5f85a843bc4,STORE_001,2024-03-25 13:07:00,SKU_0335,HomeGoods,5,218.97,1073.45,UPI,CUST_00039,0,
30382d1c-5b66-4d61-b88b-a484c8b922cb,STORE_001,2024-02-07 09:07:00,SKU_0121,Pharmacy,4,86.12,338.08,wallet,CUST_00574,0,
f48755f5-1aed-4e0b-a197-9f057ec4367a,STORE_013,2024-03-20 19:13:00,SKU_0496,Electronics,3,212.27,644.26,wallet,CUST_00077,0,
684db2c4-094f-4e27-956d-0210947591ec,STORE_013,2024-03-16 08:17:00,SKU_0042,Apparel,2,91.12,182.16,wallet,CUST_00393,0,
191329e4-bab1-4e29-9a30-a54819e58041,STORE_003,2024-03-04 12:43:00,SKU_0294,Grocery,2,57.01,112.42,card,CUST_00308,0,
f99cfa95-b496-4517-8d9c-db7a44c1fb37,STORE_008,2024-03-19 08:01:00,SKU_0248,Pharmacy,1,104.93,104.34,wallet,CUST_00485,0,
536850cb-b8cf-4c7c-bc31-042d13018801,STORE_008,2024-03-25 15:30:00,SKU_0416,Apparel,2,835.82,1649.26,cash,CUST_00327,0,
b074acb6-42f3-4a2e-a824-3ef5160e7b8b,STORE_015,2024-02-11 14:41:00,SKU_0443,Electronics,3,201.34,594.67,card,CUST_00418,0,
639a4796-9418-4075-ae50-a1eded7e7971,STORE_008,2024-02-22 10:37:00,SKU_0272,HomeGoods,1,298.08,295.41,cash,CUST_00536,0,
de859a3c-1ecd-4856-a3c7-68b74cbd4b05,STORE_006,2024-03-01 09:22:00,SKU_0315,Electronics,1,165.78,166.11,UPI,CUST_00497,0,
16fc22f6-44f2-4a9d-a547-60a25feeafaf,STORE_006,2024-03-12 16:08:00,SKU_0349,Grocery,4,59.68,235.95,wallet,CUST_00433,0,
74347060-dcfd-444c-95b3-cc6c78264258,STORE_006,2024-01-04 16:27:00,SKU_0260,HomeGoods,3,528.66,1576.06,wallet,CUST_00097,0,
b2f1f7d2-f6a3-4e0a-aa63-d3227b3003fb,STORE_010,2024-03-27 15:55:00,SKU_0093,Apparel,1,43.98,43.94,wallet,CUST_00101,0,
051c1a16-a37b-46e8-9f65-a469c621bb2f,STORE_015,2024-01-20 14:08:00,SKU_0214,HomeGoods,3,160.39,479.63,cash,CUST_00298,0,
22eb6410-5c5b-4ffc-9bba-cf6ef5903019,STORE_007,2024-02-21 10:29:00,SKU_0121,Apparel,3,239.31,707.27,wallet,CUST_00395,0,
f7610645-97c8-44c9-bdc1-7e7888e536e3,STORE_003,2024-01-31 10:05:00,SKU_0232,Pharmacy,1,300.62,295.07,UPI,CUST_00400,0,
bbb90ad1-2b6f-4082-8fd0-693f32b91c8b,STORE_003,2024-02-16 21:11:00,SKU_0307,Apparel,6,139.81,823.27,card,CUST_00472,0,
072eb0f4-f581-40ea-a836-67c0b9a3c07f,STORE_012,2024-02-06 11:48:00,SKU_0105,Electronics,1,57.46,57.12,cash,CUST_00062,0,
0a21f6b2-4db7-418b-aa4c-4ab2ef3e759d,STORE_013,2024-02-07 21:14:00,SKU_0125,Electronics,3,131.71,398.59,cash,CUST_00104,0,
951a1476-8f31-43dc-ac59-5f08e2da2610,STORE_001,2024-01-08 16:39:00,SKU_0411,HomeGoods,2,137.34,270.63,wallet,CUST_00089,0,
4d07dae1-add1-4bbe-9e3d-799fec0f8e05,STORE_001,2024-03-30 20:53:00,SKU_0189,Electronics,3,134.69,408.71,card,CUST_00324,0,
bb4fcd57-f0c7-48e3-9377-21f344d2ff8e,STORE_008,2024-02-27 13:25:00,SKU_0099,Grocery,3,543.22,1643.72,UPI,CUST_00380,0,
d2b6ee04-efb5-4939-9ccd-22fec352ccc2,STORE_002,2024-01-13 14:21:00,SKU_0356,Electronics,3,94.69,278.43,wallet,CUST_00069,0,
b2a34766-155e-445b-bf05-73661bf2522d,STORE_013,2024-01-04 10:32:00,SKU_0358,Grocery,5,318.06,1560.2,card,CUST_00521,0,
2eff6565-afe8-416f-b519-f85ee9d69097,STORE_003,2024-02-03 21:28:00,SKU_0413,Apparel,3,283.75,840.87,cash,CUST_00182,0,
6fd04811-b170-4b7a-8033-4ed663534f7e,STORE_002,2024-03-27 17:02:00,SKU_0380,Electronics,5,539.06,2647.44,card,CUST_00396,0,
a475a5a3-d375-41fa-8e86-991b75d420f3,STORE_017,2024-01-19 17:32:00,SKU_0495,Apparel,2,224.74,450.04,cash,CUST_00450,0,
b91c8174-9433-41c0-9881-f77007be455a,STORE_002,2024-01-28 15:54:00,SKU_0287,Pharmacy,3,470.77,1386.3,cash,CUST_00021,0,
1fe65a57-3e97-448e-b3be-edb95e6dc5f2,STORE_003,2024-02-04 08:18:00,SKU_0144,Electronics,3,217.82,661.37,wallet,CUST_00518,0,
0c12ff14-7393-42c7-a01f-5f19228fe544,STORE_002,2024-03-25 18:50:00,SKU_0431,Electronics,2,353.89,707.58,card,CUST_00582,0,
54a05300-9e32-489d-9db2-f290122a44a2,STORE_002,2024-03-23 09:16:00,SKU_0133,Grocery,5,75.12,379.02,UPI,CUST_00575,0,
cf79a7ea-51d8-497a-933c-caa11b17a318,STORE_001,2024-01-06 08:50:00,SKU_0146,Pharmacy,1,30.29,30.59,UPI,CUST_00083,0,
991275f1-09fb-46c8-a34b-3915d3805f0d,STORE_001,2024-03-25 10:43:00,SKU_0414,Apparel,3,338.15,1014.72,UPI,CUST_00235,0,
9bd6b3a6-c8f9-432e-a0f9-9aaf8778cf19,STORE_002,2024-02-18 08:54:00,SKU_0440,HomeGoods,1,352.98,358.99,UPI,CUST_00139,0,
a88f3ade-b788-46e1-9487-a0e483bdec02,STORE_001,2024-03-19 15:42:00,SKU_0170,Electronics,6,365.72,2237.35,cash,CUST_00270,0,
a96a11ad-9af4-40c8-985c-0768cd9af01f,STORE_008,2024-02-05 19:26:00,SKU_0364,HomeGoods,4,164.27,653.38,UPI,CUST_00584,0,
0b3bfa2e-2362-4b0c-923f-8e02da8ba66d,STORE_010,2024-03-30 08:10:00,SKU_0461,Electronics,1,823.23,810.91,wallet,CUST_00457,0,
d5e0c9da-733f-40f3-bc7d-5f9420955f23,STORE_006,2024-03-28 12:18:00,SKU_0399,HomeGoods,3,173.05,516.31,cash,CUST_00462,0,
b933a0eb-361c-4a79-b54d-bcb937354502,STORE_003,2024-03-12 10:30:00,SKU_0003,Electronics,1,350.08,346.21,cash,CUST_00253,0,
36de3f28-c29f-41cc-86ab-fff1de9798f4,STORE_008,2024-01-26 10:57:00,SKU_0332,Pharmacy,1,402.29,402.79,UPI,CUST_00561,0,
2b8096a6-6116-4880-9380-c38b8d058dc9,STORE_015,2024-01-18 09:40:00,SKU_0085,Grocery,3,988.76,2951.85,wallet,CUST_00552,0,
a68e446c-dff9-4e19-88d7-4972f0b3b3a4,STORE_014,2024-03-19 09:42:00,SKU_0423,Electronics,4,194.0,775.39,card,CUST_00483,0,
991c4838-a278-4f71-b758-377e6f11c5d6,STORE_001,2024-02-18 19:07:00,SKU_0034,Grocery,1,148.25,149.81,wallet,CUST_00488,0,
43faeff2-64c1-4419-b451-1b8534b9ddfa,STORE_002,2024-03-28 16:50:00,SKU_0496,Electronics,5,75.41,373.64,cash,CUST_00391,0,
2e24fdb5-2fda-45c2-ab26-768ce2d9e78b,STORE_003,2024-02-02 21:37:00,SKU_0089,Electronics,3,865.54,2600.51,UPI,CUST_00057,0,
21dc54eb-2b85-4bef-b887-a9224e402d76,STORE_003,2024-01-12 20:47:00,SKU_0210,Apparel,4,350.23,1391.68,wallet,CUST_00170,0,
fe4d5f72-f008-4d85-80eb-c827069b362d,STORE_008,2024-01-28 15:23:00,SKU_0117,Grocery,4,359.21,1453.22,card,CUST_00461,0,
d53c7c28-e854-4406-b246-a9f7a429be44,STORE_006,2024-02-18 21:53:00,SKU_0407,Grocery,3,3025.48,9127.1,UPI,CUST_00196,0,
24d10cd7-25f3-48fc-8f58-06996965047b,STORE_001,2024-01-20 21:26:00,SKU_0197,Pharmacy,1,324.24,317.87,cash,CUST_00103,0,
e4fca22b-59b0-42c0-9d8f-1eb2bbc59bc0,STORE_006,2024-03-04 18:28:00,SKU_0372,Electronics,2,88.2,177.53,UPI,CUST_00568,0,
2425cf44-8f8d-4362-8ef7-7ceccaa0ed6c,STORE_008,2024-02-11 14:51:00,SKU_0034,Grocery,8,213.74,1687.36,UPI,CUST_00293,0,
30bf65dd-32eb-4b18-9ef8-683996f16bd1,STORE_001,2024-02-04 11:21:00,SKU_0226,Electronics,3,114.62,346.95,wallet,CUST_00516,0,
f10be8e4-7e38-4790-b7a0-9c8d6254a3c7,STORE_013,2024-01-18 13:06:00,SKU_0455,Apparel,3,182.14,547.89,cash,CUST_00170,0,
845c7e26-0a26-462c-8d9f-74f6607b6339,STORE_001,2024-01-09 18:04:00,SKU_0463,Grocery,6,181.16,1082.68,card,CUST_00215,0,
f5e7d6e4-f364-41d8-ace7-48d5be27c50c,STORE_018,2024-02-21 18:43:00,SKU_0105,Electronics,2,156.31,315.05,UPI,CUST_00205,0,
4c07f2c4-801f-4906-91e3-76bf3b6be166,STORE_001,2024-02-10 10:55:00,SKU_0197,Electronics,5,82.01,415.9,wallet,CUST_00223,0,
0cb262f1-c6e5-4bc3-ae3e-9f0e8471cd15,STORE_014,2024-03-16 16:05:00,SKU_0205,Pharmacy,1,893.78,903.75,cash,CUST_00262,0,
aafb16d1-a10e-45b1-9d3c-69eab87ad7b2,STORE_015,2024-01-04 12:09:00,SKU_0283,Electronics,3,317.52,954.29,UPI,CUST_00178,0,
684a52e7-2bf6-4492-adb2-7fed0ce6c40e,STORE_019,2024-03-18 10:16:00,SKU_0269,HomeGoods,4,208.74,842.4,wallet,CUST_00488,0,
74337036-f61b-4f55-bfad-4e7fad4ac409,STORE_013,2024-03-28 19:13:00,SKU_0053,Pharmacy,3,458.32,1370.23,UPI,CUST_00195,0,
ada29cc0-5f33-4835-97cc-3ee488624dc8,STORE_013,2024-02-04 15:39:00,SKU_0381,Apparel,2,364.42,737.27,card,CUST_00264,0,
cb93ecba-73e0-4bf8-acc6-ec6b3ab7ed7a,STORE_009,2024-03-25 20:58:00,SKU_0113,Grocery,2,311.69,631.58,cash,CUST_00516,0,
57f7a532-e6d7-43a3-812a-1e49a1448695,STORE_013,2024-01-04 11:33:00,SKU_0158,HomeGoods,2,432.45,852.35,card,CUST_00262,0,
56cd6b2c-7c2c-4ae7-bc22-8f33e914689e,STORE_002,2024-01-05 12:09:00,SKU_0420,Pharmacy,1,278.27,275.35,cash,CUST_00006,0,
011aa190-2cee-4a0a-bf0d-7a74fe547899,STORE_008,2024-03-24 08:08:00,SKU_0345,Electronics,1,427.36,423.43,cash,CUST_00000,0,
76ebc5eb-fbe9-46e6-bb00-493881ad56ee,STORE_008,2024-01-18 10:34:00,SKU_0198,Pharmacy,1,456.67,450.57,card,CUST_00261,0,
41e5f510-44ad-4953-97bc-a0f3849d7aa3,STORE_015,2024-02-02 20:15:00,SKU_0456,Pharmacy,4,284.76,1134.14,cash,CUST_00389,0,
03303e0e-053a-4338-b381-d4c94bdff23d,STORE_007,2024-02-18 17:37:00,SKU_0197,Electronics,3,209.59,621.05,cash,CUST_00565,0,
a1c34df7-bd1f-4a22-b4e3-f1a3090094d4,STORE_006,2024-03-12 10:30:00,SKU_0283,Electronics,2,850.46,1707.42,UPI,CUST_00078,0,
2620d4a1-bd52-4318-8e75-ae1fd7243564,STORE_008,2024-03-13 20:37:00,SKU_0123,HomeGoods,3,170.57,503.56,cash,CUST_00325,0,
e916b6fd-c709-4e3f-b3eb-5471125d9d24,STORE_003,2024-02-28 20:37:00,SKU_0092,Electronics,3,341.9,1016.26,cash,CUST_00173,0,
085c24f7-6feb-4d3c-83c5-fc9e8507b6fd,STORE_002,2024-03-26 09:20:00,SKU_0246,HomeGoods,5,348.13,1752.17,UPI,CUST_00270,0,
f5282b09-a407-44eb-8b82-00f7f6454313,STORE_007,2024-01-11 09:28:00,SKU_0281,Electronics,1,153.52,152.9,wallet,CUST_00265,0,
684c2b82-2de2-453b-9eeb-25bf8cf52bfb,STORE_006,2024-01-21 13:26:00,SKU_0403,HomeGoods,1,131.0,130.59,UPI,CUST_00187,0,
af2eccd3-7ce9-4d13-9c6c-bc431b8c8ab2,STORE_003,2024-02-25 21:50:00,SKU_0196,Grocery,2,188.36,381.21,cash,CUST_00010,0,
c37db7b1-e838-4e01-a0a0-ef7d45fbba6f,STORE_006,2024-02-04 12:46:00,SKU_0447,Electronics,1,168.63,171.9,cash,CUST_00044,0,
da67ca7c-db63-4a17-bca9-a4aa13d781f2,STORE_006,2024-01-12 15:25:00,SKU_0304,Electronics,3,77.86,234.19,UPI,CUST_00313,0,
0b9047d5-df8b-4726-bec2-bd1f1e581bcc,STORE_003,2024-01-17 16:19:00,SKU_0035,Electronics,5,148.45,729.75,UPI,CUST_00134,0,
d331194f-c4ba-482a-a22b-81f7c56537f0,STORE_006,2024-01-17 17:10:00,SKU_0369,Apparel,5,309.34,1522.13,card,CUST_00196,0,
305475ab-83bf-4da2-b3ff-ef5de71fed95,STORE_010,2024-03-01 10:26:00,SKU_0287,Electronics,4,688.29,2804.75,wallet,CUST_00054,0,
db5e2128-9677-47aa-ab89-e1e0b914aa5a,STORE_003,2024-03-13 11:46:00,SKU_0195,Pharmacy,4,389.54,1569.33,wallet,CUST_00029,0,
be3537b0-d61b-4f03-801b-be75292d438e,STORE_019,2024-03-05 20:10:00,SKU_0234,HomeGoods,1,31.24,31.56,UPI,CUST_00076,0,
c0a71e3c-2610-45fc-914d-7870b98559c6,STORE_016,2024-03-05 21:45:00,SKU_0151,Grocery,1,417.59,420.53,UPI,CUST_00226,0,
c2c7603a-b45e-41b8-852f-00494f0b93f6,STORE_007,2024-01-17 19:06:00,SKU_0307,Pharmacy,2,159.96,315.82,wallet,CUST_00098,0,
2f43e1a4-bff4-4c04-b58e-384bc1a0860e,STORE_003,2024-02-22 14:31:00,SKU_0283,HomeGoods,4,359.22,1433.91,cash,CUST_00138,0,
9d819a14-c0f2-40f4-a956-23540fb50fc6,STORE_008,2024-02-16 08:30:00,SKU_0224,HomeGoods,3,247.19,750.41,UPI,CUST_00181,0,
81a009b3-a30e-480b-aee2-a9107f88986a,STORE_014,2024-03-25 14:16:00,SKU_0143,Electronics,3,214.29,652.29,wallet,CUST_00174,0,
0a61f8a7-f091-48da-90d8-18472f31e4a5,STORE_010,2024-03-30 09:29:00,SKU_0199,HomeGoods,1,230.37,227.95,cash,CUST_00006,0,
19098f45-2b27-4b85-856b-855377d75ed9,STORE_013,2024-02-16 14:55:00,SKU_0249,Apparel,4,245.56,986.01,cash,CUST_00070,0,
0ea8f3bc-4719-4cd8-a621-85396dae410f,STORE_008,2024-02-07 21:04:00,SKU_0236,Pharmacy,5,732.88,3614.14,card,CUST_00570,0,
5600cec7-56ea-4cac-8f8c-2e7be06784f5,STORE_008,2024-03-07 16:14:00,SKU_0155,Apparel,1,246.1,250.61,card,CUST_00400,0,
62584084-4300-4273-aaf0-90a96ff50a45,STORE_003,2024-01-21 18:38:00,SKU_0291,HomeGoods,2,595.79,1179.77,wallet,CUST_00074,0,
6b0c9a88-646f-4fe0-b28f-6b6c8431ff35,STORE_012,2024-02-25 08:35:00,SKU_0114,Grocery,3,530.27,1605.23,card,CUST_00170,0,
10b0018a-42f8-4806-b802-a7f5ef37b0c6,STORE_002,2024-03-29 08:28:00,SKU_0250,Electronics,1,426.28,421.7,UPI,CUST_00229,0,
16c5e0e4-28a4-4d5f-9fb2-e85adfac821b,STORE_010,2024-02-14 20:16:00,SKU_0061,Electronics,3,59.87,180.44,wallet,CUST_00543,0,
21111a74-21b5-434c-b8b0-2f0ff77b6a1f,STORE_015,2024-02-12 18:03:00,SKU_0236,Pharmacy,2,610.8,1229.38,wallet,CUST_00527,0,
2f2bc7bb-6394-48f3-9087-eabdf4793a6c,STORE_002,2024-03-13 19:43:00,SKU_0392,HomeGoods,5,173.32,860.65,UPI,CUST_00462,0,
44787f10-22e1-448c-a2bb-93a367b2e8c6,STORE_008,2024-02-28 18:46:00,SKU_0409,Grocery,5,443.21,2244.31,wallet,CUST_00063,0,
799ccc78-84bf-450c-971d-9b47a872a1d1,STORE_001,2024-03-22 13:27:00,SKU_0347,HomeGoods,3,114.83,349.8,UPI,CUST_00294,0,
a0670b59-de19-4b2f-9dc0-27347bbd327a,STORE_012,2024-02-27 10:51:00,SKU_0373,Electronics,3,96.87,294.74,cash,CUST_00290,0,
e920694e-b34c-49c7-a193-ce35f63b6427,STORE_001,2024-03-10 16:18:00,SKU_0033,Electronics,1,1215.09,1206.87,UPI,CUST_00382,0,
913a2fac-9928-4354-bf20-9e7331acf9c5,STORE_018,2024-02-01 14:39:00,SKU_0171,Apparel,1,116.27,117.41,card,CUST_00506,0,
45ec8594-e0ca-4bea-9aaa-acd94765e7cc,STORE_002,2024-03-11 17:55:00,SKU_0327,HomeGoods,1,625.37,626.86,card,CUST_00192,0,
6d4f1d79-efc4-43c0-a8d1-2cbb10362a2a,STORE_019,2024-03-27 17:22:00,SKU_0400,Pharmacy,7,274.84,1931.01,UPI,CUST_00334,0,
68dbc23b-2a47-4df4-9a8d-ff288d32e2b4,STORE_013,2024-02-23 13:37:00,SKU_0291,HomeGoods,3,178.64,535.44,card,CUST_00158,0,
9f77e92a-6125-4c31-97cc-48bc004c9e1b,STORE_008,2024-03-14 13:30:00,SKU_0426,Grocery,1,241.19,242.16,cash,CUST_00126,0,
85912e27-0169-4eda-b33f-3f5ddcb045bb,STORE_013,2024-01-05 18:29:00,SKU_0137,Pharmacy,3,88.29,261.01,wallet,CUST_00187,0,
f75ea2fe-afdb-4ebc-ac69-a1b273bf7687,STORE_013,2024-02-11 15:12:00,SKU_0077,Apparel,4,247.26,985.43,UPI,CUST_00441,0,
372578fb-dd84-4bcd-92a5-ccc5aabe0975,STORE_019,2024-02-23 18:20:00,SKU_0044,Pharmacy,1,105.14,103.78,UPI,CUST_00262,0,
4778ec2c-6785-443f-99f5-483f2d164ad4,STORE_003,2024-01-12 13:11:00,SKU_0291,Electronics,5,182.2,902.99,wallet,CUST_00408,0,
6af12be0-4be3-4343-9a6c-2bfa17826110,STORE_008,2024-02-03 16:06:00,SKU_0332,Electronics,5,524.11,2581.54,UPI,CUST_00414,0,
cc54c7d1-79f8-4d7f-8409-26676c5050cf,STORE_001,2024-03-08 11:53:00,SKU_0143,Electronics,1,306.38,302.86,UPI,CUST_00217,0,
dd855e97-8c16-4ff4-b191-482eecfd741c,STORE_008,2024-03-06 11:33:00,SKU_0392,Pharmacy,3,76.38,231.72,wallet,CUST_00573,0,
52d9962b-adee-4aaa-9ea3-c10321be9b58,STORE_002,2024-01-10 09:57:00,SKU_0369,Electronics,4,494.06,1980.18,card,CUST_00027,0,
cad70511-d7f6-4524-a037-be88523bddc1,STORE_008,2024-03-13 10:16:00,SKU_0180,Pharmacy,2,248.58,487.69,wallet,CUST_00538,0,
13387f3b-2793-4468-9cbe-74950d11c73b,STORE_008,2024-01-18 13:17:00,SKU_0120,HomeGoods,6,162.02,983.34,UPI,CUST_00004,0,
b89efe25-68b5-4ad1-a0a3-2a42eaff9f76,STORE_007,2024-01-30 15:11:00,SKU_0371,Electronics,2,454.32,923.52,cash,CUST_00229,0,
76600281-f0d6-4172-8be6-94cd204b1fee,STORE_008,2024-03-20 18:45:00,SKU_0336,Pharmacy,1,218.7,222.03,cash,CUST_00495,0,
368156c5-a735-43e7-93ba-a3cff8f7af20,STORE_013,2024-01-16 17:50:00,SKU_0086,Electronics,3,98.39,298.98,wallet,CUST_00410,0,
07fd4e3b-e182-4b2d-a520-79a429143f81,STORE_013,2024-01-16 18:21:00,SKU_0128,Electronics,2,1096.31,2235.79,wallet,CUST_00192,0,
a92f973d-aab4-4100-ab2f-bd7e9b040bd1,STORE_007,2024-03-11 14:48:00,SKU_0243,Apparel,3,246.57,742.27,wallet,CUST_00531,0,
cbced612-aa61-43ee-b965-43f9401668d6,STORE_008,2024-01-14 13:16:00,SKU_0256,Grocery,3,234.24,715.72,cash,CUST_00082,0,
ce93da26-7aa7-45b2-9f6d-28fc50d21504,STORE_018,2024-01-23 12:22:00,SKU_0083,Grocery,3,180.8,552.14,wallet,CUST_00402,0,
c8c42b81-582e-4221-84e7-be886e07d7e5,STORE_002,2024-01-12 17:33:00,SKU_0474,Electronics,3,642.54,1913.22,wallet,CUST_00311,0,
8c13d39f-7f5d-4868-adc3-4cfa1ede3a6b,STORE_002,2024-03-15 17:08:00,SKU_0194,HomeGoods,3,164.28,500.0,wallet,CUST_00124,0,
62612afa-4706-4c6c-8bd1-8e88325b20d6,STORE_001,2024-01-07 13:28:00,SKU_0191,Electronics,3,72.64,220.47,card,CUST_00552,0,
0bf5bf21-c733-4706-aa63-311b45a325ef,STORE_010,2024-01-22 18:34:00,SKU_0031,Grocery,4,145.26,587.45,UPI,CUST_00459,0,
e7961f6e-0492-451d-914c-9d5b8bc43fc4,STORE_006,2024-03-08 09:48:00,SKU_0437,Apparel,3,722.62,2202.22,card,CUST_00005,0,
461d201b-8979-4c26-85cc-1a6336e605e6,STORE_013,2024-01-19 14:26:00,SKU_0118,Apparel,3,486.47,1452.65,cash,CUST_00052,0,
32f3d214-ae2a-4505-8ba1-c368358c47fa,STORE_010,2024-03-14 11:14:00,SKU_0493,HomeGoods,4,203.86,812.18,UPI,CUST_00033,0,
b169ab47-0159-47a3-b5f6-1429c9df50a3,STORE_003,2024-01-31 13:10:00,SKU_0248,Grocery,3,749.99,2262.57,cash,CUST_00249,0,
e8a94e3f-bf64-444d-9915-7855b636aff3,STORE_015,2024-01-16 11:28:00,SKU_0437,HomeGoods,3,454.78,1377.32,cash,CUST_00250,0,
de7c00c9-cdd9-4703-a462-a57f946267c3,STORE_013,2024-01-31 13:43:00,SKU_0090,HomeGoods,5,201.98,1025.24,cash,CUST_00434,0,
ffa00952-4228-4c5a-b942-0e9a0fbd10ca,STORE_003,2024-01-22 20:45:00,SKU_0083,Grocery,4,218.93,888.89,card,CUST_00405,0,
5f950daa-882b-46fe-a0f1-823d12505b49,STORE_006,2024-01-16 12:11:00,SKU_0400,Grocery,2,325.35,656.46,cash,CUST_00009,0,
e97e4878-b0ec-47d0-9630-3056236a4f56,STORE_003,2024-01-25 13:07:00,SKU_0410,Apparel,4,128.5,523.39,wallet,CUST_00285,0,
47e2f349-fd55-4bed-91ab-d7979ab1af05,STORE_002,2024-01-02 14:42:00,SKU_0272,Apparel,5,250.9,1238.37,wallet,CUST_00470,0,
e1fd2084-1be4-42e9-882a-9b09ea8ff51e,STORE_002,2024-01-28 20:22:00,SKU_0017,Electronics,3,319.98,977.23,wallet,CUST_00538,0,
6f7a0a60-39af-496f-8c60-ffa559153a6a,STORE_018,2024-03-22 11:32:00,SKU_0471,Apparel,3,64.84,191.13,card,CUST_00175,0,
effa6468-d0f4-4216-82f9-0a9cc1fefbf0,STORE_007,2024-03-09 08:55:00,SKU_0197,Electronics,5,214.86,1076.69,cash,CUST_00026,0,
8694c63b-a9c5-43b4-8702-c0f56d2b4098,STORE_006,2024-02-02 14:37:00,SKU_0468,Apparel,3,196.18,578.89,UPI,CUST_00091,0,
1655ea3c-483e-4f92-98fc-aff9fc4a77d8,STORE_012,2024-02-27 08:52:00,SKU_0435,Pharmacy,1,569.02,570.57,UPI,CUST_00204,0,
ac1fe196-db59-4a60-88e2-318fb483ebf3,STORE_008,2024-02-26 21:28:00,SKU_0425,Apparel,8,57.16,455.27,cash,CUST_00265,0,
b67ef1fb-08e1-4ffd-9542-bb658d90688e,STORE_018,2024-02-25 14:53:00,SKU_0344,HomeGoods,3,184.24,543.47,wallet,CUST_00210,0,
0455e9ea-cacf-4da8-9199-90c3df38d15b,STORE_013,2024-03-15 20:30:00,SKU_0336,Grocery,2,170.04,342.09,card,CUST_00054,0,
78b2fc22-3201-4cc0-b5ca-3afb59e1d06d,STORE_007,2024-03-12 13:27:00,SKU_0266,Pharmacy,2,538.89,1087.75,wallet,CUST_00204,0,
f95d4cc4-1406-415d-9459-23dcc2f2f1f6,STORE_006,2024-03-09 09:42:00,SKU_0013,Pharmacy,2,241.44,476.59,cash,CUST_00173,0,
5c68000b-78fb-47f4-98be-64fe8deafeb4,STORE_020,2024-01-02 16:28:00,SKU_0194,Pharmacy,1,1051.88,1060.06,card,CUST_00292,0,
218d06ac-f982-41e2-aed2-e19fa807f114,STORE_012,2024-02-12 14:29:00,SKU_0365,HomeGoods,2,424.64,838.38,card,CUST_00047,0,
9a94a3c6-0e1a-42a6-af2f-8f3eff7f0d80,STORE_019,2024-02-06 14:34:00,SKU_0406,HomeGoods,2,180.06,354.9,cash,CUST_00474,0,
5c4c5cc3-2727-432a-92d1-7378dd17a737,STORE_002,2024-03-09 15:38:00,SKU_0280,Apparel,4,302.83,1194.23,UPI,CUST_00250,0,
3951a72f-32f0-4b96-b6f4-6cc1dde84597,STORE_014,2024-03-16 21:06:00,SKU_0355,Pharmacy,4,188.33,756.31,wallet,CUST_00190,0,
bea26eb2-c772-47be-84ca-78b842e5a8d6,STORE_008,2024-03-05 11:11:00,SKU_0011,Pharmacy,2,497.19,1005.47,UPI,CUST_00543,0,
62469f44-e411-423d-a5f2-751cac1b17dd,STORE_002,2024-03-12 08:50:00,SKU_0234,Apparel,2,86.12,172.91,card,CUST_00446,0,
4c8321b9-167e-4b25-bed5-43a316b69797,STORE_008,2024-03-10 21:40:00,SKU_0254,Electronics,2,129.35,261.9,UPI,CUST_00082,0,
8af21c99-07ef-43af-af68-2304f8ac5e02,STORE_010,2024-03-19 09:53:00,SKU_0446,Electronics,4,359.97,1445.15,card,CUST_00087,0,
32f84c16-aebd-4d49-b252-3b5f5afd075f,STORE_001,2024-01-15 12:07:00,SKU_0156,Grocery,2,666.52,1348.89,card,CUST_00001,0,
8e5f7fc6-f726-4d04-b946-25d129378461,STORE_007,2024-02-06 18:16:00,SKU_0115,Electronics,4,42.94,175.03,wallet,CUST_00336,0,
378c0b79-12de-44bd-b07a-e0f918e47f89,STORE_013,2024-03-14 16:37:00,SKU_0176,Grocery,1,750.72,747.45,UPI,CUST_00212,0,
b9702d42-2a4f-4271-b81c-ace3f54fcbc9,STORE_003,2024-03-25 14:20:00,SKU_0086,Electronics,5,223.49,1101.8,card,CUST_00225,0,
471227e0-fcfd-4dc1-a768-86ccb4d89353,STORE_007,2024-03-30 15:36:00,SKU_0279,Pharmacy,3,55.39,163.75,card,CUST_00305,0,
0b152342-fb08-4292-81b6-3994e0549d06,STORE_007,2024-01-27 11:10:00,SKU_0321,Electronics,3,22.65,68.21,wallet,CUST_00323,0,
1f04101b-2738-4254-8044-bf6d5098c526,STORE_003,2024-01-21 10:44:00,SKU_0400,HomeGoods,7,73.55,515.82,UPI,CUST_00000,0,
f3094464-3847-4314-9aee-68391cc54185,STORE_017,2024-01-06 16:56:00,SKU_0486,Grocery,2,246.09,485.96,cash,CUST_00064,0,
b77fd9dc-4f02-4b42-a5c8-6f6e4f89ad73,STORE_013,2024-03-09 13:03:00,SKU_0037,Electronics,1,237.16,240.78,wallet,CUST_00473,0,
bf1529a4-9c7a-4990-980d-00c8f7e4ffc3,STORE_001,2024-03-16 08:40:00,SKU_0124,HomeGoods,1,414.89,422.47,UPI,CUST_00572,0,
f532e39b-4007-467c-826b-399ce3221e34,STORE_020,2024-03-01 10:44:00,SKU_0151,Pharmacy,4,161.08,637.96,card,CUST_00502,0,
7895f3f1-94d5-4ad4-8864-81aad8f18d8a,STORE_015,2024-01-16 11:48:00,SKU_0125,HomeGoods,3,103.03,305.47,wallet,CUST_00543,0,
c603d431-e2db-4fcf-b057-cb779062a2a0,STORE_003,2024-03-29 11:55:00,SKU_0413,Pharmacy,2,179.65,355.19,wallet,CUST_00278,0,
7bcc91d8-0099-47bd-8d78-5caa79768533,STORE_014,2024-03-23 18:08:00,SKU_0070,Apparel,3,256.81,766.96,wallet,CUST_00495,0,
2100651b-9c33-4b74-968d-648968be5230,STORE_001,2024-01-27 17:59:00,SKU_0015,HomeGoods,4,300.69,1219.75,card,CUST_00529,0,
324f2b4c-3fce-4b63-b32a-bd998f94f720,STORE_020,2024-03-14 13:14:00,SKU_0430,Electronics,4,132.97,533.92,wallet,CUST_00535,0,
fded50a8-9c91-456d-86dc-dc82fd7feb3a,STORE_010,2024-03-27 11:20:00,SKU_0480,Pharmacy,1,514.2,505.31,wallet,CUST_00089,0,
882fe81a-79cb-45f7-aac3-82bbaf3ef8bc,STORE_010,2024-03-27 15:15:00,SKU_0113,HomeGoods,1,152.07,151.91,wallet,CUST_00088,0,
e4624616-5546-4ff1-927b-bcb228340bd6,STORE_001,2024-01-01 14:59:00,SKU_0167,Grocery,3,124.67,367.88,UPI,CUST_00241,0,
284b4bff-1c7e-492a-9785-91a2cee8218d,STORE_015,2024-02-08 17:15:00,SKU_0252,Grocery,2,161.99,322.76,card,CUST_00302,0,
2e10fbe9-983d-445e-aeda-98f088f73ed6,STORE_001,2024-03-10 18:36:00,SKU_0263,HomeGoods,2,590.71,1176.86,cash,CUST_00574,0,
20a0ab66-a6ab-4fef-8d97-03994bbf2b52,STORE_003,2024-03-10 16:22:00,SKU_0495,Electronics,4,224.8,904.54,wallet,CUST_00190,0,
d13c1cc7-c624-4695-a38c-ba3e8069cb4a,STORE_002,2024-03-07 19:50:00,SKU_0202,Pharmacy,2,143.43,287.43,UPI,CUST_00498,0,
b0cbc55e-a101-47d4-a5e8-44c4ae98c4f2,STORE_013,2024-01-20 17:00:00,SKU_0007,Grocery,2,524.45,1064.62,wallet,CUST_00532,0,
b59bf933-70c3-4de0-8136-1fbba5f3817b,STORE_002,2024-02-21 15:21:00,SKU_0211,Electronics,5,1388.06,6806.01,UPI,CUST_00579,0,
4aca9bb9-652d-4b43-a63f-2550a9c85ad9,STORE_015,2024-03-30 20:02:00,SKU_0278,Grocery,3,295.66,896.7,UPI,CUST_00113,0,
ba0b4387-3f07-45b9-bd62-b521e7d13920,STORE_010,2024-01-19 10:53:00,SKU_0258,Pharmacy,7,670.84,4606.22,cash,CUST_00145,0,
6913b1e7-3ca9-4663-be69-c99c1adcb1e9,STORE_001,2024-02-16 18:48:00,SKU_0256,Grocery,1,572.68,568.2,card,CUST_00131,0,
4e7a584f-250d-48e3-a8b6-3e2cc6ec68a0,STORE_001,2024-03-10 09:08:00,SKU_0461,Apparel,3,154.0,469.02,UPI,CUST_00441,0,
1a0c8644-59fe-4e4d-beab-dff8045f5399,STORE_001,2024-02-05 12:44:00,SKU_0403,Pharmacy,3,255.38,771.98,cash,CUST_00412,0,
079b083d-6a50-4149-87a2-4df39dcbdce9,STORE_008,2024-01-15 13:14:00,SKU_0126,Electronics,4,89.61,353.74,cash,CUST_00244,0,
57484469-07ae-47f9-99c9-e9b014bf9079,STORE_013,2024-01-17 10:11:00,SKU_0178,HomeGoods,2,212.2,424.24,UPI,CUST_00053,0,
67283d0b-c610-42fe-a6f7-11b0eee338f7,STORE_003,2024-02-20 13:26:00,SKU_0334,Grocery,3,151.49,458.5,cash,CUST_00312,0,
cc68cbc1-91d7-4e6c-947b-3f9e9725a793,STORE_014,2024-02-13 18:51:00,SKU_0205,HomeGoods,2,181.12,368.58,UPI,CUST_00439,0,
539392db-f978-42ee-bfa7-27c543ffa811,STORE_001,2024-02-17 16:44:00,SKU_0214,Electronics,4,137.21,551.79,card,CUST_00284,0,
6c04716b-2810-449d-8d48-0d9bcdc3b497,STORE_013,2024-03-03 09:58:00,SKU_0084,Electronics,1,198.7,194.92,card,CUST_00160,0,
3692770c-58e9-481e-9a7f-64412371d59a,STORE_018,2024-01-15 13:39:00,SKU_0127,HomeGoods,3,382.7,1148.09,cash,CUST_00355,0,
dd086863-11d2-43e6-90c9-84cf9c36e4ed,STORE_013,2024-02-06 11:55:00,SKU_0370,Pharmacy,1,227.21,224.06,card,CUST_00396,0,
48096cf4-25bd-4d97-8a19-3d68388e357c,STORE_011,2024-01-07 11:59:00,SKU_0421,Pharmacy,4,56.26,220.97,UPI,CUST_00354,0,
375d8e9e-ecbd-4fce-95c4-8f56709141e0,STORE_014,2024-03-06 09:45:00,SKU_0392,HomeGoods,6,137.63,829.03,UPI,CUST_00523,0,
42b617f7-a530-438d-9ff7-b702f914ee0f,STORE_001,2024-03-28 09:24:00,SKU_0154,Apparel,2,74.14,149.92,card,CUST_00188,0,
1d1394e9-d67b-49ab-b45b-0a9d45d015a7,STORE_002,2024-02-12 09:12:00,SKU_0069,Electronics,1,303.9,298.26,cash,CUST_00365,0,
f6e20239-9390-4703-9c0f-d76da58736c0,STORE_002,2024-01-16 10:24:00,SKU_0080,Grocery,1,373.95,378.19,wallet,CUST_00513,0,
bf39f25c-72a3-4d71-ac29-fe0a65cb2cf7,STORE_008,2024-02-11 11:17:00,SKU_0197,HomeGoods,3,306.95,928.45,wallet,CUST_00127,0,
d021adfb-4aed-45b7-bae1-d3834e48e688,STORE_012,2024-01-18 19:12:00,SKU_0259,Grocery,3,133.16,403.51,wallet,CUST_00168,0,
d386c67e-3bc3-498e-86ff-ca2d9961a6ac,STORE_008,2024-03-22 15:48:00,SKU_0446,Apparel,4,304.58,1205.88,card,CUST_00029,0,
d1ea448e-2903-4064-89bd-c0af5bf1e537,STORE_014,2024-02-27 11:36:00,SKU_0449,Electronics,4,171.63,683.6,UPI,CUST_00224,0,
2209373f-7be9-41d6-9674-a1ffddbd3e71,STORE_002,2024-01-25 09:15:00,SKU_0002,Apparel,1,100.57,99.04,cash,CUST_00026,0,
6d9b9ec1-1d1d-4fb8-950f-499e3c7fb7ce,STORE_012,2024-01-25 09:01:00,SKU_0354,Grocery,1,452.6,447.87,wallet,CUST_00447,0,
c4912d35-63a7-4db0-bd01-6215c243fad0,STORE_002,2024-03-25 15:24:00,SKU_0150,Electronics,4,481.01,1908.86,cash,CUST_00053,0,
a9c1d096-ce5e-4d87-be6e-652936650f18,STORE_003,2024-03-24 11:24:00,SKU_0099,Electronics,1,534.1,530.24,card,CUST_00415,0,
e6a57045-26c5-4c61-9f82-a7ec9b2e0009,STORE_012,2024-03-17 16:23:00,SKU_0277,Apparel,1,153.67,151.67,wallet,CUST_00347,0,
2d582821-be18-401f-a513-09b3f098cbd0,STORE_019,2024-01-24 08:05:00,SKU_0017,Grocery,5,642.23,3171.17,UPI,CUST_00592,0,
f0193875-c283-4ccd-bdb2-71583f433321,STORE_008,2024-01-15 19:38:00,SKU_0167,Electronics,6,168.44,1026.87,wallet,CUST_00208,0,
dbd4bd04-b1b6-4834-8c44-0288240c1cab,STORE_001,2024-02-09 18:09:00,SKU_0276,Apparel,1,421.69,426.48,card,CUST_00206,0,
5093fc93-b301-4621-bff9-42b647085cc5,STORE_008,2024-01-19 13:55:00,SKU_0136,Electronics,2,166.12,330.17,cash,CUST_00145,0,
dc80cba2-9bde-4b24-8f33-cf103e35ec2e,STORE_001,2024-02-25 19:14:00,SKU_0297,Electronics,1,208.99,212.73,cash,CUST_00322,0,
48d9d787-1041-4fa1-a65f-a1d950ae373d,STORE_015,2024-03-17 09:13:00,SKU_0230,Electronics,1,36.04,35.66,cash,CUST_00131,0,
eb50a9d9-beac-47ab-9ad3-5852ef189f5b,STORE_012,2024-02-17 08:51:00,SKU_0399,Apparel,1,196.36,195.63,cash,CUST_00068,0,
7a60ddf7-2415-4501-b979-cc067105cafb,STORE_002,2024-03-19 15:18:00,SKU_0091,Pharmacy,4,268.9,1089.09,card,CUST_00569,0,
0710517f-6201-44fa-a116-117790c61ae2,STORE_001,2024-01-09 16:32:00,SKU_0029,Grocery,2,180.08,359.34,cash,CUST_00407,0,
f55ef6d1-7947-4797-b6f0-a1cdd326320c,STORE_002,2024-03-09 16:07:00,SKU_0265,Grocery,1,1018.83,1008.02,cash,CUST_00071,0,
445d7e83-181a-4617-b34d-fecb745bf683,STORE_019,2024-01-11 18:09:00,SKU_0129,Grocery,2,98.64,196.24,card,CUST_00370,0,
a108455c-92c5-46b1-bcda-b277ee8ac369,STORE_007,2024-03-25 09:43:00,SKU_0353,Grocery,1,159.27,159.27,UPI,CUST_00182,0,
d1ce2ff6-43c6-4598-8424-8fe7f891197f,STORE_013,2024-03-28 14:03:00,SKU_0047,HomeGoods,2,121.21,243.59,UPI,CUST_00108,0,
83fa7a8e-6fa1-4d82-b825-65800b021fdd,STORE_008,2024-03-19 10:31:00,SKU_0288,Grocery,1,159.24,158.64,cash,CUST_00282,0,
d8bf8cb6-d427-420c-802f-d9d3b958d1c1,STORE_008,2024-03-29 18:02:00,SKU_0494,HomeGoods,6,570.54,3413.83,wallet,CUST_00472,0,
7d57da00-eef4-49ae-9ac5-562824c9e75a,STORE_002,2024-03-14 10:44:00,SKU_0047,Pharmacy,1,815.57,807.87,UPI,CUST_00000,0,
4153ea45-1b1d-4943-858a-781be80ced5b,STORE_019,2024-02-25 12:25:00,SKU_0151,Pharmacy,2,142.71,285.82,card,CUST_00213,0,
86ddf773-4d58-4dc7-ad1b-fd6ecbd3f9de,STORE_003,2024-01-11 21:14:00,SKU_0422,Apparel,2,140.2,277.25,card,CUST_00552,0,
10186f3e-b84f-4dd1-b0db-84f08bbc6bb0,STORE_008,2024-01-28 15:40:00,SKU_0267,HomeGoods,3,99.06,301.55,wallet,CUST_00236,0,
762f9387-1b42-4cc1-aa89-b671447d2e52,STORE_012,2024-02-15 15:34:00,SKU_0088,Pharmacy,2,710.87,1435.81,card,CUST_00059,0,
882dee75-f0c7-490d-81c5-ad94fa37fed6,STORE_010,2024-03-18 13:49:00,SKU_0107,HomeGoods,5,612.94,3053.7,cash,CUST_00257,0,
2157d05c-9509-457d-a3d4-1611887c188d,STORE_019,2024-03-11 21:54:00,SKU_0382,Grocery,3,229.68,695.85,card,CUST_00409,0,
cb39424e-194a-4e0b-bd01-db1a3b0314a9,STORE_002,2024-03-12 11:46:00,SKU_0430,Electronics,3,81.82,240.62,cash,CUST_00597,0,
c02f5d22-485f-4efa-8f9e-2fd6df4237ae,STORE_008,2024-03-07 12:40:00,SKU_0180,Electronics,8,87.89,698.75,cash,CUST_00377,0,
31a880b2-0f47-407b-a1b2-f33b7eec6251,STORE_006,2024-01-23 15:47:00,SKU_0237,Pharmacy,4,286.56,1143.5,card,CUST_00030,0,
88894968-99af-4795-bca5-f6a2e8fdbec5,STORE_007,2024-01-17 12:47:00,SKU_0391,Apparel,4,387.97,1550.01,cash,CUST_00485,0,
6c771623-efb3-4643-954e-3bfe52ce1504,STORE_002,2024-02-10 21:00:00,SKU_0089,Grocery,2,47.87,96.69,card,CUST_00468,0,
796ccf01-d205-4e05-9f6f-733893b4e190,STORE_002,2024-03-05 19:55:00,SKU_0103,Grocery,3,193.33,590.73,cash,CUST_00390,0,
b979108d-3841-4cfa-8588-b199c3d36d5e,STORE_003,2024-01-15 21:23:00,SKU_0387,Grocery,6,912.42,5448.24,UPI,CUST_00537,0,
d55dc1b4-1dec-4d7c-b285-0ee5102a639b,STORE_003,2024-02-01 12:38:00,SKU_0094,Pharmacy,2,210.07,417.63,cash,CUST_00461,0,
aa6cf2eb-cbb8-45ca-88b1-196c1b665a60,STORE_007,2024-02-29 14:04:00,SKU_0385,HomeGoods,2,823.18,1653.64,cash,CUST_00139,0,
1de355f9-4bed-4460-8a3d-9560c5beac48,STORE_008,2024-03-29 11:05:00,SKU_0249,Pharmacy,3,420.19,1249.54,wallet,CUST_00252,0,
24e7866d-b826-4c94-8d10-e30a43a8c0ce,STORE_008,2024-02-23 13:36:00,SKU_0495,Grocery,2,105.01,207.01,cash,CUST_00304,0,
c9cac9eb-e95a-4006-9d74-7d3d72d617f8,STORE_006,2024-03-19 09:17:00,SKU_0017,Apparel,3,197.81,604.39,card,CUST_00293,0,
17ffd974-7d59-4496-9142-551c156ee2ce,STORE_006,2024-02-16 19:36:00,SKU_0473,Electronics,1,225.54,228.33,UPI,CUST_00383,0,
c717f7f3-7c51-4b0a-9afb-32b8b18583ad,STORE_002,2024-02-04 16:58:00,SKU_0113,Pharmacy,3,116.68,356.46,card,CUST_00420,0,
340cef2e-bb64-4e92-9171-38af9b4cd306,STORE_008,2024-02-13 20:46:00,SKU_0018,Apparel,2,115.07,227.54,card,CUST_00062,0,
47020e45-2dd5-4b6d-89a2-422f4f7bc2da,STORE_003,2024-01-28 11:46:00,SKU_0362,Apparel,1,834.54,818.44,cash,CUST_00341,0,
a41b4a13-4a38-4aa9-8226-02b484cdc606,STORE_001,2024-01-19 12:14:00,SKU_0266,Apparel,5,114.39,570.51,card,CUST_00023,0,
11a064ee-65bb-40dc-bc66-4a8a08fa31b5,STORE_006,2024-02-24 12:39:00,SKU_0418,Grocery,1,592.42,602.7,wallet,CUST_00306,0,
5e7dd3f6-813f-462c-b8f1-08cb5b74307c,STORE_007,2024-03-25 19:56:00,SKU_0055,Pharmacy,5,176.32,868.85,UPI,CUST_00253,0,
48eca25b-e3dd-4c0e-9f92-169ae7c3a954,STORE_002,2024-01-03 14:13:00,SKU_0041,Apparel,1,244.92,241.17,wallet,CUST_00123,0,
8aa031d5-0b5f-408f-8157-0fa81a3bdca7,STORE_008,2024-03-23 17:19:00,SKU_0284,HomeGoods,3,391.87,1155.34,UPI,CUST_00594,0,
730f72c9-c074-4bb4-ae0b-46bc6d9ac167,STORE_008,2024-02-20 16:29:00,SKU_0441,Electronics,6,154.87,939.07,wallet,CUST_00154,0,
6485bc10-066f-43be-ae3a-3b54a14c8591,STORE_012,2024-02-12 08:27:00,SKU_0203,Grocery,5,393.78,1991.42,card,CUST_00033,0,
f09ed453-ded0-404a-80f0-f6cbd223115d,STORE_010,2024-02-01 19:51:00,SKU_0398,Pharmacy,2,48.63,98.02,UPI,CUST_00215,0,
a80057ea-2519-4924-86a2-20180b7c9232,STORE_010,2024-03-08 08:50:00,SKU_0453,Electronics,4,355.39,1396.16,UPI,CUST_00454,0,
1d077812-8272-493c-b542-d19a07e9c1fc,STORE_003,2024-02-05 13:56:00,SKU_0434,Electronics,3,34.7,105.03,wallet,CUST_00005,0,
1226ed80-d5ed-455a-8fc2-e7668f513931,STORE_013,2024-03-19 08:21:00,SKU_0254,Pharmacy,1,208.51,208.08,UPI,CUST_00295,0,
d6331651-0421-4fa7-8e48-7f7f90be7302,STORE_008,2024-03-08 15:15:00,SKU_0349,Grocery,4,495.15,1953.5,card,CUST_00250,0,
d0c59221-193a-482c-b143-b63e7e1234be,STORE_007,2024-02-17 20:13:00,SKU_0263,Grocery,2,411.29,815.84,cash,CUST_00519,0,
655ac974-5eaa-4d92-a857-d40d9a2add1b,STORE_008,2024-03-08 18:53:00,SKU_0337,Apparel,3,88.48,265.45,wallet,CUST_00001,0,
ca58cbcb-8e3c-4881-b18b-60a48bf9ba84,STORE_006,2024-01-27 11:32:00,SKU_0283,Electronics,2,98.07,194.8,card,CUST_00010,0,
9c142aae-e9eb-41c2-abea-5a6caea5a6ee,STORE_008,2024-02-17 13:46:00,SKU_0263,Electronics,5,144.1,734.04,wallet,CUST_00339,0,
212d5245-210d-4cce-91f7-a45ad09049ec,STORE_012,2024-03-12 11:47:00,SKU_0218,Electronics,3,290.16,869.6,UPI,CUST_00107,0,
efd3458a-a96b-4845-ad80-80852cf6bab6,STORE_015,2024-01-21 13:01:00,SKU_0326,Electronics,1,49.2,48.95,cash,CUST_00422,0,
88d9aeca-6d6d-4586-b6e5-d372cab663a7,STORE_017,2024-01-31 21:26:00,SKU_0375,Electronics,3,247.37,747.25,UPI,CUST_00166,0,
67d9ac97-843c-4eea-afe0-ab9cef0e9c32,STORE_008,2024-03-04 09:38:00,SKU_0459,HomeGoods,3,320.73,967.98,card,CUST_00337,0,
e61d2fbe-b0b0-4584-9df7-29b5c3f48f2c,STORE_008,2024-02-03 18:55:00,SKU_0307,Grocery,2,199.34,390.75,cash,CUST_00022,0,
8de13ebe-d7db-41f0-9327-c6653a9b2244,STORE_013,2024-02-17 09:28:00,SKU_0051,Electronics,2,380.59,764.79,card,CUST_00416,0,
5114ea1b-4e52-46cb-8436-7c6898ff8392,STORE_003,2024-01-12 14:03:00,SKU_0294,Electronics,2,299.0,591.87,UPI,CUST_00310,0,
cf7da648-7eee-4660-8244-dbc54f3564c8,STORE_014,2024-02-27 12:12:00,SKU_0158,Apparel,3,162.09,483.84,cash,CUST_00000,0,
acfe1614-5d3a-4109-abf7-8ae0db0d8de5,STORE_008,2024-01-02 20:50:00,SKU_0014,Pharmacy,2,53.12,107.12,UPI,CUST_00159,0,
8dec7913-6c31-467a-810b-a550d5c2bea6,STORE_002,2024-03-14 08:20:00,SKU_0037,Grocery,7,278.16,1951.59,wallet,CUST_00035,0,
1189f6e5-c033-4a51-a479-5364260faa14,STORE_001,2024-03-28 16:07:00,SKU_0296,Electronics,3,116.63,348.05,cash,CUST_00026,0,
569d0735-8f8a-480f-9d8c-2faf90c0906b,STORE_014,2024-01-13 11:58:00,SKU_0472,Grocery,3,157.4,465.92,cash,CUST_00419,0,
c8e271f7-3a76-47ac-b299-ac003967afcc,STORE_001,2024-01-16 20:40:00,SKU_0253,Apparel,5,366.78,1834.3,cash,CUST_00256,0,
86863f80-8d94-4c0c-bec2-b74194596ac9,STORE_003,2024-03-23 19:19:00,SKU_0223,Electronics,4,776.91,3085.19,UPI,CUST_00481,0,
61392d7f-1218-45da-a938-607d81c4268a,STORE_003,2024-03-15 10:17:00,SKU_0045,Pharmacy,4,242.5,986.02,wallet,CUST_00154,0,
e380cb80-9b54-4384-aa12-94b71826e249,STORE_002,2024-01-20 09:05:00,SKU_0337,HomeGoods,2,389.44,779.95,wallet,CUST_00430,0,
db09cacd-b8c9-4c60-8e51-7a59917c127e,STORE_003,2024-01-17 09:22:00,SKU_0028,Grocery,1,78.72,79.87,cash,CUST_00369,0,
99799225-bd22-476b-96b5-c324c3cccfc6,STORE_012,2024-01-07 08:59:00,SKU_0420,Pharmacy,1,304.26,302.92,card,CUST_00397,0,
381b1e80-11c0-4fbe-92c0-c152c3f578b3,STORE_001,2024-01-08 09:01:00,SKU_0408,Grocery,1,238.3,241.42,cash,CUST_00496,0,
41486f25-65ee-4d2e-adef-12761d19d4e9,STORE_013,2024-01-12 15:49:00,SKU_0495,Electronics,3,668.37,1969.54,card,CUST_00424,0,
71be7e3f-0475-48b0-9650-fdb0094918b1,STORE_015,2024-03-07 16:05:00,SKU_0142,Pharmacy,2,162.24,321.86,card,CUST_00447,0,
874a68ca-e5e6-4cde-b991-189100b756b2,STORE_006,2024-03-10 08:37:00,SKU_0081,Pharmacy,3,206.06,607.75,UPI,CUST_00443,0,
4c1d65cc-a7cd-46d7-a28d-b00927e1b315,STORE_002,2024-02-06 20:18:00,SKU_0150,Grocery,4,583.19,2289.06,wallet,CUST_00268,0,
c3f55a7b-af92-40bf-b3b4-6e81ea293d9a,STORE_008,2024-02-27 14:31:00,SKU_0399,Apparel,1,232.25,236.14,wallet,CUST_00434,0,
13ca7fdb-7052-4bbc-8824-873dbbe23092,STORE_002,2024-03-25 17:24:00,SKU_0110,Electronics,5,102.96,519.27,cash,CUST_00505,0,
b9424e50-dd79-41b4-974a-10af9ae53477,STORE_006,2024-02-10 17:20:00,SKU_0443,HomeGoods,4,1925.17,7739.22,cash,CUST_00442,0,
ba08b4bb-bf44-4051-b3e1-ad838b5d4120,STORE_019,2024-01-16 14:04:00,SKU_0077,HomeGoods,4,105.49,422.51,card,CUST_00364,0,
ffa4a8b0-562f-4866-a470-d39d8d1d049b,STORE_020,2024-01-16 13:47:00,SKU_0025,HomeGoods,1,237.39,238.05,card,CUST_00044,0,
1b8e1d6d-19de-4aa0-b335-34a842533a8a,STORE_013,2024-03-11 11:25:00,SKU_0110,Apparel,1,329.91,331.74,card,CUST_00261,0,
48f28499-978b-4e74-94a9-864eeebfa0ac,STORE_003,2024-01-14 18:14:00,SKU_0377,HomeGoods,2,309.68,627.45,UPI,CUST_00037,0,
81408a6e-4cf9-43c5-86da-c7ccfe9c9ac2,STORE_010,2024-03-12 19:41:00,SKU_0301,Apparel,3,214.79,646.87,UPI,CUST_00062,0,
b66dc35b-b759-4f14-a927-5596db362a15,STORE_012,2024-01-30 21:41:00,SKU_0178,Pharmacy,2,215.65,435.59,wallet,CUST_00216,0,
1c664864-630d-43e7-9fdf-5d7b8bddf901,STORE_006,2024-02-28 19:52:00,SKU_0328,Electronics,3,207.16,616.04,UPI,CUST_00278,0,
e6912891-6a3a-4618-ad22-170cc4ec5cfb,STORE_008,2024-01-07 20:45:00,SKU_0324,Apparel,2,102.38,208.66,card,CUST_00316,0,
abeca49c-f345-4751-8799-1673bd33c955,STORE_001,2024-01-19 12:45:00,SKU_0277,Apparel,2,1396.38,2740.47,cash,CUST_00540,0,
36315aa1-1d68-495c-ae29-fa17084139b9,STORE_002,2024-01-20 14:41:00,SKU_0257,Apparel,3,209.66,626.13,card,CUST_00457,0,
a07091e0-7dd7-4b7d-a2cb-edb170be0045,STORE_008,2024-02-28 20:06:00,SKU_0051,Electronics,4,403.03,1636.76,wallet,CUST_00253,0,
cc9ce3a6-7bbd-4e39-a8f6-03954f03781c,STORE_002,2024-01-27 21:34:00,SKU_0130,Grocery,4,191.28,755.34,wallet,CUST_00200,0,
965de5d1-38c6-4214-b49c-442f28be8612,STORE_002,2024-01-23 12:20:00,SKU_0264,Pharmacy,4,188.23,742.12,card,CUST_00427,0,
8f574d5e-ca9b-477c-b112-fb2f427ff73f,STORE_014,2024-02-19 11:37:00,SKU_0068,Electronics,5,173.66,863.63,cash,CUST_00165,0,
b77c01c3-a6e8-4acf-aa2e-e1f5e03872a7,STORE_020,2024-02-10 16:09:00,SKU_0238,HomeGoods,5,72.35,360.71,cash,CUST_00530,0,
dbb6b524-cf04-4f7d-812b-9e9e684cbb89,STORE_008,2024-02-26 20:08:00,SKU_0059,HomeGoods,2,219.85,447.32,cash,CUST_00468,0,
ac11a965-1d23-486e-a0db-056827d095f2,STORE_014,2024-01-30 17:37:00,SKU_0393,Apparel,4,180.52,731.79,UPI,CUST_00409,0,
757dde62-2d25-4f82-902b-7d70ba7a1ee9,STORE_020,2024-03-01 15:40:00,SKU_0052,Electronics,2,638.22,1274.61,UPI,CUST_00149,0,
89cb9ce3-b8c1-40fe-8075-0661ac20524d,STORE_002,2024-02-24 09:45:00,SKU_0047,Electronics,2,95.98,195.59,UPI,CUST_00373,0,
9d09c3af-4082-4701-b840-b157c18db208,STORE_007,2024-02-10 08:24:00,SKU_0319,Grocery,2,157.55,316.89,cash,CUST_00492,0,
2634cdd2-e03b-4dc6-9eb2-cf9b60a759ec,STORE_006,2024-02-09 09:59:00,SKU_0111,Electronics,2,121.84,247.32,card,CUST_00043,0,
91c9f376-7819-40ea-b38e-2f63a5086d96,STORE_001,2024-01-21 12:26:00,SKU_0176,Electronics,3,792.73,2354.03,cash,CUST_00106,0,
36282969-71a6-408a-989e-43249c114051,STORE_013,2024-03-15 18:46:00,SKU_0157,Electronics,6,124.7,747.87,card,CUST_00309,0,
670bf98b-30f0-4842-9b39-3a0a5cc0fe21,STORE_007,2024-01-22 19:49:00,SKU_0109,Electronics,5,392.02,1923.23,UPI,CUST_00215,0,
69e36270-191c-4e9f-a32e-2671e40d49dd,STORE_007,2024-02-11 15:02:00,SKU_0381,Pharmacy,4,543.26,2130.35,card,CUST_00425,0,
04c5c6c8-d1d9-4d4e-8b31-ea3c52e3140f,STORE_002,2024-03-09 21:28:00,SKU_0346,HomeGoods,5,222.42,1121.24,UPI,CUST_00240,0,
0be4e732-dc09-4158-8ff2-4b67f623ff52,STORE_002,2024-02-18 14:04:00,SKU_0120,Electronics,1,83.1,81.83,card,CUST_00597,0,
78531d88-ec50-47ef-bdb0-d7bf7bb489d4,STORE_015,2024-02-25 18:55:00,SKU_0343,HomeGoods,4,83.94,336.4,UPI,CUST_00179,0,
7855e9f2-0beb-46b2-9ff0-b9b00f4fb657,STORE_001,2024-03-24 14:57:00,SKU_0357,Electronics,3,497.34,1503.72,card,CUST_00216,0,
e1ada040-442d-403d-b954-f1dd812c8bb1,STORE_003,2024-02-17 16:36:00,SKU_0270,Apparel,4,91.19,357.94,card,CUST_00002,0,
c3d89a12-73a0-4a92-b28e-b2962c96cccf,STORE_003,2024-03-30 18:07:00,SKU_0289,Electronics,3,342.09,1024.17,cash,CUST_00148,0,
195b59cf-267a-4ebe-aff1-08d3ac79ada5,STORE_007,2024-01-07 13:30:00,SKU_0467,Electronics,4,273.95,1103.87,UPI,CUST_00141,0,
5a70f57e-5a6e-4d1f-8a47-2e7010aac233,STORE_008,2024-03-01 14:30:00,SKU_0227,Electronics,3,338.04,1029.93,wallet,CUST_00457,0,
83db9e26-81c3-4a1c-a138-37e5a6547c3d,STORE_007,2024-03-23 12:29:00,SKU_0193,Apparel,2,364.57,723.28,UPI,CUST_00202,0,
8f1df270-e619-4903-8f98-742c6919574d,STORE_001,2024-02-20 14:58:00,SKU_0269,Apparel,1,118.45,120.7,UPI,CUST_00122,0,
ab1f42fa-8ffa-4c09-8c54-1c6919b2d40e,STORE_003,2024-03-27 15:27:00,SKU_0418,Grocery,2,114.55,232.26,wallet,CUST_00188,0,
cd56657c-47c2-4eb3-9cc1-59c49a52bfa8,STORE_014,2024-02-23 10:25:00,SKU_0355,HomeGoods,1,442.93,445.6,cash,CUST_00337,0,
193aa9a7-bd37-43ae-8224-830d6956833e,STORE_008,2024-01-20 10:05:00,SKU_0038,HomeGoods,5,151.11,752.28,wallet,CUST_00471,0,
048366ac-6042-4246-bc74-cdd86d9d3f62,STORE_010,2024-02-22 08:38:00,SKU_0230,HomeGoods,2,27.7,55.87,cash,CUST_00587,0,
b4a3bfa0-6e89-45cf-8065-0df1d05481be,STORE_010,2024-02-08 13:46:00,SKU_0370,Apparel,3,420.09,1276.21,UPI,CUST_00028,0,
5484a55d-77bb-4735-a708-a1da5a7e05cb,STORE_013,2024-02-18 18:42:00,SKU_0112,Apparel,3,109.12,324.78,wallet,CUST_00504,0,
58a0a915-fcc4-45d6-aefa-345ce51a1e46,STORE_001,2024-01-03 11:34:00,SKU_0494,Apparel,4,363.28,1481.77,wallet,CUST_00233,0,
833e0c53-c64e-44e7-bebb-203d978c011f,STORE_006,2024-03-28 10:06:00,SKU_0404,Grocery,1,761.83,774.28,card,CUST_00484,0,
92e4b876-7d44-4954-bbcc-d959984e82d8,STORE_008,2024-03-25 21:10:00,SKU_0423,Apparel,2,253.38,506.47,wallet,CUST_00022,0,
a44f8bb2-6ebf-4bf1-abf2-3440c0e023fe,STORE_003,2024-02-06 16:11:00,SKU_0041,Electronics,6,554.5,3356.65,UPI,CUST_00375,0,
e45cf265-d8c5-4c72-8f79-5ff9db505216,STORE_014,2024-01-30 13:38:00,SKU_0290,Pharmacy,4,282.73,1132.01,cash,CUST_00558,0,
3e46c4f7-6c6d-4ae1-bb3a-39cb0cf7576d,STORE_007,2024-01-28 13:17:00,SKU_0264,Grocery,5,890.16,4497.25,cash,CUST_00023,0,
9103e509-8dd6-4276-894e-99a2d16995b1,STORE_013,2024-03-09 10:13:00,SKU_0313,HomeGoods,2,106.89,216.58,wallet,CUST_00474,0,
5582dfe7-781c-4eff-81b2-4f820220e086,STORE_015,2024-01-23 20:56:00,SKU_0425,Pharmacy,1,248.36,243.62,wallet,CUST_00068,0,
090c1ba4-124d-489e-bf7f-266d6c4ce7c1,STORE_008,2024-02-15 10:45:00,SKU_0177,Apparel,3,428.37,1263.48,wallet,CUST_00589,0,
01cdb0da-9d0d-40cb-a097-efdca0a785ca,STORE_015,2024-02-14 19:21:00,SKU_0267,Pharmacy,4,214.68,853.1,card,CUST_00446,0,
201b2a3c-286b-4f9e-bf2f-63c6d4a65446,STORE_008,2024-03-30 19:13:00,SKU_0340,Apparel,2,628.44,1277.88,card,CUST_00546,0,
aad096a6-8403-4380-9119-6694a244b1d4,STORE_014,2024-03-06 12:20:00,SKU_0376,Electronics,2,176.94,352.44,wallet,CUST_00538,0,
135ed3fe-6b6a-40d9-95c1-120c6750e1e0,STORE_004,2024-01-23 17:15:00,SKU_0385,Electronics,5,1308.92,6646.04,cash,CUST_00189,0,
1a9de0a1-12b1-4bf0-8bde-014591ed9b00,STORE_008,2024-02-27 16:45:00,SKU_0169,Electronics,5,1365.42,6816.84,wallet,CUST_00249,0,
e7327b4d-6dc4-40cf-aa1f-a67c54c6a0a4,STORE_008,2024-03-30 08:59:00,SKU_0499,Pharmacy,3,313.29,931.93,UPI,CUST_00414,0,
baae085b-28dd-4e53-8178-e16b0e96f0a6,STORE_001,2024-01-10 15:20:00,SKU_0005,Apparel,2,388.99,790.45,UPI,CUST_00104,0,
fa517738-75ba-4569-8184-02cd6b3e6c62,STORE_006,2024-02-27 18:51:00,SKU_0246,Grocery,2,648.59,1300.33,card,CUST_00183,0,
60c95577-5d47-4d44-bc58-052e33e6ccf3,STORE_016,2024-02-06 21:19:00,SKU_0304,Apparel,5,96.71,480.85,wallet,CUST_00059,0,
f843b993-b41b-4ed9-9dd0-8aa2ddf78eb2,STORE_008,2024-01-19 13:31:00,SKU_0031,Grocery,5,87.52,429.63,UPI,CUST_00532,0,
6a9c16ba-5a11-4d3d-af26-bb641db73713,STORE_002,2024-03-01 19:13:00,SKU_0226,Pharmacy,8,683.07,5379.52,cash,CUST_00148,0,
48acf3dd-5ad6-4745-a96a-38dd4803208e,STORE_003,2024-01-28 21:26:00,SKU_0298,Pharmacy,4,311.27,1227.12,UPI,CUST_00246,0,
130451c7-8c7a-4c60-8378-ba92a462e364,STORE_002,2024-01-22 21:26:00,SKU_0304,Electronics,3,208.57,622.33,wallet,CUST_00271,0,
6b736340-8bcb-4827-bc50-b2148dfc0690,STORE_001,2024-03-29 20:54:00,SKU_0060,HomeGoods,2,252.23,506.63,cash,CUST_00225,0,
7d2c43b2-f582-44cc-b8ca-bbf79631c90a,STORE_018,2024-02-22 19:57:00,SKU_0139,Grocery,1,37.06,36.77,UPI,CUST_00466,0,
181520f2-ea5d-4f77-b282-de7d72478426,STORE_007,2024-01-25 08:19:00,SKU_0123,Electronics,4,214.65,843.68,cash,CUST_00548,0,
2de76d50-3987-4865-b39a-75712334203b,STORE_003,2024-02-27 15:04:00,SKU_0320,Pharmacy,3,136.87,406.75,UPI,CUST_00343,0,
ac6f7a7b-c58d-4ee1-afda-bbeb05d4605a,STORE_008,2024-02-20 10:30:00,SKU_0165,Electronics,5,521.09,2595.93,wallet,CUST_00502,0,
02276764-8281-4725-bc09-6709b6e5b211,STORE_001,2024-02-21 16:24:00,SKU_0286,Grocery,1,554.18,565.09,card,CUST_00066,0,
2c4cba80-c9a0-41e7-a5e0-af879688a9d0,STORE_003,2024-02-06 17:44:00,SKU_0365,Electronics,3,396.55,1184.56,cash,CUST_00579,0,
31b4b18b-e8fb-45d0-901a-30c0cd974af1,STORE_012,2024-03-13 12:25:00,SKU_0398,Apparel,8,343.03,2699.15,cash,CUST_00069,0,
af7682c2-c9b1-4376-9b87-eb34e9021896,STORE_008,2024-01-30 15:07:00,SKU_0092,Apparel,3,75.46,227.11,UPI,CUST_00039,0,
0d4c3310-ff23-4d1b-be54-706e5882c103,STORE_020,2024-02-08 10:31:00,SKU_0451,Grocery,3,401.01,1223.22,wallet,CUST_00013,0,
a8e4b33a-35f5-427b-a939-9fa802f52e28,STORE_008,2024-03-17 21:26:00,SKU_0083,Electronics,5,413.63,2091.87,card,CUST_00146,0,
1042b8a7-4711-469f-880b-054837a54150,STORE_007,2024-01-06 11:06:00,SKU_0011,Electronics,5,676.96,3430.32,wallet,CUST_00502,0,
5208d301-009e-4105-8928-4adc2077d6fa,STORE_013,2024-03-09 21:33:00,SKU_0023,Pharmacy,2,1361.07,2768.77,card,CUST_00180,0,
a16752f1-59d1-4ff4-b89c-22d68aa83dab,STORE_015,2024-01-16 08:58:00,SKU_0101,Pharmacy,5,64.55,324.51,cash,CUST_00474,0,
04367418-17eb-4ac4-9c71-861a0daaf250,STORE_012,2024-01-29 09:10:00,SKU_0436,Pharmacy,5,183.22,934.24,UPI,CUST_00254,0,
7e6ad981-132d-401a-baa3-f3e2ca5a8ddc,STORE_019,2024-01-23 17:53:00,SKU_0104,Apparel,2,138.05,270.95,wallet,CUST_00062,0,
d7de9ca7-bf93-40b4-8da5-1fe33c7514ad,STORE_013,2024-01-25 17:03:00,SKU_0347,Apparel,4,287.0,1163.38,card,CUST_00283,0,
22774dde-2b79-425d-855f-3c5d96e0af85,STORE_015,2024-01-01 08:55:00,SKU_0209,HomeGoods,3,252.69,768.9,wallet,CUST_00139,0,
0a2dc128-a76a-4425-8662-d064db39e0a1,STORE_001,2024-02-22 19:01:00,SKU_0020,HomeGoods,3,207.31,632.3,UPI,CUST_00174,0,
7cbc341f-c47f-4c71-9986-635c6c2182c6,STORE_012,2024-01-03 19:06:00,SKU_0222,Apparel,2,568.81,1136.63,card,CUST_00310,0,
5ba12d6b-1b71-45a9-9596-2fcbcb8c3126,STORE_007,2024-01-14 15:36:00,SKU_0015,Grocery,4,103.58,419.09,UPI,CUST_00474,0,
c673bfb5-c299-438d-a38b-bbd6fb1bf746,STORE_008,2024-01-21 14:40:00,SKU_0238,Apparel,4,108.7,429.5,card,CUST_00352,0,
84a5fee0-2f4e-44e3-a4b3-5fe1223e1f5c,STORE_010,2024-02-09 13:04:00,SKU_0279,Electronics,1,110.18,110.63,cash,CUST_00133,0,
7e54fd37-de48-4034-9ca2-78de894818ce,STORE_019,2024-02-10 19:37:00,SKU_0261,Electronics,4,187.39,745.32,wallet,CUST_00430,0,
a3c73f07-b5de-4f68-8fad-ae89d98548df,STORE_020,2024-03-21 09:00:00,SKU_0141,HomeGoods,1,93.56,93.92,card,CUST_00417,0,
819bf866-a4dc-4124-a60e-a2c2dace4748,STORE_003,2024-02-19 10:35:00,SKU_0383,Pharmacy,6,240.47,1452.95,UPI,CUST_00142,0,
a94b70d0-5af6-486a-ad53-6b8b42ddfc74,STORE_012,2024-03-22 12:32:00,SKU_0298,Electronics,2,219.0,435.32,UPI,CUST_00511,0,
99e8f338-dc39-4203-9e2f-ef1e4d8d14a3,STORE_012,2024-03-02 10:53:00,SKU_0128,Electronics,1,133.25,131.74,cash,CUST_00505,0,
b3fb63f5-8393-40ec-9680-f078b23e582b,STORE_004,2024-01-19 19:39:00,SKU_0217,Electronics,2,502.94,998.71,UPI,CUST_00362,0,
b4b047eb-a02e-4d40-9bc7-064f746ae884,STORE_002,2024-01-13 18:11:00,SKU_0055,HomeGoods,2,238.38,479.89,card,CUST_00177,0,
add77b64-ee8b-42a8-9145-18e72ad3427c,STORE_001,2024-02-23 21:57:00,SKU_0461,Grocery,4,584.98,2356.47,UPI,CUST_00212,0,
ce6cb71a-a3e9-4592-aef5-1134c0d2fafb,STORE_013,2024-03-19 14:33:00,SKU_0376,Grocery,1,213.88,215.94,card,CUST_00263,0,
c4d9c102-0eab-4a04-9fc1-d35d558cab76,STORE_007,2024-01-28 20:28:00,SKU_0144,Electronics,1,245.21,241.55,wallet,CUST_00112,0,
3e6a6fc7-071f-4b60-bec0-8783e8a6ed36,STORE_020,2024-03-10 13:44:00,SKU_0337,Pharmacy,3,159.37,484.2,cash,CUST_00183,0,
13d9418e-513a-48ff-9769-65027d153047,STORE_007,2024-01-21 18:02:00,SKU_0339,Apparel,2,248.59,500.92,cash,CUST_00080,0,
b3d3ff2e-083a-4d7d-a8e0-b45310f50338,STORE_019,2024-01-10 12:28:00,SKU_0305,HomeGoods,3,441.97,1301.01,card,CUST_00092,0,
6ab6f42f-26b8-47ed-b194-a7a72536fefe,STORE_006,2024-03-05 13:01:00,SKU_0027,HomeGoods,2,179.9,357.43,cash,CUST_00446,0,
febaa668-212f-4502-b0ea-60f1ba4beabc,STORE_013,2024-01-30 14:32:00,SKU_0439,Electronics,3,378.49,1133.96,cash,CUST_00077,0,
84c72d99-d76f-42fe-bcce-e48f52ef07b0,STORE_001,2024-02-27 11:36:00,SKU_0477,Pharmacy,3,130.49,389.29,UPI,CUST_00281,0,
c0aaf6b5-5b34-4c21-9a97-2dbcfcfeeed5,STORE_008,2024-02-26 18:31:00,SKU_0487,Apparel,3,458.84,1355.45,wallet,CUST_00257,0,
30f823b1-3055-4035-87b1-f3d78eab9a21,STORE_013,2024-03-13 11:42:00,SKU_0490,HomeGoods,5,157.2,776.8,UPI,CUST_00027,0,
ad1bd562-a74a-4d01-ac3c-db21e1370e9f,STORE_018,2024-01-05 09:51:00,SKU_0464,Grocery,1,494.13,484.73,card,CUST_00498,0,
6a989571-47ba-4e3d-9114-090538dc495b,STORE_013,2024-02-12 16:36:00,SKU_0369,Pharmacy,3,262.5,774.68,wallet,CUST_00590,0,
60f83f9a-1727-4f0c-af3b-daa0624ddc88,STORE_001,2024-03-03 11:10:00,SKU_0029,Pharmacy,3,844.06,2508.51,card,CUST_00383,0,
114dbae0-158c-4f26-8f38-6ba3eb812a11,STORE_006,2024-01-04 20:13:00,SKU_0233,Apparel,3,99.31,301.74,cash,CUST_00402,0,
c8bb1347-12b0-45e7-a9c8-b5ee4096cb9a,STORE_001,2024-02-21 14:09:00,SKU_0123,Electronics,2,76.75,153.66,wallet,CUST_00139,0,
1d6ed671-03ae-4520-90e9-6b1244c092bd,STORE_001,2024-02-07 09:10:00,SKU_0110,Pharmacy,5,152.7,761.19,UPI,CUST_00506,0,
4d38501b-87bf-4635-add5-7f686e9b9080,STORE_010,2024-01-13 19:34:00,SKU_0415,Pharmacy,1,82.58,83.12,card,CUST_00470,0,
b24ed631-fb9a-4ca9-9eb8-edac5a96b090,STORE_012,2024-03-24 14:12:00,SKU_0406,Apparel,1,82.7,82.84,UPI,CUST_00262,0,
57c7c027-6b30-4ac4-90e0-d887cca60d14,STORE_013,2024-02-24 21:31:00,SKU_0261,Apparel,4,411.04,1619.93,UPI,CUST_00423,0,
927f3565-eb05-4bc5-93ae-38c7e14c7c14,STORE_015,2024-01-02 12:55:00,SKU_0368,Grocery,1,249.17,246.41,cash,CUST_00573,0,
58c1718f-815b-4977-bb2c-8819acd6af88,STORE_012,2024-02-16 21:30:00,SKU_0065,Electronics,3,170.33,505.32,cash,CUST_00361,0,
90a1c142-fd64-492e-a27c-3eb65546d024,STORE_013,2024-01-02 20:45:00,SKU_0111,Pharmacy,2,183.44,368.35,UPI,CUST_00119,0,
0c7c912a-f439-4bf9-b431-7cf76a77852e,STORE_001,2024-03-05 21:11:00,SKU_0430,Apparel,2,155.04,309.6,cash,CUST_00198,0,
5dc8c30c-2109-42f0-a83d-ca4f2acef85c,STORE_003,2024-03-22 11:58:00,SKU_0226,Grocery,3,936.13,2795.76,UPI,CUST_00111,0,
622119f6-6205-4c1f-9dd9-39346b6748b0,STORE_008,2024-01-18 15:47:00,SKU_0273,HomeGoods,3,138.8,417.34,card,CUST_00198,0,
32b0c7b1-5522-4cca-9a3e-55f70a5a7cfb,STORE_015,2024-01-08 08:50:00,SKU_0231,Electronics,5,86.81,442.21,cash,CUST_00534,0,
caea7ced-c346-4083-8641-450c16bc7edb,STORE_001,2024-01-06 16:56:00,SKU_0101,Electronics,3,472.62,1407.32,UPI,CUST_00113,0,
d6f515f3-848d-4782-881d-1add2d1a83c3,STORE_008,2024-02-25 14:25:00,SKU_0413,Grocery,4,210.37,842.16,card,CUST_00535,0,
1ff1df92-190a-4a3e-80c4-f4817a2186f6,STORE_010,2024-02-27 16:30:00,SKU_0379,Apparel,3,1277.27,3828.8,card,CUST_00171,0,
0abac15f-0946-44e6-a71a-d2983550185f,STORE_001,2024-01-14 17:44:00,SKU_0342,Grocery,8,164.1,1324.18,cash,CUST_00299,0,
f9c15615-27c9-4d43-9a78-b57c2c83e709,STORE_006,2024-03-04 09:42:00,SKU_0177,Electronics,2,491.89,992.84,UPI,CUST_00317,0,
4c58d3d9-6579-473f-88bc-dd0a30249344,STORE_015,2024-03-06 10:50:00,SKU_0321,Grocery,1,594.2,599.64,wallet,CUST_00075,0,
1a7a0cf4-2c88-4661-b29c-1b66c5d7d34a,STORE_010,2024-02-17 14:43:00,SKU_0476,Grocery,7,164.74,1139.41,UPI,CUST_00110,0,
5c8295b2-a43c-4380-9299-e3b8f4a5b91a,STORE_003,2024-02-15 15:18:00,SKU_0325,Apparel,2,137.98,275.4,cash,CUST_00183,0,
61b78a0a-fe85-4259-80f0-b62c979dc4cc,STORE_015,2024-03-24 21:07:00,SKU_0247,Apparel,6,452.39,2748.13,wallet,CUST_00035,0,
c434037f-31ce-4138-b8a2-94ee042e8c47,STORE_004,2024-03-06 08:22:00,SKU_0135,Pharmacy,4,395.98,1576.41,cash,CUST_00452,0,
cef418c1-e79a-45ef-9712-2ea3f55b882f,STORE_015,2024-03-28 10:22:00,SKU_0261,Pharmacy,3,80.88,247.34,card,CUST_00327,0,
8901b2a5-a28a-46cb-81cd-b4c6e314ca36,STORE_003,2024-01-20 18:27:00,SKU_0186,Grocery,1,101.36,100.81,cash,CUST_00507,0,
8090a297-00ed-4fa1-b35b-f00fae654b9c,STORE_008,2024-02-23 21:31:00,SKU_0306,Pharmacy,5,32.86,164.28,wallet,CUST_00517,0,
90000f08-8752-4e8a-9ea8-028ba4a4397d,STORE_006,2024-03-07 09:12:00,SKU_0023,Apparel,1,402.53,402.12,cash,CUST_00208,0,
b3d5b72d-a6c8-4fe4-8215-baa3c2087e39,STORE_003,2024-03-26 20:39:00,SKU_0095,Electronics,5,202.76,1011.11,UPI,CUST_00490,0,
48c13dea-654f-4a13-8df8-6b8272564716,STORE_015,2024-02-04 10:51:00,SKU_0393,Grocery,3,219.59,667.88,cash,CUST_00036,0,
908d1af1-1a82-4862-b210-1fd841b466c6,STORE_002,2024-03-11 11:35:00,SKU_0190,HomeGoods,2,64.61,127.44,cash,CUST_00257,0,
7db93e9a-c1e3-4f11-9139-4f82ad131f23,STORE_001,2024-02-25 14:55:00,SKU_0217,Pharmacy,1,103.85,104.13,UPI,CUST_00399,0,
3befaae6-37e1-4ac3-8de2-7c5944b0c6a5,STORE_004,2024-01-12 11:05:00,SKU_0272,Grocery,4,170.56,685.48,wallet,CUST_00279,0,
105f5e39-fde8-4348-9c75-4e3d30854453,STORE_012,2024-03-03 17:59:00,SKU_0219,Electronics,2,146.0,296.1,cash,CUST_00443,0,
4725e430-9df4-4fa0-8055-f96d6bdaffce,STORE_013,2024-02-18 10:27:00,SKU_0379,Electronics,3,274.71,827.73,cash,CUST_00515,0,
bbf51652-a3d6-4873-a2a0-b8323bd56b92,STORE_020,2024-01-08 17:40:00,SKU_0123,Electronics,1,398.71,406.05,card,CUST_00254,0,
458c092c-1d0c-4591-9765-a7dd11b892d1,STORE_003,2024-03-18 12:18:00,SKU_0379,HomeGoods,1,1536.33,1559.2,wallet,CUST_00164,0,
554bca71-8b58-4ed6-b7d1-401ef3509b46,STORE_006,2024-01-07 13:28:00,SKU_0105,Apparel,1,246.03,244.54,cash,CUST_00349,0,
1c67cf2b-7764-432e-846a-ae52e2a9c4cf,STORE_002,2024-03-08 18:08:00,SKU_0185,Apparel,3,610.2,1856.95,cash,CUST_00521,0,
e9585f4c-abc4-4e94-96c6-af970fd53339,STORE_008,2024-01-26 15:20:00,SKU_0294,HomeGoods,1,128.7,131.06,card,CUST_00592,0,
dc9d7033-641c-46d5-898a-fb3e47b90a30,STORE_020,2024-01-03 19:43:00,SKU_0443,Pharmacy,2,65.46,129.65,card,CUST_00489,0,
523da315-ba58-4247-91b4-519fcc90b513,STORE_012,2024-02-16 12:50:00,SKU_0117,HomeGoods,1,188.6,189.43,cash,CUST_00146,0,
52567fc4-4b5c-4d87-95b4-434768f72f49,STORE_008,2024-01-04 14:48:00,SKU_0294,Electronics,2,69.64,138.06,UPI,CUST_00123,0,
6cc01c3a-39be-4f28-a5aa-1309a9057277,STORE_006,2024-03-26 11:39:00,SKU_0033,Apparel,3,252.95,763.39,UPI,CUST_00343,0,
c1e8e506-3551-427e-9307-ced23e631e4f,STORE_016,2024-01-18 09:21:00,SKU_0038,Pharmacy,2,133.9,263.45,cash,CUST_00241,0,
3b102127-c656-44f1-acca-ac699e428390,STORE_008,2024-03-20 17:29:00,SKU_0383,HomeGoods,2,52.35,105.68,UPI,CUST_00366,0,
311e849b-7bc2-412d-a75c-8e9c9eab8977,STORE_002,2024-01-26 09:16:00,SKU_0359,Grocery,2,1002.53,1998.63,cash,CUST_00553,0,
b0d4a44d-5fd0-44fc-962e-fbab0b448232,STORE_006,2024-01-14 10:41:00,SKU_0188,Grocery,4,162.62,652.75,UPI,CUST_00329,0,
526e261e-0ae2-41d8-9b5c-1b89bd197930,STORE_001,2024-01-12 08:32:00,SKU_0311,Pharmacy,3,67.45,198.51,card,CUST_00213,0,
2f349ebe-2ae9-4af3-bd42-131185a3f88e,STORE_002,2024-01-26 14:08:00,SKU_0190,Electronics,2,512.86,1033.74,cash,CUST_00521,0,
fe8aa6e1-938a-4420-98bf-025b6f80fc86,STORE_001,2024-01-19 14:41:00,SKU_0139,Apparel,4,139.57,558.19,cash,CUST_00263,0,
28a7a0b8-5d73-403b-8d6a-110ad030d273,STORE_007,2024-02-07 15:31:00,SKU_0216,Electronics,2,598.0,1201.99,wallet,CUST_00363,0,
03c85745-7c0f-4cca-94e1-03783a8bc311,STORE_008,2024-01-25 11:25:00,SKU_0156,Pharmacy,1,139.04,138.01,UPI,CUST_00081,0,
65d5deb3-c625-46ff-8c69-15f9267c2217,STORE_004,2024-01-03 17:36:00,SKU_0407,Electronics,2,162.19,319.78,UPI,CUST_00304,0,
cb075ef4-d742-443c-8537-a35bcb0d62fd,STORE_006,2024-01-28 13:19:00,SKU_0206,Electronics,2,329.42,657.14,cash,CUST_00255,0,
1dcb86eb-4971-4bf6-8cc3-1f143aa4788c,STORE_019,2024-02-28 18:06:00,SKU_0161,Grocery,2,401.83,817.93,cash,CUST_00073,0,
425bd261-f02b-4c89-8c60-426488d5651f,STORE_013,2024-02-07 08:27:00,SKU_0268,Grocery,3,462.32,1371.86,cash,CUST_00126,0,
ab2b59f2-a489-48dc-a3f6-b32d9d314db0,STORE_008,2024-01-23 12:27:00,SKU_0379,Apparel,2,232.68,468.63,card,CUST_00421,0,
09bab642-1786-473e-8046-77fa7ead55bf,STORE_003,2024-01-30 13:45:00,SKU_0137,Grocery,2,381.59,749.44,card,CUST_00108,0,
d48727e4-2511-4e50-af19-b89d6a537d6b,STORE_015,2024-03-13 08:22:00,SKU_0469,Grocery,1,453.94,457.9,wallet,CUST_00079,0,
c9c90119-db13-4cf0-b81a-c37b17cd219a,STORE_003,2024-03-17 15:12:00,SKU_0232,Apparel,6,293.51,1742.63,wallet,CUST_00034,0,
344872fe-9d12-4df1-878b-eb57d13e4675,STORE_003,2024-02-23 10:01:00,SKU_0330,Apparel,4,223.04,890.43,card,CUST_00015,0,
b671f297-02e4-47c0-bc55-be90c054e6b7,STORE_015,2024-02-26 15:45:00,SKU_0478,Pharmacy,1,78.67,78.25,card,CUST_00260,0,
6523bcd1-36d6-4482-b775-962ac5df5cf0,STORE_008,2024-02-01 19:25:00,SKU_0216,Apparel,1,403.75,397.5,card,CUST_00293,0,
86677aec-83f4-43ab-bf8e-3db228c62139,STORE_012,2024-03-07 09:05:00,SKU_0100,Apparel,1,258.58,256.98,UPI,CUST_00374,0,
ee7d2f65-b0f8-43b6-ae48-31d566e85598,STORE_008,2024-03-11 19:56:00,SKU_0374,HomeGoods,6,179.57,1070.96,UPI,CUST_00343,0,
48fb3836-00f3-40ab-a99d-383724dcafce,STORE_010,2024-01-30 08:58:00,SKU_0004,Electronics,5,694.83,3477.22,UPI,CUST_00322,0,
b354fd60-5e3b-4182-b285-dcc5bea56bef,STORE_003,2024-02-24 11:45:00,SKU_0229,HomeGoods,5,79.77,406.39,cash,CUST_00599,0,
fbd19cdd-46b8-4505-a74d-c29baf895243,STORE_003,2024-03-22 11:46:00,SKU_0490,Pharmacy,2,931.4,1860.57,card,CUST_00149,0,
97a48afa-a0c8-4791-82b8-dc84e7daf5c1,STORE_003,2024-03-11 15:37:00,SKU_0207,Grocery,4,245.58,998.6,wallet,CUST_00427,0,
b8e18ac1-27ee-4dfd-b327-8301d88d25cd,STORE_002,2024-01-25 21:58:00,SKU_0342,Electronics,5,322.3,1609.02,card,CUST_00047,0,
72c98434-2e5d-43a2-8831-48d9afdad863,STORE_015,2024-03-29 18:02:00,SKU_0263,Grocery,2,182.26,358.8,cash,CUST_00509,0,
e9a5601d-c78d-4c02-a809-86baf0c1335d,STORE_003,2024-02-02 14:57:00,SKU_0108,Grocery,2,65.88,130.34,cash,CUST_00217,0,
695c7a3b-986b-45f6-b0ec-3c5fc7b0bdc9,STORE_008,2024-02-19 15:08:00,SKU_0159,Apparel,5,223.58,1113.76,cash,CUST_00207,0,
d7cae7ca-badc-48c5-be98-00a9ec9e0704,STORE_013,2024-03-12 12:05:00,SKU_0262,Pharmacy,2,326.77,648.97,wallet,CUST_00081,0,
e3292024-3ddc-4c8f-a832-c2beab799d9b,STORE_013,2024-03-29 10:00:00,SKU_0053,Apparel,1,429.42,435.7,cash,CUST_00305,0,
6d55a5a8-5497-4149-b102-ce320b0c181e,STORE_007,2024-01-08 14:06:00,SKU_0208,Electronics,1,213.37,214.89,UPI,CUST_00239,0,
3663dbc6-376a-4de2-aeb5-228a37c742d9,STORE_007,2024-03-16 15:19:00,SKU_0208,Grocery,3,43.27,130.22,card,CUST_00584,0,
70ef16da-a0ea-4a87-8fe6-9fcf1f8da936,STORE_020,2024-01-01 14:09:00,SKU_0417,HomeGoods,3,72.83,218.41,cash,CUST_00106,0,
55f688f5-fdba-4316-92e9-3660f58e18e4,STORE_010,2024-03-29 12:28:00,SKU_0062,Grocery,2,1290.88,2571.15,wallet,CUST_00250,0,
82aec9b9-da69-4553-b2da-0df80124d095,STORE_013,2024-01-02 09:12:00,SKU_0421,Apparel,2,104.32,209.58,UPI,CUST_00540,0,
1a908faa-ccba-49bb-8d37-0e0f52efba09,STORE_015,2024-01-05 18:56:00,SKU_0205,HomeGoods,2,782.97,1542.43,wallet,CUST_00484,0,
146db948-56c7-41aa-ad4a-a0f7f6f7769d,STORE_013,2024-03-29 11:47:00,SKU_0326,Grocery,5,118.41,584.06,wallet,CUST_00458,0,
3ecd7110-0249-4492-bd76-771ee89a2a53,STORE_002,2024-02-15 08:05:00,SKU_0278,HomeGoods,1,216.05,214.35,wallet,CUST_00315,0,
ef64375a-cf27-4d8f-b5c5-1e67650affca,STORE_008,2024-02-19 13:00:00,SKU_0150,Grocery,5,412.25,2034.14,UPI,CUST_00523,0,
89c01015-8142-42d5-a8e6-2e80c2f2fcd8,STORE_001,2024-03-24 18:30:00,SKU_0465,Electronics,1,129.71,130.63,UPI,CUST_00134,0,
a9e658b9-b981-4424-8844-2b71d8aeea52,STORE_010,2024-03-29 21:58:00,SKU_0113,Grocery,2,893.58,1753.19,UPI,CUST_00485,0,
f2c7a7e8-a982-4de9-8c94-2b0335bfd26d,STORE_019,2024-01-24 20:30:00,SKU_0019,Apparel,5,265.61,1310.0,card,CUST_00348,0,
d7ecf309-5ce4-4d07-96ff-055015ad40f1,STORE_008,2024-03-06 20:09:00,SKU_0375,Electronics,5,361.46,1836.41,cash,CUST_00209,0,
b7fe7e31-6d44-4d30-a183-49dce9f4da1a,STORE_007,2024-02-10 09:16:00,SKU_0311,Pharmacy,3,201.82,617.51,card,CUST_00130,0,
975aed2a-ac39-4a47-a3f7-db08d7afb42b,STORE_001,2024-02-07 19:51:00,SKU_0445,Apparel,1,423.45,423.24,card,CUST_00312,0,
e18d306b-efe8-42f2-9b23-40894084b027,STORE_019,2024-02-05 12:31:00,SKU_0229,Electronics,2,884.03,1767.73,cash,CUST_00001,0,
d50779bb-e4f1-48ef-a631-7e52931fb3a5,STORE_001,2024-03-23 21:13:00,SKU_0009,Pharmacy,1,225.07,227.53,wallet,CUST_00428,0,
1cd6e835-a8c7-4f47-8be8-538494d787fb,STORE_001,2024-01-17 17:18:00,SKU_0011,Pharmacy,1,997.48,978.97,wallet,CUST_00141,0,
5a27a450-bbe2-4e55-b283-a8d5f73e0d86,STORE_003,2024-01-18 08:24:00,SKU_0217,Electronics,3,153.27,458.47,card,CUST_00233,0,
95f80fe3-8745-41e7-b30d-e7844916e8ac,STORE_001,2024-02-05 15:12:00,SKU_0125,Electronics,1,460.7,453.33,card,CUST_00115,0,
80632135-76f4-4d5d-a2a1-eadc759b35aa,STORE_007,2024-03-05 17:27:00,SKU_0461,Grocery,4,369.72,1473.02,wallet,CUST_00279,0,
b7dd3498-39c0-41e3-8e40-a73481fa4773,STORE_008,2024-01-17 15:40:00,SKU_0060,Apparel,3,106.34,325.19,card,CUST_00222,0,
beebc836-d557-4fcd-846e-c7bfdee9e75b,STORE_003,2024-02-03 11:30:00,SKU_0440,HomeGoods,6,296.64,1797.9,UPI,CUST_00112,0,
a0b3244a-35d6-4828-8ff1-40b5205684a7,STORE_001,2024-02-01 13:20:00,SKU_0109,Apparel,6,251.48,1538.16,UPI,CUST_00533,0,
bd9a372c-0aae-4f8c-b68a-1ad7eb414c0e,STORE_001,2024-01-28 18:27:00,SKU_0060,HomeGoods,3,126.33,382.72,card,CUST_00455,0,
d91086d2-ffec-4c67-a8a6-3e0543bf94e3,STORE_006,2024-02-11 17:21:00,SKU_0138,Electronics,3,332.91,1003.05,wallet,CUST_00232,0,
62f3c6e6-f205-4afc-90f9-0f2d73c73417,STORE_001,2024-01-10 19:03:00,SKU_0072,HomeGoods,4,281.04,1135.59,cash,CUST_00034,0,
6c8e0fcd-703e-4075-b64e-1fc233f271d9,STORE_011,2024-02-21 11:12:00,SKU_0201,Pharmacy,4,235.9,949.6,cash,CUST_00507,0,
61883273-edc5-47e7-999f-52212dbfcfd1,STORE_002,2024-01-04 20:25:00,SKU_0165,Apparel,4,236.65,945.24,UPI,CUST_00418,0,
9fbc85fe-dab9-429f-a836-2f2f655eee29,STORE_003,2024-01-31 18:02:00,SKU_0264,Apparel,2,232.63,461.4,UPI,CUST_00333,0,
c58d4c0d-7300-47af-bfd1-a2739af52185,STORE_006,2024-02-20 14:33:00,SKU_0268,Grocery,4,186.29,745.76,wallet,CUST_00362,0,
6a5628bc-d76b-4dc7-af1a-7d8d5a1da1e7,STORE_006,2024-01-12 21:14:00,SKU_0001,Pharmacy,4,279.59,1107.56,UPI,CUST_00004,0,
671fbc9c-4d33-4f25-94a9-73125d98b493,STORE_001,2024-03-02 18:20:00,SKU_0063,Electronics,3,149.36,447.84,cash,CUST_00284,0,
c1bbe1fc-260b-4313-9940-c2e127b60675,STORE_001,2024-01-12 12:48:00,SKU_0081,Grocery,5,2094.16,10322.59,wallet,CUST_00113,0,
b617e361-f16c-488b-94d0-143269372bba,STORE_015,2024-03-22 21:13:00,SKU_0098,Electronics,5,80.96,405.86,card,CUST_00390,0,
ed25d959-d4a8-439c-8b97-f51e86c30eac,STORE_001,2024-02-24 10:42:00,SKU_0047,Pharmacy,5,156.6,775.02,cash,CUST_00558,0,
a5a0026e-04ad-42a9-b630-fd712138905b,STORE_008,2024-02-07 17:41:00,SKU_0158,Apparel,4,166.81,661.73,UPI,CUST_00318,0,
1cc6bdb8-9330-44f2-a217-6d4b51cfffdb,STORE_007,2024-03-30 14:20:00,SKU_0275,Pharmacy,2,1279.03,2557.96,cash,CUST_00362,0,
d5c36383-fa80-4f39-9f74-719bdc05c0fb,STORE_003,2024-02-17 10:06:00,SKU_0155,HomeGoods,3,86.95,257.33,card,CUST_00400,0,
00e62923-4492-4921-bb98-4e8c4e598b69,STORE_007,2024-02-16 19:31:00,SKU_0165,Apparel,3,351.5,1074.0,card,CUST_00557,0,
24597a36-a165-42a9-a801-8b3a094e9f21,STORE_013,2024-03-11 10:26:00,SKU_0235,Apparel,3,304.96,912.94,cash,CUST_00022,0,
b6371b4c-807a-4d4f-a85e-7305295b5f7b,STORE_014,2024-02-25 12:00:00,SKU_0274,Grocery,3,326.47,973.62,wallet,CUST_00186,0,
d4f9d46d-8317-4566-90e7-0b7080d06a40,STORE_003,2024-01-07 20:36:00,SKU_0166,Apparel,5,672.19,3297.66,UPI,CUST_00161,0,
bde0e9f5-d211-42f5-a24f-ec14bcd8ec4f,STORE_003,2024-01-24 11:02:00,SKU_0111,HomeGoods,1,661.24,670.32,wallet,CUST_00429,0,
66a76fe6-e6e6-49d2-a664-a4cf9dc45966,STORE_003,2024-03-26 09:45:00,SKU_0205,Pharmacy,2,174.29,350.33,card,CUST_00268,0,
84ec05c7-3f70-4a7d-bf56-9e055a81d82e,STORE_007,2024-01-22 12:16:00,SKU_0013,Apparel,2,291.98,582.01,UPI,CUST_00463,0,
0ce15a4d-0297-4a46-8202-87616a93235e,STORE_010,2024-03-15 08:21:00,SKU_0246,Pharmacy,4,56.27,222.79,wallet,CUST_00283,0,
e5c8f07c-8b92-4806-ba1e-1ddf86051de0,STORE_003,2024-01-26 11:11:00,SKU_0470,Pharmacy,2,270.63,546.57,cash,CUST_00585,0,
e45898f4-aaf1-4534-814c-418f75356518,STORE_003,2024-03-23 13:25:00,SKU_0199,Apparel,1,132.46,134.82,wallet,CUST_00460,0,
c225b78d-d08e-4cea-b4ae-17111755e57c,STORE_018,2024-02-04 21:20:00,SKU_0055,Apparel,4,215.37,857.37,cash,CUST_00010,0,
e003651c-7867-4cea-8602-1f000b41ff2c,STORE_001,2024-01-31 12:19:00,SKU_0353,Electronics,2,64.92,127.94,wallet,CUST_00593,0,
35ae0eb4-46c1-465a-a8c9-a80ac65c2314,STORE_007,2024-01-09 16:01:00,SKU_0064,Grocery,4,345.63,1360.91,UPI,CUST_00571,0,
f3038c0d-0c96-438b-bafa-352b751935d1,STORE_012,2024-01-21 10:17:00,SKU_0097,Pharmacy,4,64.34,252.28,UPI,CUST_00026,0,
e98a55d5-a45c-4f8e-8d82-d498388a1b2b,STORE_002,2024-03-09 16:59:00,SKU_0074,Electronics,3,281.49,852.71,cash,CUST_00234,0,
83b74747-4a4b-4737-981f-27fa4bc338a1,STORE_001,2024-02-01 20:02:00,SKU_0441,Grocery,1,93.71,95.51,UPI,CUST_00582,0,
650266cd-0e1e-4d48-b442-30f06d5fd5c3,STORE_002,2024-02-15 19:31:00,SKU_0490,HomeGoods,1,126.69,129.19,UPI,CUST_00502,0,
dd550c8c-8ab8-4ce6-8b55-0b170c51ec24,STORE_017,2024-03-24 12:01:00,SKU_0285,Grocery,2,629.7,1273.72,wallet,CUST_00280,0,
b317c6ed-6008-4bdf-98c6-d5cf13329414,STORE_001,2024-03-10 08:45:00,SKU_0309,Pharmacy,1,400.13,394.72,wallet,CUST_00326,0,
0846a0c7-54dc-48b0-8cac-61609c976fa7,STORE_002,2024-03-07 19:28:00,SKU_0323,HomeGoods,4,626.92,2555.6,card,CUST_00017,0,
4f870912-5128-4b2b-af8d-00e419c4a5ca,STORE_001,2024-03-21 10:26:00,SKU_0305,Electronics,6,870.65,5187.92,card,CUST_00338,0,
5877fa2f-956d-48b9-9660-fceb8922c9f4,STORE_001,2024-01-11 18:42:00,SKU_0272,Grocery,2,134.72,267.65,card,CUST_00399,0,
444d339b-17e6-45b5-8555-56d7111ac00c,STORE_008,2024-03-13 18:18:00,SKU_0493,HomeGoods,3,829.35,2506.69,card,CUST_00215,0,
0d68d100-bb78-4dd5-b720-d652b7fa77d2,STORE_003,2024-01-07 21:29:00,SKU_0366,Pharmacy,4,77.41,304.05,cash,CUST_00184,0,
788f319a-a507-4f12-a74c-cf6f791922ab,STORE_008,2024-01-09 20:59:00,SKU_0045,Pharmacy,4,454.11,1840.11,cash,CUST_00497,0,
00bd261a-4eb5-496d-8865-1ceb06107d1f,STORE_008,2024-02-10 18:02:00,SKU_0196,Pharmacy,4,168.48,687.33,wallet,CUST_00269,0,
1ed5240f-fd28-467a-afee-ac3cb65fda18,STORE_014,2024-01-09 11:39:00,SKU_0487,Electronics,7,118.77,840.54,card,CUST_00158,0,
0a8af258-50b4-473d-bf06-16ecc00edecc,STORE_001,2024-01-13 08:40:00,SKU_0202,HomeGoods,1,408.72,413.33,card,CUST_00224,0,
af2dc843-27bf-42b7-9497-1880cd231c16,STORE_015,2024-03-10 18:47:00,SKU_0102,Electronics,3,532.41,1590.22,UPI,CUST_00295,0,
a5e2aa73-0fe2-477f-a9da-75e2343fb3d6,STORE_008,2024-03-13 16:31:00,SKU_0434,Electronics,6,519.92,3065.36,UPI,CUST_00155,0,
8c73abb1-e94f-4de1-9184-30bd9f6d9089,STORE_002,2024-03-18 12:05:00,SKU_0311,HomeGoods,1,296.89,300.37,card,CUST_00336,0,
d69dca82-81f4-4bc7-924d-e718a3f740ae,STORE_013,2024-03-08 11:58:00,SKU_0281,Apparel,4,277.83,1115.64,wallet,CUST_00516,0,
499c1684-edff-46c4-a363-e9b03752fc53,STORE_015,2024-02-07 19:02:00,SKU_0210,HomeGoods,1,381.06,387.3,cash,CUST_00445,0,
ec98c06f-1e5f-4f42-86fa-81d5816f5ae6,STORE_003,2024-02-29 14:27:00,SKU_0063,Pharmacy,3,318.77,941.62,card,CUST_00138,0,
e9a48266-8778-4520-bbf3-9e4335a44e40,STORE_017,2024-01-24 21:23:00,SKU_0192,Electronics,5,385.5,1912.47,cash,CUST_00282,0,
f2c052b7-0963-4f2b-97fe-fdd7758766f5,STORE_007,2024-03-17 13:02:00,SKU_0219,Apparel,1,294.32,292.68,UPI,CUST_00326,0,
4357635b-ebf7-4e16-a4c6-391e76bd7eea,STORE_008,2024-03-20 10:16:00,SKU_0465,Pharmacy,3,490.63,1482.68,cash,CUST_00408,0,
4aebee60-9464-4e08-820a-c2309776811c,STORE_020,2024-03-18 20:55:00,SKU_0154,Apparel,2,68.01,137.59,wallet,CUST_00453,0,
382cf2f3-6501-4225-a51b-5edac1042aff,STORE_006,2024-02-08 18:19:00,SKU_0075,Apparel,3,225.08,687.69,UPI,CUST_00291,0,
6f7402dc-30b1-47df-868a-73184452548b,STORE_013,2024-03-07 15:03:00,SKU_0214,Apparel,3,82.63,245.86,cash,CUST_00189,0,
9c6375fe-7d06-4629-ac6b-45ed1c69111a,STORE_003,2024-02-07 14:15:00,SKU_0498,Pharmacy,3,311.94,935.58,UPI,CUST_00395,0,
c397bf55-3c02-4fc6-8ef7-1369af3c7207,STORE_013,2024-02-03 15:02:00,SKU_0241,Electronics,1,929.83,912.31,card,CUST_00075,0,
ddb77efb-d3f4-4d99-9251-64d5dc0e793e,STORE_008,2024-01-14 18:21:00,SKU_0190,Pharmacy,1,171.09,169.4,UPI,CUST_00404,0,
d6c8135d-61df-4012-adf7-6070b625fbab,STORE_002,2024-02-24 15:33:00,SKU_0333,Pharmacy,3,276.79,826.19,cash,CUST_00537,0,
927e8953-3c68-4c5a-881d-05b8c95926f0,STORE_006,2024-02-07 14:49:00,SKU_0324,Pharmacy,2,457.9,919.24,UPI,CUST_00425,0,
a8f0bc84-fcf6-4fcc-883d-0e19f04a7fa2,STORE_003,2024-03-27 11:40:00,SKU_0150,Apparel,4,47.81,191.02,cash,CUST_00260,0,
7818f8ed-4ba5-4d4b-9db5-09f3edcd2460,STORE_001,2024-03-28 08:47:00,SKU_0483,Apparel,4,164.64,654.99,cash,CUST_00493,0,
8f5d7c36-ecbd-41eb-9ac4-cb4abadc17fc,STORE_001,2024-02-14 21:34:00,SKU_0296,Grocery,4,334.65,1345.24,UPI,CUST_00319,0,
5a71db0c-529e-4bcc-8337-b3ea17ffc9a9,STORE_004,2024-03-16 10:08:00,SKU_0029,Grocery,2,24.63,49.91,UPI,CUST_00324,0,
a292aaef-1357-4da8-96c9-b4c8259f8e01,STORE_001,2024-03-24 15:33:00,SKU_0204,Pharmacy,2,114.44,226.52,card,CUST_00511,0,
d2319ea3-4ba2-44f2-a048-712630938824,STORE_002,2024-01-16 11:49:00,SKU_0461,Apparel,3,603.14,1798.05,cash,CUST_00115,0,
b50dfac0-23e4-4b0b-a8ec-894c4b6683d4,STORE_012,2024-01-28 16:18:00,SKU_0197,HomeGoods,2,557.72,1124.58,card,CUST_00467,0,
18c1cbff-bc5d-4fca-9585-04fa68a8789f,STORE_012,2024-01-24 10:55:00,SKU_0284,Electronics,6,337.28,2046.18,wallet,CUST_00407,0,
96077ad7-fdc2-4d49-bc54-b6da86fe50d9,STORE_012,2024-03-25 09:21:00,SKU_0306,HomeGoods,4,506.35,2051.76,UPI,CUST_00317,0,
925931e2-7104-4b52-955e-6c21e876ae10,STORE_003,2024-02-20 13:43:00,SKU_0352,HomeGoods,6,296.94,1760.93,cash,CUST_00046,0,
f004c13c-e649-4013-8c92-06e313cb91d4,STORE_015,2024-01-24 08:20:00,SKU_0436,Pharmacy,2,389.86,780.94,wallet,CUST_00459,0,
f40b48d0-2859-4b3b-af4a-0e83f6daeb2c,STORE_008,2024-02-23 10:48:00,SKU_0075,Electronics,5,194.21,986.59,card,CUST_00131,0,
f607350e-4461-4c51-ade4-d9a42280c33e,STORE_002,2024-01-02 08:30:00,SKU_0258,Apparel,4,274.27,1092.34,UPI,CUST_00537,0,
97efef3b-9c64-40cb-9d85-6cecd2367cbb,STORE_002,2024-02-16 12:15:00,SKU_0267,Apparel,1,150.74,150.32,cash,CUST_00475,0,
1a068bec-094a-4b41-b6d6-3e4e3b763dd6,STORE_010,2024-01-07 17:22:00,SKU_0077,Apparel,1,686.94,700.26,card,CUST_00218,0,
56f4b13e-bf60-4e33-a35f-9b943c407ef8,STORE_002,2024-01-11 13:56:00,SKU_0337,Electronics,1,844.47,831.4,wallet,CUST_00261,0,
3419cbc8-62e6-40c4-b3a4-66082270997a,STORE_008,2024-01-24 20:15:00,SKU_0059,Apparel,2,754.0,1520.4,card,CUST_00015,0,
245bc2bb-af14-4538-9fd1-365856828dc4,STORE_020,2024-01-17 11:19:00,SKU_0228,Grocery,2,180.36,365.77,cash,CUST_00298,0,
a552a7fa-9bc6-4ae4-87d3-696859dc0bd7,STORE_001,2024-01-11 16:20:00,SKU_0165,HomeGoods,1,116.56,114.93,cash,CUST_00034,0,
fe6ec320-23c0-4d52-9e75-7dbd570f198d,STORE_001,2024-03-05 14:26:00,SKU_0078,Grocery,3,694.39,2101.04,wallet,CUST_00592,0,
646c8b63-2301-49fa-9818-f7f1f8e83b5e,STORE_020,2024-02-12 10:42:00,SKU_0411,Apparel,3,386.29,1157.47,wallet,CUST_00384,0,
f0383426-24c1-4beb-ab0c-f276810707fa,STORE_008,2024-01-10 18:59:00,SKU_0122,HomeGoods,3,325.16,989.25,cash,CUST_00141,0,
7f3bf89d-fe98-4ca6-9a7c-1f32cc5a02cd,STORE_002,2024-03-09 14:18:00,SKU_0128,Electronics,1,150.59,153.04,wallet,CUST_00482,0,
e06f996b-bead-4bce-9e46-c42f78edf0ad,STORE_015,2024-03-19 11:28:00,SKU_0427,HomeGoods,1,351.42,356.66,wallet,CUST_00011,0,
4f2d36a3-77c7-471d-b6cf-d0d9f57d7d2e,STORE_015,2024-03-10 20:55:00,SKU_0438,HomeGoods,4,104.92,412.37,card,CUST_00329,0,
fe233c52-2472-4be5-a2f8-92b347a3da3e,STORE_008,2024-01-08 20:06:00,SKU_0018,Electronics,1,415.18,419.45,UPI,CUST_00066,0,
c5a3bfee-e31c-4ef0-9ce8-af07abe3ff0a,STORE_008,2024-02-22 21:39:00,SKU_0139,Electronics,4,753.38,3064.33,card,CUST_00032,0,
ea63fd5c-9766-43c5-ab69-96715b4fbd64,STORE_003,2024-03-26 12:18:00,SKU_0354,Pharmacy,3,921.77,2778.73,cash,CUST_00146,0,
ad217542-6915-4e55-b15a-1c1f28d51392,STORE_001,2024-01-30 12:40:00,SKU_0389,Grocery,3,440.66,1327.31,UPI,CUST_00176,0,
8b1d43d9-9dee-48c7-b92e-18f383f521c8,STORE_008,2024-02-10 18:24:00,SKU_0499,Pharmacy,1,82.75,81.24,cash,CUST_00435,0,
e5c53803-4b1f-4992-924b-e8dec9869a78,STORE_003,2024-01-28 10:33:00,SKU_0277,Apparel,1,292.75,296.92,card,CUST_00534,0,
009ba567-a128-4d27-b288-44983d5d24d2,STORE_010,2024-03-21 20:15:00,SKU_0004,Grocery,6,1384.66,8157.22,card,CUST_00465,0,
f26d356d-1946-400b-b765-85d3fbbed6fa,STORE_014,2024-02-12 17:36:00,SKU_0436,Grocery,5,124.78,619.25,cash,CUST_00443,0,
987472a4-5a03-4d93-843b-c776971ff139,STORE_001,2024-01-07 16:02:00,SKU_0081,HomeGoods,3,238.44,727.51,wallet,CUST_00339,0,
dbd29223-0764-42c3-9e11-8103054fbb7e,STORE_008,2024-01-11 17:06:00,SKU_0061,Electronics,4,774.55,3153.94,UPI,CUST_00222,0,
9c36822a-1202-4fd0-9e38-30a78800853b,STORE_003,2024-01-31 16:39:00,SKU_0337,Apparel,3,409.59,1252.95,wallet,CUST_00153,0,
0bde07d7-d358-4750-b296-ae8bf66411a3,STORE_015,2024-02-10 09:47:00,SKU_0302,Grocery,2,1818.17,3632.91,UPI,CUST_00567,0,
38fa3d99-e873-4893-b48a-dbd586e7ea71,STORE_003,2024-03-26 20:44:00,SKU_0030,Electronics,1,139.1,137.31,cash,CUST_00313,0,
6e2612d5-d58f-4681-bc95-a572c3770f22,STORE_008,2024-02-06 20:29:00,SKU_0085,Grocery,5,113.26,566.03,card,CUST_00338,0,
e001fae8-19c9-434c-8732-0cc522c3bd0b,STORE_008,2024-01-13 19:19:00,SKU_0295,Apparel,5,665.65,3275.31,card,CUST_00008,0,
a4175f3c-ea13-4f84-86cf-6b2947b05f52,STORE_006,2024-03-25 13:52:00,SKU_0128,HomeGoods,2,96.04,194.94,wallet,CUST_00274,0,
af794114-ce52-4795-b203-79356660ada5,STORE_010,2024-02-18 14:17:00,SKU_0342,Electronics,2,213.59,428.21,cash,CUST_00409,0,
1a49480e-8ad8-4d71-9e0c-7728ade0af3a,STORE_012,2024-03-16 08:28:00,SKU_0206,Pharmacy,2,237.21,472.61,UPI,CUST_00297,0,
24d8d039-468a-4606-9e25-d6b50756d782,STORE_008,2024-02-03 15:15:00,SKU_0294,Pharmacy,3,572.64,1689.03,cash,CUST_00368,0,
66cfc48c-c542-4d55-a790-992c00258bbd,STORE_013,2024-02-29 13:11:00,SKU_0238,HomeGoods,2,408.66,814.22,wallet,CUST_00485,0,
0abac286-bbf9-4851-90e1-b12457d503ec,STORE_020,2024-01-18 17:15:00,SKU_0183,Pharmacy,3,360.36,1096.92,UPI,CUST_00013,0,
b98ec507-7da4-43bb-92c2-059dba16ad98,STORE_006,2024-01-28 16:19:00,SKU_0171,Apparel,7,181.18,1278.58,card,CUST_00542,0,
64830ba6-2ffd-41c0-9b03-3d87b1b84b34,STORE_008,2024-02-04 11:20:00,SKU_0348,Pharmacy,3,660.81,1949.32,card,CUST_00490,0,
983a6846-6068-4c4b-9614-b461b8bbd37c,STORE_001,2024-03-03 15:59:00,SKU_0257,HomeGoods,2,6261.16,12351.97,card,CUST_00251,0,
04b6e6c2-00f7-4e05-b292-bcd224a86f8d,STORE_013,2024-03-10 08:22:00,SKU_0297,Apparel,1,434.63,432.76,cash,CUST_00458,0,
2bbea852-044b-46bd-be63-9a106b48c0fe,STORE_008,2024-01-27 16:15:00,SKU_0289,Electronics,5,270.75,1332.16,UPI,CUST_00039,0,
6fb6cb0f-b9b7-4e53-9d83-1de73d7e98f5,STORE_006,2024-03-27 12:31:00,SKU_0104,Apparel,3,88.51,270.14,wallet,CUST_00184,0,
9d61dff5-0381-445e-93e7-2d69b11be606,STORE_001,2024-01-12 20:54:00,SKU_0456,Pharmacy,4,150.13,604.18,cash,CUST_00064,0,
0263dec1-d643-40b8-8061-e2c7540e6280,STORE_015,2024-03-12 12:03:00,SKU_0282,Pharmacy,1,210.71,207.3,UPI,CUST_00381,0,
743aae4b-ee93-4427-b611-486478e034a0,STORE_006,2024-03-04 14:59:00,SKU_0359,Apparel,1,163.0,164.88,UPI,CUST_00513,0,
b7a1e0ae-8cc6-4ccd-b15a-598e9da82a68,STORE_010,2024-03-03 15:59:00,SKU_0441,Grocery,4,246.81,982.04,wallet,CUST_00360,0,
4061c796-134f-4071-a9b9-42420f18ed92,STORE_002,2024-03-13 14:01:00,SKU_0462,HomeGoods,4,1036.78,4104.8,wallet,CUST_00426,0,
44421a24-548a-44f8-9cc6-09b8796ee9ec,STORE_019,2024-01-09 14:33:00,SKU_0333,Electronics,4,678.03,2719.71,cash,CUST_00085,0,
b835a785-7999-4f9a-81a9-b013ea4391f6,STORE_002,2024-01-03 09:42:00,SKU_0393,Electronics,6,220.17,1295.31,cash,CUST_00560,0,
85e38197-54e0-432b-88a0-8f61d30fa8b3,STORE_002,2024-03-08 08:30:00,SKU_0236,Apparel,4,95.09,379.83,wallet,CUST_00115,0,
86952661-8497-4047-b46e-1282cfade879,STORE_015,2024-01-08 18:50:00,SKU_0369,Pharmacy,4,728.77,2955.17,cash,CUST_00315,0,
aaca4a15-8491-4730-b44e-f5ce1cb2b73e,STORE_016,2024-03-19 16:37:00,SKU_0161,Grocery,3,240.38,733.49,UPI,CUST_00409,0,
40a5ed8d-71d8-4c89-b1a3-5ecaeb85b1eb,STORE_002,2024-03-24 16:26:00,SKU_0356,Apparel,1,62.82,62.42,wallet,CUST_00513,0,
3d24153c-1046-47fb-a08c-ffd550c7af29,STORE_007,2024-03-08 16:50:00,SKU_0043,Grocery,6,442.04,2667.35,UPI,CUST_00560,0,
dd6b1a46-607e-48d0-880d-6f6449671d9a,STORE_012,2024-02-17 20:02:00,SKU_0457,Apparel,4,567.94,2246.94,cash,CUST_00359,0,
83c5aac2-1e34-465b-b8e5-d98300b7da08,STORE_015,2024-01-04 09:33:00,SKU_0123,Electronics,3,35.9,107.96,cash,CUST_00345,0,
f6ce9603-b32d-4d07-8abb-89d37ba8898b,STORE_006,2024-03-04 11:09:00,SKU_0328,Apparel,4,129.26,511.95,UPI,CUST_00250,0,
332d396e-3fba-4b45-9975-287bf8c94497,STORE_008,2024-03-18 18:38:00,SKU_0006,Apparel,5,228.86,1147.57,wallet,CUST_00340,0,
9664a89f-f6e8-4234-bdd8-5b257acfc981,STORE_012,2024-02-13 13:01:00,SKU_0078,Grocery,2,449.92,888.02,card,CUST_00404,0,
6aae7282-e63d-4c4a-bc24-12837b9d0a0d,STORE_012,2024-01-17 20:20:00,SKU_0493,Grocery,3,165.48,505.2,UPI,CUST_00388,0,
727ee90d-5d61-4ac8-ac38-603eafcf4775,STORE_013,2024-03-04 17:18:00,SKU_0416,HomeGoods,4,128.48,521.87,wallet,CUST_00355,0,
6b6d8fd8-5c3f-424e-a347-f806eb8cb5b5,STORE_008,2024-01-19 17:05:00,SKU_0112,Electronics,1,447.29,444.37,wallet,CUST_00264,0,
d8bebf56-45e2-4833-8ec5-1e8cb025ab45,STORE_001,2024-02-14 20:42:00,SKU_0066,Electronics,2,171.88,347.56,UPI,CUST_00117,0,
cdd0c992-c714-4f3f-a9d5-b875e7b7bb36,STORE_015,2024-03-09 09:11:00,SKU_0407,Electronics,5,385.72,1897.4,UPI,CUST_00032,0,
05c29fdd-e545-4172-b2d2-09161ac5546c,STORE_015,2024-01-25 12:11:00,SKU_0495,Pharmacy,3,102.74,311.18,wallet,CUST_00252,0,
5b697abc-8890-4fa2-855a-2cb8b9ae0f9a,STORE_013,2024-03-28 10:42:00,SKU_0085,Grocery,8,84.74,672.02,wallet,CUST_00237,0,
2d8c8e0a-b196-447b-8387-284a03e6a5d3,STORE_001,2024-02-22 16:12:00,SKU_0332,Electronics,2,457.45,901.57,card,CUST_00364,0,
57f318f1-fc09-4ce1-8158-4177a8eca174,STORE_002,2024-01-28 16:17:00,SKU_0142,Pharmacy,5,305.97,1540.75,UPI,CUST_00540,0,
91b3e952-b52c-4501-b8a8-ac40f1e9997a,STORE_012,2024-03-03 08:04:00,SKU_0372,Electronics,2,522.92,1044.58,card,CUST_00420,0,
96b7c2ea-1530-46f4-89e8-529129ec4d53,STORE_001,2024-03-06 16:02:00,SKU_0209,Grocery,1,163.27,163.47,wallet,CUST_00482,0,
d6f1fbfd-4064-4e1e-9e80-bafd41a58025,STORE_019,2024-03-21 08:57:00,SKU_0063,Electronics,2,132.34,264.9,cash,CUST_00346,0,
ee9267b2-ec0e-4bf4-a468-eeb3aedc07ca,STORE_006,2024-03-06 21:56:00,SKU_0162,HomeGoods,3,742.51,2188.28,cash,CUST_00556,0,
d14f0c3b-0bd8-45e6-a4fb-7023977ee195,STORE_012,2024-01-29 18:12:00,SKU_0269,HomeGoods,1,73.93,72.6,card,CUST_00563,0,
dc3dd66d-4ac1-47bb-be59-55c122f2e8c2,STORE_015,2024-02-12 11:29:00,SKU_0399,HomeGoods,5,680.37,3415.62,cash,CUST_00091,0,
af844d7c-5031-42a8-9c7e-0a9926faef9f,STORE_006,2024-03-19 14:05:00,SKU_0011,Grocery,2,719.0,1445.12,UPI,CUST_00383,0,
7643cf6c-b80d-486f-b6b7-0e9667185d1e,STORE_003,2024-01-30 19:31:00,SKU_0478,Grocery,2,497.47,976.92,UPI,CUST_00303,0,
4e006303-f159-4827-9cad-b880b4a2857a,STORE_008,2024-02-20 14:17:00,SKU_0325,Pharmacy,1,144.2,143.5,wallet,CUST_00583,0,
c4be5431-c43f-4961-9d07-407630a8a4f2,STORE_008,2024-02-23 16:53:00,SKU_0437,Pharmacy,5,130.09,653.39,UPI,CUST_00350,0,
4f124d4b-d3f4-424a-8dad-19f6e6eeaaa1,STORE_006,2024-02-25 21:49:00,SKU_0465,Electronics,4,211.33,850.62,UPI,CUST_00009,0,
4bf0b4ac-d607-4432-b243-4ab0b276e439,STORE_008,2024-01-08 13:23:00,SKU_0077,HomeGoods,1,88.72,89.88,UPI,CUST_00125,0,
0860008d-41a7-417f-959d-72b01878642f,STORE_018,2024-01-01 10:45:00,SKU_0047,Pharmacy,2,115.83,230.93,cash,CUST_00077,0,
cedbd9b4-5b31-43e0-9fd0-3d1757c33aec,STORE_007,2024-02-01 10:17:00,SKU_0388,Apparel,5,418.74,2097.74,UPI,CUST_00120,0,
c9303de0-0b26-45b2-8898-d9313ecb1335,STORE_002,2024-01-25 10:06:00,SKU_0094,HomeGoods,7,420.29,2951.28,cash,CUST_00057,0,
45ae0e7a-9ca0-4960-b8e6-ed89ab92063c,STORE_006,2024-03-09 19:29:00,SKU_0074,Electronics,6,107.96,642.89,UPI,CUST_00469,0,
10ba4189-8efb-4d97-b2d0-4d303a06533f,STORE_006,2024-02-25 20:50:00,SKU_0234,Electronics,5,429.39,2108.63,wallet,CUST_00296,0,
bc40adce-6693-446a-b4c3-2cc543e26956,STORE_002,2024-01-03 21:04:00,SKU_0456,Electronics,1,359.57,352.44,wallet,CUST_00403,0,
c4b4b702-b180-4788-9cf6-289dce9e7832,STORE_002,2024-01-03 13:44:00,SKU_0398,Electronics,4,836.62,3391.47,UPI,CUST_00599,0,
a7ac4743-b533-4125-9473-80ad76f1a968,STORE_010,2024-01-08 12:15:00,SKU_0259,Pharmacy,6,394.17,2336.66,card,CUST_00388,0,
dd42bf7e-1d21-4e6c-a311-eb4128175e82,STORE_003,2024-02-05 21:19:00,SKU_0099,HomeGoods,4,583.08,2344.47,wallet,CUST_00287,0,
2f6395b5-1260-4720-b4b4-5baa75b54b2c,STORE_019,2024-01-19 09:11:00,SKU_0168,HomeGoods,8,366.18,2938.47,wallet,CUST_00160,0,
02066419-3472-4c9e-ae2e-45c140baa78e,STORE_003,2024-01-12 16:25:00,SKU_0344,Grocery,4,547.52,2181.29,card,CUST_00452,0,
998d9a2b-3beb-4071-bc21-da88bd2c7eb0,STORE_001,2024-02-14 19:34:00,SKU_0079,Pharmacy,3,89.28,271.41,cash,CUST_00304,0,
04b3a263-5da8-4828-b4cd-8de5952a9f57,STORE_013,2024-01-14 13:18:00,SKU_0262,Electronics,2,226.8,457.2,UPI,CUST_00454,0,
c59a8d97-20aa-4e5e-a1b4-98cca21e2ccd,STORE_015,2024-03-15 12:08:00,SKU_0006,Pharmacy,3,242.32,713.08,UPI,CUST_00013,0,
10d0ae14-61b9-44ff-8d9d-5685b41848f7,STORE_003,2024-03-07 13:05:00,SKU_0163,Electronics,3,205.71,623.96,wallet,CUST_00097,0,
cf64b77b-4a04-40d6-b7fd-2d1af9c7ed38,STORE_002,2024-03-03 10:52:00,SKU_0124,Electronics,2,356.58,713.36,wallet,CUST_00077,0,
617bcb42-161b-4399-b05c-b1b0816af37a,STORE_002,2024-03-15 13:33:00,SKU_0340,Electronics,6,415.28,2476.43,cash,CUST_00408,0,
6613acd6-71c8-447d-9f56-a40525a7d4be,STORE_008,2024-02-21 17:04:00,SKU_0457,HomeGoods,4,342.16,1381.06,card,CUST_00310,0,
0cbbdbc8-badf-4263-ac01-91eeb5fe6169,STORE_007,2024-01-30 10:41:00,SKU_0074,Grocery,1,217.0,218.62,wallet,CUST_00190,0,
89a818b8-d07c-4945-ba98-33fb3ee76043,STORE_003,2024-01-07 15:43:00,SKU_0398,Apparel,1,138.78,137.73,card,CUST_00185,0,
5608a4cb-76bc-405a-8d04-91eaa1c7101f,STORE_001,2024-03-26 12:00:00,SKU_0328,Apparel,6,601.37,3677.94,card,CUST_00364,0,
4cf35909-83eb-4d5b-865a-726a109111e0,STORE_007,2024-03-06 08:03:00,SKU_0484,HomeGoods,8,330.71,2661.42,card,CUST_00579,0,
0fc2ab1d-e0ae-4019-b4e2-de44427aa5ab,STORE_019,2024-03-30 20:42:00,SKU_0455,Grocery,1,110.67,111.14,card,CUST_00597,0,
a9538cf2-02d6-4421-b793-d7d87fe29f5a,STORE_010,2024-03-16 09:05:00,SKU_0051,Electronics,1,214.11,210.43,UPI,CUST_00282,0,
1cf60035-7134-4949-ba6c-fda7eeb7c668,STORE_008,2024-01-28 08:53:00,SKU_0371,Grocery,1,61.98,61.43,card,CUST_00402,0,
d14d5e5c-9d91-4e58-acb2-5d8f5e321181,STORE_001,2024-01-06 15:51:00,SKU_0296,Grocery,4,257.18,1026.54,card,CUST_00050,0,
d1d697a7-ce3f-4ce9-9afe-b612e062a387,STORE_003,2024-03-07 11:28:00,SKU_0057,HomeGoods,1,213.31,214.42,card,CUST_00567,0,
02f483d5-7d41-4c3a-8c2c-47123e9286db,STORE_003,2024-02-19 18:25:00,SKU_0129,HomeGoods,5,157.89,789.85,cash,CUST_00010,0,
74c5c753-95f6-4e0e-a5c2-6496c4637139,STORE_013,2024-01-26 19:53:00,SKU_0463,Electronics,3,888.15,2692.48,wallet,CUST_00205,0,
ef8eb757-5c83-48ba-b234-46447fb59684,STORE_015,2024-02-14 08:30:00,SKU_0271,HomeGoods,1,99.14,98.2,wallet,CUST_00435,0,
3d660f49-aeea-43df-8987-fbd40547d699,STORE_015,2024-03-21 21:24:00,SKU_0169,Electronics,1,439.91,443.47,card,CUST_00581,0,
297a4e95-f9ad-4464-96f0-11a185c800d1,STORE_020,2024-01-14 16:49:00,SKU_0160,HomeGoods,1,1437.74,1455.95,cash,CUST_00102,0,
139383b2-effa-4eef-84a7-778664bf8d1b,STORE_020,2024-03-26 08:17:00,SKU_0419,Grocery,2,591.86,1196.27,UPI,CUST_00396,0,
67ecc4f5-e49c-4826-8c1a-548740d5d6f5,STORE_019,2024-02-12 09:53:00,SKU_0142,Grocery,4,243.77,985.64,UPI,CUST_00112,0,
438bdd38-f6fc-4666-a0d5-8b684c79dba5,STORE_001,2024-01-11 17:55:00,SKU_0080,Apparel,4,100.91,409.91,UPI,CUST_00030,0,
5d300ae7-317a-4ff2-afa3-46e469038c73,STORE_002,2024-03-02 18:15:00,SKU_0287,Grocery,3,84.08,248.04,UPI,CUST_00254,0,
2a2e04eb-7b7f-495f-a473-9fa1f4f9294b,STORE_003,2024-03-15 13:03:00,SKU_0496,HomeGoods,2,179.87,362.58,UPI,CUST_00345,0,
0935ce79-b517-4f22-8345-5aad39a44ba7,STORE_008,2024-02-02 12:31:00,SKU_0092,Pharmacy,2,144.3,294.01,cash,CUST_00158,0,
9b4224c2-8fab-48ab-8bee-dd10c066dc35,STORE_001,2024-01-24 14:25:00,SKU_0128,Pharmacy,2,140.59,282.01,cash,CUST_00583,0,
6f12fd63-c45d-4769-ad42-92da2fd78d56,STORE_014,2024-01-30 17:18:00,SKU_0235,Apparel,1,192.56,190.38,cash,CUST_00369,0,
498d0a42-42c4-43ed-be59-3a232e57ce01,STORE_008,2024-03-09 11:51:00,SKU_0100,Apparel,1,230.36,234.96,cash,CUST_00262,0,
9fb87300-5add-4198-9bbd-0997ee131856,STORE_008,2024-02-02 08:08:00,SKU_0325,Apparel,6,368.57,2182.64,wallet,CUST_00291,0,
94e6c90c-c90f-450e-a938-b86b2aeb7094,STORE_002,2024-03-13 20:12:00,SKU_0127,HomeGoods,2,92.87,184.52,UPI,CUST_00278,0,
2e63fc25-6666-4520-8b30-2287c80145dc,STORE_003,2024-02-24 16:08:00,SKU_0064,Apparel,4,144.85,571.8,UPI,CUST_00066,0,
f2682226-0128-457e-aba9-be908eec9110,STORE_002,2024-02-10 17:58:00,SKU_0131,Apparel,7,220.02,1537.95,UPI,CUST_00363,0,
18cee3cc-82ea-4b02-a4b0-d3d3065ca747,STORE_014,2024-03-17 09:14:00,SKU_0465,Apparel,1,213.81,213.12,cash,CUST_00470,0,
60afdcc5-e36a-4402-87b0-76cb8a75be39,STORE_008,2024-02-09 10:34:00,SKU_0467,Grocery,5,1086.37,5429.95,cash,CUST_00252,0,
9042f84a-92d1-4e79-8993-201f07fd364a,STORE_012,2024-01-01 09:02:00,SKU_0253,Apparel,2,301.04,612.39,wallet,CUST_00255,0,
3a6c0aae-4e0e-4328-b95a-f23883f5bc4b,STORE_003,2024-01-27 18:10:00,SKU_0200,HomeGoods,1,68.76,68.7,card,CUST_00546,0,
62016aed-f09b-4a25-b6af-5ec39c09a7bb,STORE_006,2024-03-29 11:02:00,SKU_0409,Apparel,2,349.33,699.07,UPI,CUST_00366,0,
07a0fe02-ad8b-4215-bfbb-8ece09069c73,STORE_006,2024-01-31 18:06:00,SKU_0097,Pharmacy,1,386.83,392.81,wallet,CUST_00178,0,
aee375a5-9c48-4562-82c1-d0c542de4952,STORE_013,2024-01-07 19:35:00,SKU_0327,Pharmacy,1,226.19,229.06,cash,CUST_00002,0,
ce9a24fe-9747-4e06-be81-1e6aaa132458,STORE_013,2024-01-31 18:50:00,SKU_0340,Apparel,3,94.7,281.14,wallet,CUST_00493,0,
9ec7cf61-a285-4e47-a40a-bed6a5a150d2,STORE_002,2024-02-02 15:00:00,SKU_0355,Pharmacy,7,1020.35,7003.29,UPI,CUST_00375,0,
8b2fcedf-62e2-4c1d-b1b4-4b11487bea6f,STORE_019,2024-01-28 16:11:00,SKU_0109,Electronics,3,106.22,320.31,card,CUST_00375,0,
74059ea9-d34f-4812-a601-35c7487562df,STORE_002,2024-03-30 21:15:00,SKU_0358,Pharmacy,5,424.15,2150.0,card,CUST_00169,0,
6d97d8bb-976e-4fc2-87da-9fc62ac32347,STORE_015,2024-02-05 10:30:00,SKU_0306,Grocery,4,293.39,1176.04,cash,CUST_00111,0,
836c5152-6081-45fa-8ad4-e81e5aa5d6e9,STORE_001,2024-01-12 13:33:00,SKU_0437,Apparel,3,404.28,1198.83,cash,CUST_00296,0,
ea114858-c8c5-4f29-b7d1-7497d8f743f8,STORE_003,2024-02-25 16:13:00,SKU_0088,Grocery,2,979.41,1977.73,cash,CUST_00454,0,
049b57d0-e5d8-414c-907a-70003e5fcf84,STORE_014,2024-03-12 17:45:00,SKU_0307,Apparel,3,391.81,1183.4,wallet,CUST_00178,0,
0ddc4ef7-ec9c-4b83-8007-64bbb51ed14f,STORE_002,2024-02-12 20:23:00,SKU_0414,Grocery,6,159.9,961.9,cash,CUST_00316,0,
b158645f-e7c8-4274-8924-80f06fbab5db,STORE_006,2024-03-13 10:14:00,SKU_0139,HomeGoods,7,605.62,4300.95,card,CUST_00597,0,
a796e74f-a5f5-4a04-8821-ccf011ab2591,STORE_007,2024-02-17 15:44:00,SKU_0372,Electronics,2,150.89,305.21,cash,CUST_00131,0,
cc0e3d67-0847-4e69-81fb-aa69daa6a55a,STORE_003,2024-01-27 20:19:00,SKU_0050,Pharmacy,5,284.95,1434.32,card,CUST_00138,0,
0e9a9b2b-0db4-4568-b107-6ebd0d38f04e,STORE_012,2024-02-18 21:32:00,SKU_0359,Pharmacy,1,88.85,89.44,cash,CUST_00141,0,
6da96d24-4792-4d58-92ac-23a2b7012700,STORE_014,2024-03-02 20:58:00,SKU_0303,Apparel,4,109.38,440.36,card,CUST_00547,0,
b8680e25-5e18-44f3-9723-9f797458b83a,STORE_015,2024-02-14 13:11:00,SKU_0097,Apparel,1,260.49,260.75,UPI,CUST_00317,0,
d1fbed88-bcf4-445a-bd96-2f8541f7feda,STORE_003,2024-02-18 20:29:00,SKU_0034,HomeGoods,3,335.6,1005.35,wallet,CUST_00550,0,
265a086f-ea06-4d88-b825-aba2f83d1d71,STORE_008,2024-02-01 09:23:00,SKU_0372,Electronics,3,64.04,193.73,card,CUST_00568,0,
e6ee8b77-e342-412f-9377-09e3bff459d8,STORE_003,2024-01-22 21:31:00,SKU_0121,HomeGoods,1,372.15,373.79,UPI,CUST_00252,0,
9e67c47c-37a6-446f-8817-d86b6b270f77,STORE_003,2024-01-13 08:51:00,SKU_0249,Grocery,2,129.79,259.48,UPI,CUST_00032,0,
9a9d9504-a8e0-499d-ac46-4c1617b8545f,STORE_002,2024-03-24 18:07:00,SKU_0031,HomeGoods,4,695.9,2742.03,wallet,CUST_00182,0,
79f8b503-89a9-42f1-9941-8404ace833f0,STORE_019,2024-01-09 10:45:00,SKU_0481,Grocery,5,188.65,950.87,wallet,CUST_00326,0,
8355454b-23ec-4428-8a14-56924780d435,STORE_015,2024-03-09 19:05:00,SKU_0274,HomeGoods,2,101.75,204.69,cash,CUST_00228,0,
d55d2918-a131-42e7-bb8b-681cffb78d5c,STORE_013,2024-01-14 20:55:00,SKU_0465,HomeGoods,4,265.63,1055.82,UPI,CUST_00001,0,
2187a046-ca3f-4bdf-8717-49d27eb739fc,STORE_008,2024-03-06 09:04:00,SKU_0081,Grocery,3,120.12,358.29,wallet,CUST_00593,0,
72d60616-3285-441f-8b5a-5b99f89936fb,STORE_007,2024-01-06 17:50:00,SKU_0103,HomeGoods,3,689.95,2048.88,card,CUST_00181,0,
a0323777-ca39-4708-9093-969e4e1caf1f,STORE_008,2024-02-26 11:45:00,SKU_0305,Apparel,3,250.11,764.19,UPI,CUST_00371,0,
2a4b7c5a-7b07-48d7-b8ac-58413af0e392,STORE_008,2024-01-06 19:53:00,SKU_0302,Grocery,1,221.43,224.62,card,CUST_00568,0,
5c6df3d8-c14e-44c9-a73b-13dd9a637d51,STORE_007,2024-03-05 20:35:00,SKU_0395,Apparel,2,401.38,804.72,card,CUST_00326,0,
f83a88e2-c2a2-47e1-9a32-a2c044c77aa0,STORE_002,2024-02-12 12:55:00,SKU_0464,Pharmacy,1,111.89,111.45,cash,CUST_00416,0,
bf05c52e-67d2-4e09-ae72-b1c77d675683,STORE_002,2024-03-03 10:57:00,SKU_0411,Electronics,3,89.13,269.92,cash,CUST_00021,0,
2e16ea6c-8b21-4c2c-a7f1-c19332fa97f0,STORE_019,2024-01-06 16:11:00,SKU_0070,Pharmacy,1,346.59,346.97,UPI,CUST_00418,0,
98df46f4-bd8f-417e-84a3-9e96262ed6d3,STORE_007,2024-02-29 13:26:00,SKU_0155,Pharmacy,4,103.72,422.78,wallet,CUST_00508,0,
ed2f55e1-b8a3-41d4-9732-5fa65fe31ca1,STORE_019,2024-03-01 18:22:00,SKU_0456,Apparel,4,103.69,407.38,UPI,CUST_00550,0,
99d26229-7b20-43fc-b9f2-f7fae5bae3cb,STORE_002,2024-03-30 14:09:00,SKU_0274,HomeGoods,6,488.27,2875.05,cash,CUST_00050,0,
7af61c9f-9987-46c2-ae56-7a5730a6509b,STORE_008,2024-01-01 10:41:00,SKU_0433,Grocery,5,380.51,1907.77,cash,CUST_00137,0,
01f1ad9d-7b43-4c39-ad9c-d6102b17d912,STORE_002,2024-02-18 12:28:00,SKU_0281,Electronics,3,91.69,271.81,UPI,CUST_00028,0,
1d045798-5d03-48e9-aa32-94f84b84c6f6,STORE_003,2024-03-16 16:03:00,SKU_0025,Apparel,3,152.35,458.96,cash,CUST_00550,0,
73ec9824-7a55-4791-af4f-54ab1b92a22c,STORE_001,2024-01-05 14:24:00,SKU_0236,Pharmacy,1,121.33,122.7,UPI,CUST_00164,0,
58f70782-9810-4d2c-b850-20d39c986dfd,STORE_002,2024-03-17 16:45:00,SKU_0412,Grocery,6,1035.37,6122.29,wallet,CUST_00318,0,
e278d1bb-581c-4fb5-993f-ab333dc81e91,STORE_016,2024-02-22 12:39:00,SKU_0327,HomeGoods,4,516.08,2059.42,cash,CUST_00285,0,
63426acf-b01f-4a4d-a4c8-f534cf179f3e,STORE_003,2024-02-25 18:11:00,SKU_0067,HomeGoods,3,178.54,539.66,UPI,CUST_00413,0,
1e32564e-01e4-4205-a679-8f8484b5f384,STORE_008,2024-02-27 11:47:00,SKU_0105,HomeGoods,1,396.4,401.69,wallet,CUST_00537,0,
ae926537-903b-4dcd-aa0c-fbe8227ff79f,STORE_007,2024-03-12 16:56:00,SKU_0427,Grocery,4,84.48,337.87,card,CUST_00194,0,
53e0a8e6-386b-4426-b467-159311e6298d,STORE_006,2024-02-18 08:36:00,SKU_0489,Grocery,2,145.96,288.49,wallet,CUST_00474,0,
7df3ca70-4196-49be-873c-a2f67df724a4,STORE_008,2024-03-10 09:06:00,SKU_0376,Apparel,5,271.88,1364.07,wallet,CUST_00174,0,
b3f6f13a-2cd2-4920-8960-452ddb794b5a,STORE_002,2024-01-25 19:31:00,SKU_0049,Pharmacy,6,358.97,2149.9,card,CUST_00118,0,
ea53befd-d1f2-45a1-abd8-ebf496d04fbc,STORE_020,2024-03-28 20:33:00,SKU_0309,Pharmacy,1,231.25,233.77,card,CUST_00063,0,
6691047e-6b16-41fe-97fb-4583a8058319,STORE_013,2024-03-02 12:05:00,SKU_0414,Apparel,2,304.87,611.1,UPI,CUST_00223,0,
2bc2ac22-c2db-4c6a-b314-60581181171f,STORE_012,2024-02-05 16:10:00,SKU_0320,Pharmacy,2,266.17,527.64,UPI,CUST_00336,0,
5f098161-2a11-4bed-996f-3fa1839ade90,STORE_007,2024-01-20 08:44:00,SKU_0297,Apparel,2,219.33,443.12,card,CUST_00468,0,
b686dfc3-34ef-4088-a0c3-2f3956f84d1e,STORE_002,2024-03-21 19:22:00,SKU_0234,Grocery,4,197.26,789.6,cash,CUST_00509,0,
31dddabe-176b-4754-8102-c2523818968a,STORE_017,2024-02-23 21:35:00,SKU_0123,Electronics,1,177.76,175.47,UPI,CUST_00316,0,
5423782d-9359-4e64-9a50-62b16721e7de,STORE_004,2024-01-27 12:43:00,SKU_0141,HomeGoods,5,300.97,1508.65,cash,CUST_00245,0,
08789d51-15e3-42dd-9657-857a409de183,STORE_001,2024-02-10 19:51:00,SKU_0373,HomeGoods,2,347.27,707.0,cash,CUST_00104,0,
837439fb-e730-44f4-bc2d-b006c991e829,STORE_004,2024-01-04 18:22:00,SKU_0035,Pharmacy,5,292.99,1476.99,cash,CUST_00548,0,
d444f755-631c-43f2-a48f-d0a19d979e21,STORE_013,2024-02-16 11:22:00,SKU_0043,HomeGoods,3,97.38,289.79,card,CUST_00237,0,
611d8e1a-01b2-4e90-9e71-1e27cdb0b871,STORE_008,2024-01-30 08:46:00,SKU_0198,Electronics,2,112.43,226.76,cash,CUST_00458,0,
631d5579-78c9-4525-bfe7-818c356bd362,STORE_012,2024-01-13 13:11:00,SKU_0387,Apparel,3,343.97,1022.94,card,CUST_00375,0,
0c5775ce-8040-4d08-8e5a-d9bdc01dea8b,STORE_013,2024-01-15 13:55:00,SKU_0328,HomeGoods,1,811.43,812.82,cash,CUST_00558,0,
2706a21e-b21e-4d5a-a2a9-f09d5f8c0dd5,STORE_002,2024-03-25 13:30:00,SKU_0295,Apparel,1,282.42,282.72,card,CUST_00583,0,
a9b4c5eb-fedf-42a3-86fa-0fc0e76556a2,STORE_018,2024-03-29 11:56:00,SKU_0267,Apparel,3,179.85,534.1,wallet,CUST_00424,0,
fd4e5a13-dd93-4468-ae3d-8d5c2da0c47d,STORE_007,2024-01-10 11:20:00,SKU_0056,Pharmacy,2,299.15,594.66,card,CUST_00397,0,
1fe067f8-8f65-4df3-8a37-64bcee678465,STORE_008,2024-01-04 19:51:00,SKU_0166,HomeGoods,5,100.69,512.35,UPI,CUST_00082,0,
feb2b527-ab25-477f-8591-5fb5b051f439,STORE_001,2024-02-04 19:46:00,SKU_0040,HomeGoods,1,712.38,705.27,cash,CUST_00009,0,
5ead70cb-bd24-412d-a4dc-e7bb9e0b9b53,STORE_020,2024-03-13 19:34:00,SKU_0379,Apparel,4,290.25,1174.98,cash,CUST_00327,0,
bdf423f8-def2-4f6f-8ab6-88b806cca99d,STORE_003,2024-01-10 20:36:00,SKU_0375,Grocery,4,146.33,589.24,wallet,CUST_00423,0,
143b7801-20c3-49aa-98c3-934ecff31890,STORE_001,2024-03-22 21:11:00,SKU_0129,Apparel,2,218.77,438.11,UPI,CUST_00447,0,
b214592a-2d83-4f6e-8950-a9ce7e1c69c7,STORE_007,2024-02-06 10:03:00,SKU_0147,Pharmacy,2,163.99,323.22,cash,CUST_00150,0,
dbeb1986-c11d-4f72-9721-6093c486f5d9,STORE_002,2024-03-27 20:55:00,SKU_0159,HomeGoods,2,713.94,1411.01,UPI,CUST_00301,0,
5946320d-11cb-47b5-bdd0-260b1db0b909,STORE_002,2024-03-20 17:31:00,SKU_0444,HomeGoods,3,212.65,629.76,cash,CUST_00517,0,
354f59c5-8fbd-4ea2-bd5b-8fdfb76e8bc3,STORE_008,2024-03-30 15:38:00,SKU_0244,Electronics,2,283.09,568.15,cash,CUST_00057,0,
313cbf8e-f517-4293-b539-e8fd15032c4b,STORE_006,2024-01-20 18:49:00,SKU_0381,Pharmacy,4,395.62,1612.44,card,CUST_00230,0,
3cf9ce3d-7aa1-47aa-898d-8c751131d718,STORE_017,2024-03-02 14:11:00,SKU_0224,Grocery,4,138.22,561.22,UPI,CUST_00566,0,
675822ab-4684-4256-8955-834f58395c9d,STORE_003,2024-01-04 16:40:00,SKU_0349,Pharmacy,3,291.91,859.1,UPI,CUST_00119,0,
b7007437-8c66-409f-8ba9-a37c76413a85,STORE_012,2024-03-10 21:29:00,SKU_0264,Apparel,5,311.38,1542.81,wallet,CUST_00190,0,
93c3b453-3089-4ee4-9608-ea957ebbccf2,STORE_007,2024-03-15 18:16:00,SKU_0140,Pharmacy,2,72.11,142.24,cash,CUST_00280,0,
0401f976-1da8-4482-88ed-3c87d00c7cc4,STORE_010,2024-03-17 08:35:00,SKU_0438,Pharmacy,4,306.01,1247.33,cash,CUST_00413,0,
95d1e9b6-cddb-4364-b385-ba4ad46c832a,STORE_008,2024-03-25 17:56:00,SKU_0354,HomeGoods,1,241.01,238.46,UPI,CUST_00153,0,
bf1c4f86-3509-485e-b12e-64b133451894,STORE_007,2024-01-06 15:46:00,SKU_0384,Pharmacy,3,277.39,822.23,wallet,CUST_00475,0,
4cbd36f0-3e0c-40e1-ba3f-26d16531dbc0,STORE_019,2024-02-27 20:27:00,SKU_0474,HomeGoods,5,257.23,1292.37,UPI,CUST_00141,0,
ecfb2715-b25f-43c1-99b4-eb1d71e0125c,STORE_004,2024-03-02 13:52:00,SKU_0125,Pharmacy,2,307.6,616.58,UPI,CUST_00220,0,
197654d5-6c4a-4996-a1c5-2169d4519a9c,STORE_002,2024-01-11 11:05:00,SKU_0046,Electronics,1,728.75,720.76,cash,CUST_00343,0,
d01ddff0-6716-474a-aeb3-e9e204341912,STORE_010,2024-03-04 11:19:00,SKU_0291,Electronics,5,97.31,489.87,wallet,CUST_00007,0,
0c4e694f-405f-499d-92ef-5a26989f10c8,STORE_014,2024-03-16 13:08:00,SKU_0163,Apparel,1,190.14,187.07,wallet,CUST_00460,0,
5a4523ec-478d-4a76-9f5c-bbba9855ac4f,STORE_001,2024-01-02 11:54:00,SKU_0218,Pharmacy,4,426.13,1671.75,UPI,CUST_00401,0,
c9821ffd-b5b0-4a21-8739-c49659a6ab43,STORE_007,2024-02-19 21:12:00,SKU_0118,HomeGoods,2,367.31,722.35,card,CUST_00500,0,
