transaction_id,store_id,timestamp,sku,category,quantity,unit_price,total_amount,payment_method,customer_id,is_anomaly,anomaly_type
11b3b534-8750-4ee9-a25f-9e828b9708cf,STORE_013,2024-01-27 20:44:00,SKU_0176,Grocery,2,428.03,848.63,wallet,CUST_00397,0,
1afe3e25-230c-4fa5-8976-9f46328990ff,STORE_005,2024-03-08 11:59:00,SKU_0082,Grocery,3,77.69,230.57,card,CUST_00385,0,
ab5fccec-1552-4cbb-8d00-601757c026f8,STORE_019,2024-02-10 15:45:00,SKU_0199,Grocery,3,361.28,1096.57,card,CUST_00557,0,
54820cf1-3480-4a3b-8054-d4201ab11a0d,STORE_015,2024-02-29 10:18:00,SKU_0282,HomeGoods,1,110.84,110.62,wallet,CUST_00066,0,
b28c7d8f-bc98-4a00-b6b2-2456228ffb8b,STORE_013,2024-02-02 21:42:00,SKU_0404,Apparel,3,155.95,463.74,UPI,CUST_00309,0,
b404abc1-32ca-4776-84aa-657604eea405,STORE_002,2024-02-02 18:44:00,SKU_0184,Apparel,2,1409.53,2854.1,UPI,CUST_00425,0,
cf5c298f-8814-435f-a8d3-6ee2c04b8192,STORE_007,2024-02-05 13:53:00,SKU_0385,Electronics,4,204.15,800.9,wallet,CUST_00209,0,
b26ca72b-6d84-4ad8-8a20-fe798a300d63,STORE_001,2024-02-20 10:43:00,SKU_0313,Apparel,4,138.29,545.95,wallet,CUST_00504,0,
261da78f-2de0-44cb-ab08-d609e4445af0,STORE_002,2024-02-23 15:43:00,SKU_0146,Electronics,5,628.62,3184.21,UPI,CUST_00038,0,
13ed7d0a-b265-453d-9404-7c21bb833612,STORE_010,2024-03-22 12:25:00,SKU_0456,Grocery,6,117.13,704.2,card,CUST_00063,0,
2183b9e7-3540-48d7-b3ed-4efa7ef38a6c,STORE_012,2024-01-18 17:24:00,SKU_0217,Apparel,6,174.78,1060.16,wallet,CUST_00474,0,
763adb86-2bf8-40e1-8772-9f1db23cd307,STORE_019,2024-01-31 17:24:00,SKU_0076,Electronics,2,679.06,1376.49,UPI,CUST_00075,0,
c78ea530-3cb5-405a-9d12-2f02765b694c,STORE_003,2024-02-11 14:15:00,SKU_0481,Grocery,2,258.7,526.55,wallet,CUST_00251,0,
f0b24b65-0b97-421d-8475-9d5c9685714c,STORE_006,2024-01-12 19:05:00,SKU_0456,Grocery,4,71.68,281.71,wallet,CUST_00168,0,
0fb3674f-fbd6-4a49-9385-6147703399fa,STORE_007,2024-01-30 17:07:00,SKU_0025,Pharmacy,7,386.31,2736.54,UPI,CUST_00412,0,
518a4af0-e2bf-4e8c-bcdd-e60b2225bc13,STORE_002,2024-02-28 18:39:00,SKU_0451,Pharmacy,4,182.05,734.28,card,CUST_00007,0,
552d568d-79fc-4ac4-b36e-61bd22564f32,STORE_002,2024-01-28 08:53:00,SKU_0473,Electronics,1,856.92,846.88,wallet,CUST_00214,0,
73e718b8-3b07-4233-a8f3-bd7f05d0df82,STORE_007,2024-01-30 19:11:00,SKU_0414,HomeGoods,6,153.93,939.53,wallet,CUST_00591,0,
d1fa1f2b-b17a-4db8-b69c-cf8fe27770e5,STORE_003,2024-01-15 18:56:00,SKU_0128,HomeGoods,3,579.66,1732.32,cash,CUST_00221,0,
7a724e9f-4a54-427f-8c3e-77b129256360,STORE_010,2024-03-18 18:14:00,SKU_0316,Grocery,1,1034.86,1050.9,UPI,CUST_00359,0,
61654a88-4ed6-4b80-8bbe-718df0873c8a,STORE_007,2024-03-23 17:10:00,SKU_0269,Apparel,1,126.56,127.09,UPI,CUST_00592,0,
02ee7516-8b5b-4a98-806e-124c731416f5,STORE_013,2024-01-12 20:16:00,SKU_0310,HomeGoods,5,214.2,1072.15,UPI,CUST_00364,0,
873b854e-f5f3-4a06-9cad-40d54342f02f,STORE_012,2024-03-09 09:16:00,SKU_0308,Grocery,2,341.16,673.03,wallet,CUST_00452,0,
acaebdb2-50bd-4653-b1be-3e4d886ceef1,STORE_003,2024-01-26 11:40:00,SKU_0319,Electronics,5,125.91,639.98,card,CUST_00575,0,
cf91be6b-42e9-4ef9-aa9a-4304c61557e3,STORE_013,2024-03-23 20:44:00,SKU_0257,Grocery,4,310.35,1244.21,wallet,CUST_00370,0,
bab070dd-6575-45a0-b888-3f008b3ad0f8,STORE_013,2024-01-19 21:32:00,SKU_0345,Grocery,3,208.83,614.11,UPI,CUST_00499,0,
c92af2f6-579e-452d-96e3-39b284c00edb,STORE_006,2024-02-19 17:46:00,SKU_0263,Grocery,1,205.49,201.53,cash,CUST_00304,0,
d5e54f33-f7ae-454d-829c-5945d5f6e47f,STORE_003,2024-03-26 16:36:00,SKU_0009,Grocery,4,259.98,1051.47,UPI,CUST_00488,0,
a65c854d-6756-4806-a041-ba5c8ce4a665,STORE_010,2024-03-08 11:18:00,SKU_0018,Electronics,1,264.67,261.09,cash,CUST_00385,0,
20c427c1-5470-427f-8764-7fea034107bc,STORE_002,2024-02-26 08:19:00,SKU_0479,Pharmacy,2,285.02,572.29,wallet,CUST_00203,0,
eef11c82-9409-4a29-90d0-ba5151329ff8,STORE_002,2024-03-05 21:31:00,SKU_0454,Electronics,3,154.84,467.88,wallet,CUST_00334,0,
5fcdc498-daec-45e8-9311-695d36019184,STORE_001,2024-02-05 14:41:00,SKU_0293,HomeGoods,3,160.34,476.77,wallet,CUST_00200,0,
44a89d21-4cf6-4356-9b38-d2329236085f,STORE_013,2024-02-19 08:32:00,SKU_0088,HomeGoods,2,227.37,456.0,UPI,CUST_00238,0,
3611ba1e-47b0-4f4c-81f0-38ac6d3929ab,STORE_010,2024-02-06 17:52:00,SKU_0390,HomeGoods,3,241.21,716.11,card,CUST_00175,0,
4e2aa705-645c-46e9-be3d-6b759b68e037,STORE_012,2024-03-27 16:21:00,SKU_0072,Pharmacy,4,175.98,716.49,card,CUST_00294,0,
471a5bd9-16da-446e-8414-14b0af1a7cfe,STORE_013,2024-02-09 10:56:00,SKU_0189,Electronics,2,323.96,657.25,wallet,CUST_00208,0,
8173a494-211c-4224-9c2e-f5f8203f947e,STORE_007,2024-03-17 19:19:00,SKU_0165,Grocery,3,58.54,174.13,cash,CUST_00375,0,
74b78db6-c436-4500-bc2a-7848bd30000e,STORE_008,2024-01-29 19:32:00,SKU_0007,Electronics,4,139.36,558.08,wallet,CUST_00221,0,
ece1c759-2fcb-4ac2-bed3-29fdc7584bcb,STORE_002,2024-03-04 14:26:00,SKU_0403,Apparel,2,199.84,399.69,card,CUST_00294,0,
b4dc9320-c624-4c0a-ab63-ad4b709707c6,STORE_001,2024-02-26 19:20:00,SKU_0255,HomeGoods,3,126.04,385.08,UPI,CUST_00084,0,
a7650825-f796-4065-af5a-5f0cdfc96b80,STORE_010,2024-03-13 11:24:00,SKU_0158,Pharmacy,1,920.41,916.51,UPI,CUST_00231,0,
e5c967f4-bee4-4830-bdef-51b646d59b1a,STORE_007,2024-03-23 21:55:00,SKU_0254,Grocery,4,253.8,1017.73,cash,CUST_00213,0,
0cf94d8e-92b5-4d82-8477-f5b53259bca5,STORE_008,2024-01-29 19:56:00,SKU_0001,Grocery,2,287.98,585.84,cash,CUST_00576,0,
17200a05-b438-4e27-b8de-8ad16c6852df,STORE_013,2024-03-29 08:44:00,SKU_0219,Pharmacy,3,169.84,502.65,cash,CUST_00268,0,
6b148c3b-b7c8-4fe1-a4c1-9a9aca30a81a,STORE_008,2024-03-30 18:13:00,SKU_0260,HomeGoods,1,246.86,247.36,wallet,CUST_00012,0,
6a31fcb2-09ae-4a0c-9658-53ba31d5e378,STORE_008,2024-03-09 09:28:00,SKU_0170,HomeGoods,4,94.56,372.27,cash,CUST_00185,0,
3c826d7b-f68f-4899-a93a-cbf555ca5ee4,STORE_008,2024-02-26 14:41:00,SKU_0415,Apparel,1,218.24,219.27,UPI,CUST_00437,0,
a89762c1-1133-4f23-901b-f0d09f478231,STORE_003,2024-01-22 16:38:00,SKU_0125,Apparel,5,118.14,587.53,cash,CUST_00099,0,
cdf9e170-1088-4dbb-98f4-7538fa16ff1e,STORE_001,2024-02-27 12:18:00,SKU_0069,Grocery,9,200.24,1835.87,wallet,CUST_00097,0,
8c1a50b8-6dfb-44c7-8189-c5ed29a8c56d,STORE_007,2024-01-24 14:35:00,SKU_0264,HomeGoods,6,32.25,192.85,wallet,CUST_00224,0,
4a9687fd-171e-4aed-8186-f31e547d3728,STORE_002,2024-02-02 13:17:00,SKU_0443,Grocery,5,101.4,499.62,card,CUST_00214,0,
6fc5464c-aebc-4e84-abd8-642fe729c89b,STORE_006,2024-01-20 17:48:00,SKU_0188,Pharmacy,5,806.42,4085.97,cash,CUST_00288,0,
67959469-3dd0-412f-9b6a-9f73176b0678,STORE_015,2024-01-27 20:34:00,SKU_0024,Electronics,3,485.79,1476.07,card,CUST_00020,0,
40fd3afe-7352-473a-b8cf-64a8d498db4c,STORE_003,2024-01-16 13:00:00,SKU_0484,Apparel,3,718.16,2171.27,UPI,CUST_00432,0,
ecf1db1b-c494-420c-9d82-d968c9066fe8,STORE_001,2024-01-04 12:27:00,SKU_0222,Grocery,1,758.72,766.27,UPI,CUST_00128,0,
df243a23-ce0b-4acb-8c4b-55ea8fb0201c,STORE_003,2024-03-12 09:50:00,SKU_0087,HomeGoods,4,428.31,1697.12,UPI,CUST_00426,0,
02cb0728-3f31-48cb-94c9-0915b4f75a28,STORE_003,2024-01-22 09:41:00,SKU_0308,HomeGoods,3,174.02,525.03,UPI,CUST_00338,0,
b010f797-0a28-41bd-91bd-1d2883080423,STORE_010,2024-03-10 16:06:00,SKU_0160,Pharmacy,2,109.03,214.03,UPI,CUST_00121,0,
327e5f72-dc02-47eb-9bb1-82e67ddf804d,STORE_008,2024-01-11 13:27:00,SKU_0468,HomeGoods,1,625.69,618.1,cash,CUST_00281,0,
b029c372-0b26-4212-b950-9a57a8df3154,STORE_013,2024-03-30 12:11:00,SKU_0147,Grocery,7,263.25,1874.61,cash,CUST_00021,0,
575b3b9b-ac2e-4e00-b3dd-1b9db49b565e,STORE_010,2024-03-26 10:01:00,SKU_0275,Grocery,4,1838.45,7424.17,wallet,CUST_00421,0,
e6d38dff-9193-480e-be85-25e4ef645d8a,STORE_006,2024-02-08 13:37:00,SKU_0272,Pharmacy,4,186.68,738.68,UPI,CUST_00182,0,
b02b0576-00ca-4b81-9680-76374aaec375,STORE_013,2024-03-19 21:17:00,SKU_0121,Apparel,4,1211.7,4771.46,wallet,CUST_00230,0,
a4afb769-7b33-4440-8d92-0fb4e2f4227e,STORE_002,2024-03-29 16:04:00,SKU_0250,Electronics,3,220.53,673.47,UPI,CUST_00094,0,
ebf7f60e-a83c-4d27-b6ad-7567d9f7d21c,STORE_001,2024-03-25 09:35:00,SKU_0055,Pharmacy,1,728.0,716.71,card,CUST_00218,0,
fb820e86-1c4d-4e64-a854-045889efc7d5,STORE_001,2024-03-12 11:16:00,SKU_0322,HomeGoods,3,971.47,2886.09,UPI,CUST_00237,0,
46eaf26b-dca3-48a4-b746-987643a144ce,STORE_012,2024-02-12 20:13:00,SKU_0379,Electronics,3,110.29,326.67,UPI,CUST_00134,0,
c03b224f-c19d-4be5-a88a-5d7fd4939ec8,STORE_007,2024-02-29 14:06:00,SKU_0475,HomeGoods,2,169.6,332.52,cash,CUST_00587,0,
32f6ec2a-db55-40c8-bc57-9b91352827f9,STORE_002,2024-03-04 19:34:00,SKU_0163,HomeGoods,1,109.41,108.6,card,CUST_00167,0,
225dc1a0-5fc1-4662-bad0-bf2c596078eb,STORE_008,2024-01-16 10:25:00,SKU_0143,HomeGoods,4,93.46,380.93,UPI,CUST_00108,0,
acbeb6c9-520f-4222-9d30-0dd6f07a1f33,STORE_002,2024-02-15 15:14:00,SKU_0274,Pharmacy,2,426.29,847.19,cash,CUST_00328,0,
f9e61deb-6415-4941-b269-8d1f73d608c7,STORE_011,2024-02-15 12:41:00,SKU_0346,Apparel,1,213.61,213.65,cash,CUST_00191,0,
773946c6-bd38-4a56-b4a3-8db02c1da513,STORE_007,2024-03-12 17:00:00,SKU_0496,Apparel,2,260.7,526.53,cash,CUST_00272,0,
810826fe-83fc-419b-ba2b-9e4634c9affd,STORE_006,2024-03-30 08:59:00,SKU_0013,HomeGoods,5,390.12,1954.59,UPI,CUST_00435,0,
6bab8310-8d7b-43f7-b4e3-85f0ed820d7e,STORE_003,2024-01-03 15:06:00,SKU_0119,Electronics,3,56.57,171.36,cash,CUST_00046,0,
efd77322-2c80-4a9f-827d-2ac9f67fcc5f,STORE_008,2024-01-09 17:43:00,SKU_0131,Electronics,5,699.86,3521.92,card,CUST_00305,0,
31cb620c-bb74-4b98-ad79-8a3b9e0bb669,STORE_006,2024-01-11 21:19:00,SKU_0128,Pharmacy,3,189.08,569.7,cash,CUST_00013,0,
d944b520-805d-4f63-a652-6cebe2ef6519,STORE_001,2024-01-29 12:27:00,SKU_0232,Grocery,5,382.75,1925.21,card,CUST_00026,0,
b97bd4d0-83ec-44a2-9322-df7dd984849a,STORE_002,2024-01-17 13:12:00,SKU_0436,Apparel,5,410.77,2078.43,cash,CUST_00055,0,
01de11d9-0c54-4d18-8292-d2e03d50cd58,STORE_019,2024-01-05 13:40:00,SKU_0016,Grocery,2,748.52,1509.63,wallet,CUST_00097,0,
8048d854-ee40-40a1-9f2d-d77422850b61,STORE_015,2024-03-09 12:19:00,SKU_0408,Grocery,3,229.88,697.69,card,CUST_00209,0,
dc855107-bd4c-4488-8c06-a74411b4d3a7,STORE_012,2024-03-11 17:49:00,SKU_0309,Apparel,2,45.72,90.14,cash,CUST_00561,0,
29185873-4c5f-40c3-ab0f-69a34f104c30,STORE_003,2024-03-22 19:56:00,SKU_0307,Pharmacy,1,261.69,263.55,UPI,CUST_00543,0,
23d6b792-f0af-4fb4-94fb-004aa8d50674,STORE_019,2024-02-07 13:19:00,SKU_0339,Apparel,4,293.54,1185.29,wallet,CUST_00061,0,
69640aab-99e0-4c1f-901f-b97487bd72bb,STORE_013,2024-01-22 18:42:00,SKU_0058,Electronics,3,109.3,325.28,wallet,CUST_00594,0,
3481a303-ba52-4507-a652-b0af885618bc,STORE_012,2024-03-13 10:29:00,SKU_0373,Grocery,1,281.31,285.52,wallet,CUST_00381,0,
e25df83d-adf7-42cd-a82b-563a8607d6d7,STORE_007,2024-01-20 20:16:00,SKU_0124,Electronics,2,187.29,371.65,card,CUST_00332,0,
eeca3406-42ae-45cd-8c5b-79b49e916fd0,STORE_003,2024-01-13 15:52:00,SKU_0258,Pharmacy,1,85.39,84.52,card,CUST_00475,0,
49d55a25-5f34-4441-8afd-1d64c0f5e8ea,STORE_001,2024-03-23 09:19:00,SKU_0338,Grocery,1,427.8,434.08,card,CUST_00290,0,
75679bb6-a483-4d57-a126-c377884f9b35,STORE_015,2024-01-14 12:32:00,SKU_0302,Grocery,6,159.25,945.83,card,CUST_00159,0,
85894170-d6fb-4d58-8589-8595a6d9512f,STORE_007,2024-01-26 08:30:00,SKU_0162,Electronics,4,180.61,720.0,wallet,CUST_00317,0,
b4156f92-ed00-4c9a-aaa7-9b8db817e0a9,STORE_002,2024-01-05 11:00:00,SKU_0198,Apparel,5,172.67,858.79,cash,CUST_00435,0,
ef344019-46fb-4fd7-b0db-ec093f9f95fd,STORE_003,2024-01-08 14:51:00,SKU_0238,Pharmacy,2,671.72,1364.83,wallet,CUST_00409,0,
278a8469-0d2a-4746-860e-626f50ec0ec1,STORE_008,2024-03-10 09:02:00,SKU_0021,Apparel,3,241.95,724.55,wallet,CUST_00101,0,
32ed0135-49fa-47d0-85ad-9f6b2b55fdb7,STORE_002,2024-01-31 17:44:00,SKU_0363,HomeGoods,6,266.33,1610.4,wallet,CUST_00562,0,
3b0bd0f7-af0c-4de4-825d-41d914e78c7d,STORE_015,2024-03-15 12:10:00,SKU_0050,Electronics,4,175.73,711.19,UPI,CUST_00170,0,
db6fa50f-a60b-4145-8fa9-142f5a647a75,STORE_013,2024-01-03 10:03:00,SKU_0229,Electronics,4,362.04,1455.57,wallet,CUST_00491,0,
4ab4f259-f1dd-4d38-930d-aa90c40209f3,STORE_012,2024-03-18 11:49:00,SKU_0327,HomeGoods,4,735.77,2995.31,cash,CUST_00187,0,
94a686ea-af50-4047-b8a4-47aa3838a5da,STORE_007,2024-02-19 15:27:00,SKU_0041,Electronics,4,419.79,1699.48,wallet,CUST_00038,0,
8e8eb030-af98-44cd-a26c-37ab86199a3e,STORE_008,2024-03-14 08:05:00,SKU_0497,Apparel,2,433.09,862.72,UPI,CUST_00597,0,
f589cc5c-a98e-4d16-a463-73cb49d5933c,STORE_008,2024-02-08 13:32:00,SKU_0189,Grocery,2,406.04,826.72,wallet,CUST_00353,0,
370de9bf-b6fc-401a-9905-e6bf0e267475,STORE_010,2024-03-07 16:15:00,SKU_0008,Electronics,2,82.87,165.9,cash,CUST_00128,0,
0a8db0a6-6788-4343-bb37-d79733f1c95f,STORE_001,2024-01-30 18:12:00,SKU_0329,Apparel,1,124.04,121.67,wallet,CUST_00000,0,
c8cc0b29-33a4-4b8b-a3d4-ecf712a95f89,STORE_006,2024-02-15 15:45:00,SKU_0279,Pharmacy,2,212.19,420.31,UPI,CUST_00077,0,
d56be96a-732b-480e-905e-40840db28fa0,STORE_001,2024-03-05 14:18:00,SKU_0320,Electronics,2,139.88,281.12,cash,CUST_00101,0,
2bb88308-a999-4051-a7dc-aab2651d11f6,STORE_008,2024-02-03 13:13:00,SKU_0375,Pharmacy,6,106.68,631.29,UPI,CUST_00555,0,
a01ed6ad-77aa-4cc1-a1c2-f52f65955bb6,STORE_003,2024-02-26 10:38:00,SKU_0238,Apparel,4,55.91,224.39,cash,CUST_00106,0,
9571a8d1-edb9-494b-b127-a80faf73d299,STORE_002,2024-03-08 21:07:00,SKU_0413,HomeGoods,1,85.13,84.66,cash,CUST_00097,0,
5c5c603f-54bc-4457-a8cb-c4d164ffa3d7,STORE_001,2024-03-09 09:20:00,SKU_0185,Electronics,3,203.62,611.7,UPI,CUST_00502,0,
f7f28489-0d9a-4174-baa2-04efe8009c74,STORE_008,2024-01-16 10:10:00,SKU_0273,Pharmacy,2,236.49,463.56,wallet,CUST_00527,0,
269e41f8-eefe-4778-b818-a226336e40bd,STORE_002,2024-01-04 19:03:00,SKU_0080,Electronics,2,132.56,268.81,cash,CUST_00125,0,
95586660-573e-4ec0-89b6-c318e9511222,STORE_018,2024-02-05 17:59:00,SKU_0310,Pharmacy,2,266.29,529.64,card,CUST_00390,0,
aefb68bc-ef83-4bb0-8e54-2b43a1d70799,STORE_008,2024-03-17 09:59:00,SKU_0131,HomeGoods,1,176.69,174.15,card,CUST_00320,0,
70c483cd-c860-430e-b93d-d85135b026ec,STORE_004,2024-02-28 10:26:00,SKU_0348,Grocery,2,598.2,1193.43,UPI,CUST_00346,0,
22b07fad-8bae-484a-a9ad-1e739e81310d,STORE_008,2024-03-23 13:11:00,SKU_0400,Electronics,1,219.68,219.56,cash,CUST_00186,0,
7fd2796e-f434-450c-a6c7-bfff982e7be7,STORE_001,2024-03-19 21:58:00,SKU_0429,HomeGoods,3,436.39,1316.37,UPI,CUST_00450,0,
d4f219a2-7147-4753-8d18-d899abeb52ef,STORE_019,2024-03-27 20:27:00,SKU_0464,Electronics,5,294.13,1472.09,card,CUST_00528,0,
da23a2e0-5d27-47f0-864e-40b98495f2e7,STORE_007,2024-01-18 16:13:00,SKU_0062,HomeGoods,1,81.43,79.94,wallet,CUST_00435,0,
d4f999c7-66d3-4f33-9958-aa2671f27c6a,STORE_013,2024-02-12 17:56:00,SKU_0069,HomeGoods,1,232.51,235.97,card,CUST_00541,0,
8ef51316-d30b-444a-a87d-9217d3d0fea6,STORE_001,2024-01-27 11:44:00,SKU_0463,Grocery,1,93.03,92.87,card,CUST_00066,0,
98f93329-9ed6-43fb-a518-682a63c59544,STORE_007,2024-01-01 15:44:00,SKU_0191,Grocery,2,229.28,450.8,cash,CUST_00394,0,
2b440edf-fdfe-41d8-befa-509c58155726,STORE_007,2024-02-19 13:49:00,SKU_0013,Grocery,3,137.74,417.73,wallet,CUST_00599,0,
b0fd6b70-27fb-4250-ab2e-eadfe548af32,STORE_019,2024-02-03 17:27:00,SKU_0144,Grocery,2,339.35,683.05,wallet,CUST_00321,0,
eb0564db-71ce-4058-9f97-066f85e6244a,STORE_008,2024-01-03 15:02:00,SKU_0418,Electronics,2,85.42,171.86,card,CUST_00565,0,
12cc0ecb-4560-4839-ad25-12ce6a1bdf56,STORE_007,2024-03-24 16:22:00,SKU_0178,Grocery,2,252.96,504.44,card,CUST_00209,0,
e8e9ade3-ba8e-4b40-a6de-665a0f0690f2,STORE_003,2024-02-13 16:15:00,SKU_0039,HomeGoods,3,395.2,1181.36,wallet,CUST_00537,0,
d47fdf3e-c929-459f-8ba8-b65b8f5cd535,STORE_003,2024-01-26 13:15:00,SKU_0361,Grocery,2,516.74,1034.98,card,CUST_00563,0,
626bf7a2-0b44-4615-b883-0e7623d28f13,STORE_008,2024-03-09 09:49:00,SKU_0098,HomeGoods,3,135.66,399.66,cash,CUST_00373,0,
20063a83-da24-4640-b05f-e27791c79437,STORE_007,2024-02-01 15:09:00,SKU_0177,Pharmacy,6,253.58,1509.24,cash,CUST_00422,0,
db1562b5-0ef5-45fd-a8c1-67d92eb8a7e3,STORE_001,2024-02-04 18:16:00,SKU_0002,HomeGoods,2,289.68,590.67,UPI,CUST_00313,0,
ea8fbd23-1f79-48ea-af05-d30f294ede5c,STORE_013,2024-01-12 15:09:00,SKU_0301,Apparel,3,861.92,2602.54,cash,CUST_00190,0,
57aab438-6166-4f74-9520-9c593ffbaad5,STORE_015,2024-01-29 14:33:00,SKU_0223,Grocery,3,76.43,228.55,cash,CUST_00321,0,
197c3a9c-a928-44bd-a671-d7b788ce6f94,STORE_002,2024-02-27 17:50:00,SKU_0433,Pharmacy,3,120.61,357.81,cash,CUST_00577,0,
340bdbdb-1613-4e0c-b58f-1829dec4fbf1,STORE_008,2024-01-06 13:00:00,SKU_0167,Grocery,4,2356.73,9519.38,wallet,CUST_00008,0,
90bd1f80-ea64-4b05-b979-9babaa4b3486,STORE_001,2024-01-01 10:35:00,SKU_0103,Apparel,5,200.94,995.07,wallet,CUST_00123,0,
6f72877d-73dc-494a-85f1-e36c645a3cbf,STORE_010,2024-03-21 18:38:00,SKU_0083,Apparel,4,55.07,217.31,wallet,CUST_00299,0,
baa98be2-4e32-4f8b-832b-779e035d1ac1,STORE_003,2024-03-11 10:50:00,SKU_0100,HomeGoods,3,156.87,464.11,card,CUST_00203,0,
e7b2f33e-5d52-488a-937c-d1a4180aeba9,STORE_010,2024-03-21 09:28:00,SKU_0226,Apparel,3,27.29,82.62,card,CUST_00374,0,
68438053-a061-4837-9f85-e05a8ca93d84,STORE_012,2024-03-15 14:50:00,SKU_0044,HomeGoods,2,303.14,609.74,card,CUST_00216,0,
20e51a93-61b2-4899-bd69-e0587a2930be,STORE_013,2024-03-25 14:03:00,SKU_0201,Pharmacy,1,477.85,469.63,UPI,CUST_00395,0,
ae017306-83d3-4cea-8d06-4868ec20178c,STORE_001,2024-01-31 11:28:00,SKU_0427,Grocery,3,120.56,356.11,cash,CUST_00063,0,
2a7c4a06-51f8-42eb-aae0-0ad04bc6fca7,STORE_016,2024-02-22 14:11:00,SKU_0384,Pharmacy,2,171.55,344.94,UPI,CUST_00199,0,
9cf84975-5722-4488-8a5f-64ea2de42520,STORE_003,2024-01-28 17:01:00,SKU_0318,Electronics,5,523.42,2624.54,cash,CUST_00415,0,
8ddc4406-62e5-43ea-bcb6-3f25fc88012a,STORE_001,2024-01-20 20:05:00,SKU_0446,Pharmacy,1,61.64,62.1,card,CUST_00282,0,
04264293-0e23-452a-aba1-bf9ac3c53775,STORE_008,2024-02-07 10:06:00,SKU_0390,Electronics,3,86.85,257.19,card,CUST_00428,0,
83564fa7-81f4-4421-94be-e0e235c75297,STORE_006,2024-02-08 15:10:00,SKU_0326,Pharmacy,2,208.3,420.38,UPI,CUST_00381,0,
ff4853fb-7134-4c13-ad40-8e92603095ab,STORE_013,2024-01-08 09:39:00,SKU_0431,Grocery,5,136.95,696.69,wallet,CUST_00197,0,
5994d0e0-9819-4316-a657-d6c33c8a4eeb,STORE_013,2024-03-18 10:19:00,SKU_0063,Pharmacy,2,197.62,396.84,UPI,CUST_00256,0,
c8f8fea5-bc22-43f3-a616-a612bed45227,STORE_003,2024-01-31 13:14:00,SKU_0409,Electronics,7,90.96,628.98,card,CUST_00578,0,
64d7f46b-e8e9-45a9-8230-ed3d9273cdd2,STORE_019,2024-01-05 15:21:00,SKU_0148,Apparel,4,296.76,1195.57,UPI,CUST_00577,0,
bd863234-ec59-446e-951d-a69eef12fd28,STORE_003,2024-01-31 11:55:00,SKU_0366,Pharmacy,6,221.87,1322.86,UPI,CUST_00021,0,
33e148d3-058e-47eb-af41-c361a59aa1b4,STORE_008,2024-02-24 13:12:00,SKU_0456,Electronics,6,387.93,2285.62,cash,CUST_00423,0,
e235a3b4-01b4-4d2a-9447-16adcdcef94c,STORE_003,2024-03-13 20:01:00,SKU_0248,Grocery,2,293.47,582.3,wallet,CUST_00294,0,
8f494367-4a93-4292-bdca-8c1399e9f9e2,STORE_018,2024-03-24 17:05:00,SKU_0045,Electronics,6,294.95,1798.41,wallet,CUST_00000,0,
a125610b-d748-4227-bda9-2544c74cec06,STORE_002,2024-03-08 09:03:00,SKU_0185,Grocery,2,78.6,156.64,cash,CUST_00380,0,
3b0dc702-97f5-4e26-ad2a-ac43778085a4,STORE_001,2024-01-11 14:37:00,SKU_0204,Grocery,1,370.75,376.16,cash,CUST_00013,0,
8a74e926-007a-403e-877b-203c27ece151,STORE_007,2024-02-06 09:11:00,SKU_0468,HomeGoods,3,191.86,575.78,cash,CUST_00191,0,
1a0d3390-5a31-4a9c-ad2c-96d9fc0e3474,STORE_020,2024-03-17 21:45:00,SKU_0471,Grocery,4,218.81,875.83,UPI,CUST_00414,0,
7d9cee7e-2ba1-41cc-81be-cc56d4a6be6f,STORE_015,2024-01-10 19:41:00,SKU_0284,Electronics,2,578.29,1133.69,cash,CUST_00487,0,
91990b77-a83f-48cd-a7a5-dced89f94975,STORE_012,2024-02-17 10:59:00,SKU_0475,Electronics,2,140.6,282.74,cash,CUST_00247,0,
d983884d-627c-44b7-af5d-f4f8c470c083,STORE_015,2024-02-09 08:12:00,SKU_0218,Pharmacy,4,736.87,2901.24,UPI,CUST_00485,0,
662d3fcb-0079-47de-9d8b-dbabac120414,STORE_015,2024-02-06 08:19:00,SKU_0206,Pharmacy,6,793.97,4759.77,cash,CUST_00503,0,
a0259f11-b272-499a-8ee0-86aab366aa5f,STORE_008,2024-02-12 21:05:00,SKU_0418,Grocery,7,456.55,3165.21,cash,CUST_00268,0,
821df9d5-3dd8-4064-a3a8-1d2ee0816904,STORE_003,2024-02-21 20:48:00,SKU_0334,Electronics,4,114.09,454.4,cash,CUST_00103,0,
da7e0e1f-a23c-4f6a-a2ef-837d8f14e7be,STORE_013,2024-03-24 10:48:00,SKU_0261,Electronics,1,43.49,43.55,UPI,CUST_00395,0,
21c8c15a-3273-4126-a40d-c5061fa60246,STORE_010,2024-03-29 12:29:00,SKU_0228,Pharmacy,1,592.61,581.1,card,CUST_00008,0,
f9f64096-1f64-4207-b385-212207ad7c80,STORE_006,2024-02-17 14:17:00,SKU_0353,HomeGoods,4,273.3,1083.78,card,CUST_00535,0,
e4ae526e-867b-42a9-ac1f-dec82ed7faf6,STORE_001,2024-03-28 21:22:00,SKU_0376,HomeGoods,2,137.73,280.85,UPI,CUST_00232,0,
16c57f32-9b83-4527-8934-55a5f78db1b5,STORE_012,2024-03-13 13:47:00,SKU_0245,Grocery,1,639.26,627.94,cash,CUST_00456,0,
7ab507d2-d2da-4910-89c5-ff6bed53b936,STORE_003,2024-02-22 14:07:00,SKU_0016,HomeGoods,3,125.49,373.75,UPI,CUST_00441,0,
abe4eead-0e7e-4cca-8a5b-1afde2e06e0c,STORE_018,2024-02-28 12:13:00,SKU_0051,Electronics,2,178.06,353.58,card,CUST_00283,0,
021e14e4-ca61-4cab-978f-8b5d64083daa,STORE_003,2024-01-18 21:06:00,SKU_0072,HomeGoods,3,380.46,1135.87,UPI,CUST_00583,0,
5774eb22-8c9e-4c53-b4a1-ee888f8cc8be,STORE_002,2024-03-12 20:01:00,SKU_0231,Apparel,2,102.57,206.66,UPI,CUST_00477,0,
013b3458-1fa7-41dc-b8b1-97a877551b76,STORE_013,2024-02-23 16:21:00,SKU_0307,Grocery,2,229.04,453.46,UPI,CUST_00530,0,
c7e6e168-1676-4838-b8d7-df8172f2a880,STORE_002,2024-03-01 13:26:00,SKU_0402,HomeGoods,3,597.51,1789.68,cash,CUST_00056,0,
2924da11-f3cc-4e38-ba16-a9b8899a8027,STORE_002,2024-02-08 19:37:00,SKU_0117,HomeGoods,2,296.0,595.43,cash,CUST_00290,0,
ff44633b-216e-4e1e-b49b-37417d86bae7,STORE_008,2024-02-04 20:48:00,SKU_0393,Apparel,4,678.17,2693.4,UPI,CUST_00571,0,
1377ff6e-052c-40ef-8cd0-c6e1bb92f6bc,STORE_015,2024-03-24 18:23:00,SKU_0333,Electronics,1,619.15,630.26,cash,CUST_00487,0,
dd634d80-b59b-40c8-8977-cf07c147ef3f,STORE_002,2024-03-10 12:16:00,SKU_0026,Electronics,2,251.55,512.75,card,CUST_00272,0,
c7d21d2d-6d39-4370-aa72-ad6f612524f1,STORE_003,2024-02-10 21:34:00,SKU_0176,Pharmacy,3,38.55,113.89,UPI,CUST_00042,0,
a9d9f8c5-e54d-4264-8c1f-e0458bff567e,STORE_013,2024-02-04 14:17:00,SKU_0152,Grocery,6,103.22,615.45,wallet,CUST_00169,0,
fa2d473d-2aa6-4e66-8f5c-1378c93f1f3a,STORE_019,2024-02-29 12:33:00,SKU_0443,Grocery,1,460.41,455.03,UPI,CUST_00343,0,
cea5e96d-43e6-4d61-8d80-f58e1628106b,STORE_008,2024-02-03 12:58:00,SKU_0460,HomeGoods,3,72.33,214.27,wallet,CUST_00385,0,
b76efa87-6b79-4f8f-96a6-f4186ea6dcae,STORE_002,2024-02-01 08:22:00,SKU_0409,Grocery,3,192.5,577.29,UPI,CUST_00554,0,
d6d86ea5-4ccb-40f3-9549-3baa96d5f839,STORE_001,2024-02-17 09:18:00,SKU_0264,Grocery,1,327.75,328.59,card,CUST_00055,0,
6923f022-2ce4-4fed-ad9c-40e8ee18bf40,STORE_003,2024-01-15 15:43:00,SKU_0246,HomeGoods,5,810.07,4038.3,cash,CUST_00237,0,
71dd2ba7-2321-41a6-8ced-da036c50d6c2,STORE_002,2024-03-28 13:51:00,SKU_0156,Apparel,8,157.82,1251.07,UPI,CUST_00163,0,
3309eb5d-338e-48b4-b2c9-131cdbd8ac2d,STORE_010,2024-01-20 18:33:00,SKU_0386,HomeGoods,3,149.41,444.26,wallet,CUST_00576,0,
a8425486-2f97-4f25-ab6e-c95e62174b1e,STORE_002,2024-03-09 18:31:00,SKU_0044,Electronics,4,239.73,977.8,card,CUST_00099,0,
3bf70d91-9171-4847-8831-ba6fc4059e04,STORE_008,2024-01-24 15:49:00,SKU_0136,Apparel,2,331.02,673.26,cash,CUST_00132,0,
5203a0ca-8cc4-4967-8fb4-c7c3a1542ea0,STORE_010,2024-03-28 20:10:00,SKU_0068,Apparel,3,220.98,651.69,cash,CUST_00178,0,
3f07dfd6-79bb-4e2d-bca1-ca6ec66c0c00,STORE_008,2024-02-23 09:40:00,SKU_0247,HomeGoods,3,578.75,1747.12,UPI,CUST_00063,0,
72a22895-78b1-4fdb-b790-62c9bb69a42e,STORE_002,2024-03-30 08:39:00,SKU_0150,Electronics,1,131.91,131.68,UPI,CUST_00386,0,
26aa6b86-6a8e-4d56-93fc-4d0592a2d51d,STORE_013,2024-03-26 19:23:00,SKU_0099,Electronics,4,275.23,1109.23,cash,CUST_00314,0,
3e611808-70d2-490e-9e02-7a218149ca5c,STORE_012,2024-01-10 20:55:00,SKU_0188,HomeGoods,5,356.96,1791.72,cash,CUST_00334,0,
7284630e-b80d-412e-a407-d9beca4150e5,STORE_012,2024-02-22 21:00:00,SKU_0430,HomeGoods,2,181.5,368.65,UPI,CUST_00544,0,
c649c93b-f1c4-42f0-b6d6-2fc2beb6811d,STORE_002,2024-02-25 08:56:00,SKU_0279,Pharmacy,6,489.42,2885.66,card,CUST_00259,0,
4815589d-8529-4101-a4f6-121c99c0eab0,STORE_002,2024-03-02 20:33:00,SKU_0411,Grocery,7,281.64,1959.62,card,CUST_00186,0,
2114a4dc-f86e-43fd-95a6-e0497d108e66,STORE_018,2024-01-08 08:20:00,SKU_0457,Pharmacy,1,469.91,479.04,card,CUST_00225,0,
44683914-0d43-4bf6-b982-de2dc8d873a7,STORE_006,2024-03-07 10:51:00,SKU_0451,Grocery,1,292.0,288.29,UPI,CUST_00480,0,
01f64a8a-c6a9-4ce0-95bf-cdf36c5d39d2,STORE_003,2024-01-22 14:12:00,SKU_0176,HomeGoods,5,337.84,1664.02,UPI,CUST_00317,0,
04499700-b5cc-4bf5-813f-629fff2eb2b7,STORE_007,2024-02-11 14:00:00,SKU_0438,Electronics,2,150.74,304.24,cash,CUST_00101,0,
84b2e9f3-cb09-4a54-8c1d-cd4a27ece915,STORE_010,2024-02-21 19:56:00,SKU_0454,Pharmacy,1,150.93,152.6,cash,CUST_00413,0,
a80122df-91ad-4676-b75a-766e279d628f,STORE_019,2024-01-30 20:52:00,SKU_0479,Grocery,1,665.79,670.38,UPI,CUST_00447,0,
6d7c6e8f-0c44-4e1f-b7cb-2501a40a3311,STORE_003,2024-03-29 13:51:00,SKU_0176,Pharmacy,3,415.66,1260.76,UPI,CUST_00149,0,
3d07faf1-bb52-47ef-975f-3d0c179799c6,STORE_018,2024-02-20 08:16:00,SKU_0114,Grocery,6,110.29,666.87,cash,CUST_00334,0,
ce876bdb-32b8-40ea-92fc-028dc4a5cc7b,STORE_001,2024-03-01 10:26:00,SKU_0292,HomeGoods,2,288.92,569.42,cash,CUST_00338,0,
8925ee76-7636-48db-b790-f7d051297967,STORE_008,2024-03-10 10:29:00,SKU_0465,Apparel,1,37.43,37.59,UPI,CUST_00105,0,
f087da93-69b2-4da9-8e55-1d4bf8c9ccde,STORE_008,2024-01-20 15:14:00,SKU_0450,Electronics,6,157.95,958.2,card,CUST_00005,0,
bd2504a6-e18d-4897-ae94-a628ae7cb922,STORE_001,2024-03-27 09:57:00,SKU_0286,Electronics,4,539.31,2188.78,cash,CUST_00430,0,
da6f75eb-ce45-4a05-8123-33d0f8bc3133,STORE_002,2024-03-12 19:51:00,SKU_0075,HomeGoods,2,226.18,447.77,UPI,CUST_00369,0,
66bd2591-a082-4979-a977-6377b4ed4505,STORE_006,2024-01-17 21:35:00,SKU_0211,Electronics,2,274.73,541.27,cash,CUST_00428,0,
6d209bcb-1015-4bfd-a1d8-6dadd7cd68d0,STORE_019,2024-03-27 20:34:00,SKU_0357,Grocery,3,22.38,67.89,cash,CUST_00226,0,
08d08d25-49d9-4f43-a2a2-6e09024f1b2d,STORE_008,2024-02-03 09:06:00,SKU_0280,Apparel,3,182.67,542.67,UPI,CUST_00309,0,
a021a6a1-490e-4377-b124-b1353e563994,STORE_018,2024-02-05 19:30:00,SKU_0173,Grocery,2,327.69,643.11,cash,CUST_00588,0,
7f6ac838-21a7-4be3-909f-16881c7a5e24,STORE_013,2024-02-13 11:33:00,SKU_0171,Electronics,4,362.74,1469.83,cash,CUST_00135,0,
10a90f4e-d9fc-46ba-8ecb-d1141b1aa766,STORE_007,2024-02-27 21:43:00,SKU_0030,HomeGoods,4,539.88,2160.04,wallet,CUST_00391,0,
7bba009a-e5b5-401f-8d60-cd5e58b3fd6b,STORE_013,2024-02-24 20:25:00,SKU_0144,HomeGoods,3,211.29,629.47,cash,CUST_00079,0,
b6c95431-bd27-4b20-9415-2c77fb0ab0ea,STORE_001,2024-03-25 13:07:00,SKU_0335,HomeGoods,5,218.97,1073.45,UPI,CUST_00039,0,
0820b907-9fee-46f6-8cfc-a1638ce6c9be,STORE_001,2024-02-07 09:07:00,SKU_0121,Pharmacy,4,86.12,338.08,wallet,CUST_00574,0,
689742bd-d506-4e0b-b186-d074a2c54bd9,STORE_013,2024-03-20 19:13:00,SKU_0496,Electronics,3,212.27,644.26,wallet,CUST_00077,0,
dd547fb5-8ca5-4b88-b341-fb9404b4cc0a,STORE_013,2024-03-16 08:17:00,SKU_0042,Apparel,2,91.12,182.16,wallet,CUST_00393,0,
05c91899-c17a-4a2e-9ac7-35e303c5c346,STORE_003,2024-03-04 12:43:00,SKU_0294,Grocery,2,57.01,112.42,card,CUST_00308,0,
8ed13b60-f8e9-4bb9-863e-cbb6d46bbb72,STORE_008,2024-03-19 08:01:00,SKU_0248,Pharmacy,1,104.93,104.34,wallet,CUST_00485,0,
ea67b85c-9d1c-4734-b17b-0871e7f9958e,STORE_008,2024-03-25 15:30:00,SKU_0416,Apparel,2,835.82,1649.26,cash,CUST_00327,0,
0aa066ca-5a48-44b1-8ea6-678ff569a56f,STORE_015,2024-02-11 14:41:00,SKU_0443,Electronics,3,201.34,594.67,card,CUST_00418,0,
a225dcdf-8ea1-41c0-9688-175a75d22399,STORE_008,2024-02-22 10:37:00,SKU_0272,HomeGoods,1,298.08,295.41,cash,CUST_00536,0,
51c8abb3-4aa5-48f0-bcd2-be09a9f906d6,STORE_006,2024-03-01 09:22:00,SKU_0315,Electronics,1,165.78,166.11,UPI,CUST_00497,0,
86282faa-09df-4a73-a417-8ddbb3123102,STORE_006,2024-03-12 16:08:00,SKU_0349,Grocery,4,59.68,235.95,wallet,CUST_00433,0,
3c6bb714-64d7-4f69-adc8-633a8f3f5c26,STORE_006,2024-01-04 16:27:00,SKU_0260,HomeGoods,3,528.66,1576.06,wallet,CUST_00097,0,
0ca11295-d335-4ae7-b765-c765b8565fdd,STORE_010,2024-03-27 15:55:00,SKU_0093,Apparel,1,43.98,43.94,wallet,CUST_00101,0,
6955d021-2d98-4f57-b6b0-60873eb922cf,STORE_015,2024-01-20 14:08:00,SKU_0214,HomeGoods,3,160.39,479.63,cash,CUST_00298,0,
668b8223-733f-48ff-b5c5-bf0a19371fa8,STORE_007,2024-02-21 10:29:00,SKU_0121,Apparel,3,239.31,707.27,wallet,CUST_00395,0,
1ee62f77-2cc3-4ef1-a9f0-d99eeb84ea85,STORE_003,2024-01-31 10:05:00,SKU_0232,Pharmacy,1,300.62,295.07,UPI,CUST_00400,0,
a61c024a-0ca2-4816-af35-ca31f80ff66f,STORE_003,2024-02-16 21:11:00,SKU_0307,Apparel,6,139.81,823.27,card,CUST_00472,0,
ef2e2a6b-a6be-4a46-b8b6-6039d07888db,STORE_012,2024-02-06 11:48:00,SKU_0105,Electronics,1,57.46,57.12,cash,CUST_00062,0,
4f50940d-3992-47b0-a3cd-970e4bcae5ed,STORE_013,2024-02-07 21:14:00,SKU_0125,Electronics,3,131.71,398.59,cash,CUST_00104,0,
51ddb898-d433-4a83-ad89-f0aa2247eb36,STORE_001,2024-01-08 16:39:00,SKU_0411,HomeGoods,2,137.34,270.63,wallet,CUST_00089,0,
03c2cdda-3510-420c-851b-ecee14a56a4a,STORE_001,2024-03-30 20:53:00,SKU_0189,Electronics,3,134.69,408.71,card,CUST_00324,0,
b3ada2e4-02f1-4e6f-b4b6-be8eae98e895,STORE_008,2024-02-27 13:25:00,SKU_0099,Grocery,3,543.22,1643.72,UPI,CUST_00380,0,
2817f984-7125-4b2a-83f7-bc3cbac6712d,STORE_002,2024-01-13 14:21:00,SKU_0356,Electronics,3,94.69,278.43,wallet,CUST_00069,0,
cc675a48-1118-45b6-a67f-ecc0f122ab72,STORE_013,2024-01-04 10:32:00,SKU_0358,Grocery,5,318.06,1560.2,card,CUST_00521,0,
d9338e85-7e26-4f67-8dd7-324db5bc63b8,STORE_003,2024-02-03 21:28:00,SKU_0413,Apparel,3,283.75,840.87,cash,CUST_00182,0,
3d60732a-2b5c-4435-89ee-789cf32307a9,STORE_002,2024-03-27 17:02:00,SKU_0380,Electronics,5,539.06,2647.44,card,CUST_00396,0,
dbe956ac-ae29-403e-adc0-49663d1d4046,STORE_017,2024-01-19 17:32:00,SKU_0495,Apparel,2,224.74,450.04,cash,CUST_00450,0,
5286f52e-4945-4fd4-9500-bf4e2c8e2357,STORE_002,2024-01-28 15:54:00,SKU_0287,Pharmacy,3,470.77,1386.3,cash,CUST_00021,0,
876eb6f8-b07e-49f1-9af8-5fac063d8206,STORE_003,2024-02-04 08:18:00,SKU_0144,Electronics,3,217.82,661.37,wallet,CUST_00518,0,
00bb2297-c275-4c56-8754-dd22b0c738eb,STORE_002,2024-03-25 18:50:00,SKU_0431,Electronics,2,353.89,707.58,card,CUST_00582,0,
bcd84886-17d1-4a8e-8595-315e20f2daed,STORE_002,2024-03-23 09:16:00,SKU_0133,Grocery,5,75.12,379.02,UPI,CUST_00575,0,
ed15d1a5-e236-45de-8423-e50cfa5a163a,STORE_001,2024-01-06 08:50:00,SKU_0146,Pharmacy,1,30.29,30.59,UPI,CUST_00083,0,
ea6c81b8-f0d1-4e31-aecf-d60c4a3aabf3,STORE_001,2024-03-25 10:43:00,SKU_0414,Apparel,3,338.15,1014.72,UPI,CUST_00235,0,
61978dda-9ba3-4cdd-8f01-9149792baa23,STORE_002,2024-02-18 08:54:00,SKU_0440,HomeGoods,1,352.98,358.99,UPI,CUST_00139,0,
f1972136-634b-4c0d-bdd7-18d82af3671f,STORE_001,2024-03-19 15:42:00,SKU_0170,Electronics,6,365.72,2237.35,cash,CUST_00270,0,
3e9f4170-dcb6-41df-9579-7497cccae5d3,STORE_008,2024-02-05 19:26:00,SKU_0364,HomeGoods,4,164.27,653.38,UPI,CUST_00584,0,
dfed1ea4-f41c-4406-8850-9fc4bf48ab0a,STORE_010,2024-03-30 08:10:00,SKU_0461,Electronics,1,823.23,810.91,wallet,CUST_00457,0,
1f6b33c4-ca83-4615-a246-463a36128bab,STORE_006,2024-03-28 12:18:00,SKU_0399,HomeGoods,3,173.05,516.31,cash,CUST_00462,0,
08f1f3ca-4f4d-48c7-af6c-11dc27ab71d1,STORE_003,2024-03-12 10:30:00,SKU_0003,Electronics,1,350.08,346.21,cash,CUST_00253,0,
eabf69e9-78d1-4341-98e6-b167a7b7e4dc,STORE_008,2024-01-26 10:57:00,SKU_0332,Pharmacy,1,402.29,402.79,UPI,CUST_00561,0,
2d490793-cdbc-49af-af70-1482e2a74a32,STORE_015,2024-01-18 09:40:00,SKU_0085,Grocery,3,988.76,2951.85,wallet,CUST_00552,0,
4e89e132-d6fd-4c85-8321-e5e5628c4af0,STORE_014,2024-03-19 09:42:00,SKU_0423,Electronics,4,194.0,775.39,card,CUST_00483,0,
190d82ee-0e1b-42ca-8b4d-8f9f253b02d4,STORE_001,2024-02-18 19:07:00,SKU_0034,Grocery,1,148.25,149.81,wallet,CUST_00488,0,
987cb2f7-1fd3-47bf-ac3d-b56507011aa5,STORE_002,2024-03-28 16:50:00,SKU_0496,Electronics,5,75.41,373.64,cash,CUST_00391,0,
690dd0fc-7065-47d8-aea3-46968a3db616,STORE_003,2024-02-02 21:37:00,SKU_0089,Electronics,3,865.54,2600.51,UPI,CUST_00057,0,
bbf264f5-0648-4ee2-ad93-def1c3c4de33,STORE_003,2024-01-12 20:47:00,SKU_0210,Apparel,4,350.23,1391.68,wallet,CUST_00170,0,
fbc7738c-f2b7-4336-8522-2bdd866dd9c0,STORE_008,2024-01-28 15:23:00,SKU_0117,Grocery,4,359.21,1453.22,card,CUST_00461,0,
3fec34f2-179a-4514-b860-2644f1998b32,STORE_006,2024-02-18 21:53:00,SKU_0407,Grocery,3,3025.48,9127.1,UPI,CUST_00196,0,
7419ead2-67ea-4673-8565-465f11b97092,STORE_001,2024-01-20 21:26:00,SKU_0197,Pharmacy,1,324.24,317.87,cash,CUST_00103,0,
76795a7f-9f80-40de-81af-65315aa6b57c,STORE_006,2024-03-04 18:28:00,SKU_0372,Electronics,2,88.2,177.53,UPI,CUST_00568,0,
2b520d3d-5143-4645-a772-14013dfa536f,STORE_008,2024-02-11 14:51:00,SKU_0034,Grocery,8,213.74,1687.36,UPI,CUST_00293,0,
a1bc3e8c-3d25-48f4-8342-3af8bfa19727,STORE_001,2024-02-04 11:21:00,SKU_0226,Electronics,3,114.62,346.95,wallet,CUST_00516,0,
96e9a45e-6b31-439a-a584-5f08f0e1b6c6,STORE_013,2024-01-18 13:06:00,SKU_0455,Apparel,3,182.14,547.89,cash,CUST_00170,0,
bfcf9a19-5fdb-4875-a94b-041275e03dc5,STORE_001,2024-01-09 18:04:00,SKU_0463,Grocery,6,181.16,1082.68,card,CUST_00215,0,
4ac705e4-f077-4ba4-9d40-68dd64efc0de,STORE_018,2024-02-21 18:43:00,SKU_0105,Electronics,2,156.31,315.05,UPI,CUST_00205,0,
3b58d931-836e-4e0e-a3ee-db0dd3013736,STORE_001,2024-02-10 10:55:00,SKU_0197,Electronics,5,82.01,415.9,wallet,CUST_00223,0,
5fdf8781-ad68-47a2-8a3c-4366e9cd6720,STORE_014,2024-03-16 16:05:00,SKU_0205,Pharmacy,1,893.78,903.75,cash,CUST_00262,0,
7c0aae8b-9d50-484d-b06d-4e9ff6185e1b,STORE_015,2024-01-04 12:09:00,SKU_0283,Electronics,3,317.52,954.29,UPI,CUST_00178,0,
446fac4a-00ea-4b7a-9e24-aa59785f51c9,STORE_019,2024-03-18 10:16:00,SKU_0269,HomeGoods,4,208.74,842.4,wallet,CUST_00488,0,
1da2ac00-7b69-4e9f-bcd4-2af845b6c468,STORE_013,2024-03-28 19:13:00,SKU_0053,Pharmacy,3,458.32,1370.23,UPI,CUST_00195,0,
73ebdb34-997b-454c-9418-cfe0d77f102d,STORE_013,2024-02-04 15:39:00,SKU_0381,Apparel,2,364.42,737.27,card,CUST_00264,0,
79f6ecdc-ce0a-42e0-be9f-b22972064480,STORE_009,2024-03-25 20:58:00,SKU_0113,Grocery,2,311.69,631.58,cash,CUST_00516,0,
9539bf9c-9675-477c-a52e-e857bd5ae5b7,STORE_013,2024-01-04 11:33:00,SKU_0158,HomeGoods,2,432.45,852.35,card,CUST_00262,0,
701e590b-af9e-4aa5-a2bf-b13d8ae5edb6,STORE_002,2024-01-05 12:09:00,SKU_0420,Pharmacy,1,278.27,275.35,cash,CUST_00006,0,
99e012ea-0d90-4c9a-93fa-2dc5ee1684fa,STORE_008,2024-03-24 08:08:00,SKU_0345,Electronics,1,427.36,423.43,cash,CUST_00000,0,
623ae325-b3f5-4af1-8e63-8ecc69c4ff9d,STORE_008,2024-01-18 10:34:00,SKU_0198,Pharmacy,1,456.67,450.57,card,CUST_00261,0,
bc628ade-b97a-4168-9c99-9a98d46acc2f,STORE_015,2024-02-02 20:15:00,SKU_0456,Pharmacy,4,284.76,1134.14,cash,CUST_00389,0,
0668b00c-b3fa-423f-bd05-98a12282ef00,STORE_007,2024-02-18 17:37:00,SKU_0197,Electronics,3,209.59,621.05,cash,CUST_00565,0,
e8990eff-2229-4640-afbc-116bcd251698,STORE_006,2024-03-12 10:30:00,SKU_0283,Electronics,2,850.46,1707.42,UPI,CUST_00078,0,
cda124de-3f03-4662-acd6-2943434cbba1,STORE_008,2024-03-13 20:37:00,SKU_0123,HomeGoods,3,170.57,503.56,cash,CUST_00325,0,
8dbbc07d-97c2-4cb2-8e05-efea54a31629,STORE_003,2024-02-28 20:37:00,SKU_0092,Electronics,3,341.9,1016.26,cash,CUST_00173,0,
66fb6c4c-924f-4016-b191-044747a3c859,STORE_002,2024-03-26 09:20:00,SKU_0246,HomeGoods,5,348.13,1752.17,UPI,CUST_00270,0,
22b79750-8fc4-402b-b9cd-fd6a0f1b2a9c,STORE_007,2024-01-11 09:28:00,SKU_0281,Electronics,1,153.52,152.9,wallet,CUST_00265,0,
f41dfa79-133f-4d28-aaf9-44d3899da166,STORE_006,2024-01-21 13:26:00,SKU_0403,HomeGoods,1,131.0,130.59,UPI,CUST_00187,0,
38067a55-7a7c-474d-b892-87705b0428c9,STORE_003,2024-02-25 21:50:00,SKU_0196,Grocery,2,188.36,381.21,cash,CUST_00010,0,
67d568e5-dc57-4412-aba1-a7cfea218570,STORE_006,2024-02-04 12:46:00,SKU_0447,Electronics,1,168.63,171.9,cash,CUST_00044,0,
edbd048e-ccbd-428b-8d12-d55e43c27f38,STORE_006,2024-01-12 15:25:00,SKU_0304,Electronics,3,77.86,234.19,UPI,CUST_00313,0,
d7824f03-74e2-48be-86ba-c1080b987ba0,STORE_003,2024-01-17 16:19:00,SKU_0035,Electronics,5,148.45,729.75,UPI,CUST_00134,0,
fc986711-bd70-4d14-96bb-543169f4fdfc,STORE_006,2024-01-17 17:10:00,SKU_0369,Apparel,5,309.34,1522.13,card,CUST_00196,0,
a92df643-d314-4663-8364-c00dd23e1e19,STORE_010,2024-03-01 10:26:00,SKU_0287,Electronics,4,688.29,2804.75,wallet,CUST_00054,0,
655b6ccd-4182-4b58-ab47-2a2295893259,STORE_003,2024-03-13 11:46:00,SKU_0195,Pharmacy,4,389.54,1569.33,wallet,CUST_00029,0,
9662ac5a-e13f-4c74-b1bc-78c995fe0e69,STORE_019,2024-03-05 20:10:00,SKU_0234,HomeGoods,1,31.24,31.56,UPI,CUST_00076,0,
a52cfdbd-7a44-4327-92d5-1ed1bd46d15a,STORE_016,2024-03-05 21:45:00,SKU_0151,Grocery,1,417.59,420.53,UPI,CUST_00226,0,
d3586250-ae08-4a72-ab02-99632391c351,STORE_007,2024-01-17 19:06:00,SKU_0307,Pharmacy,2,159.96,315.82,wallet,CUST_00098,0,
d811df51-3c47-4c4c-aa03-feb2fc440b1f,STORE_003,2024-02-22 14:31:00,SKU_0283,HomeGoods,4,359.22,1433.91,cash,CUST_00138,0,
0ddabfa9-30d3-402d-b9e4-1e8d2fbc00e5,STORE_008,2024-02-16 08:30:00,SKU_0224,HomeGoods,3,247.19,750.41,UPI,CUST_00181,0,
bb484b54-b08d-4fba-aae7-2b505a761123,STORE_014,2024-03-25 14:16:00,SKU_0143,Electronics,3,214.29,652.29,wallet,CUST_00174,0,
14a4283f-4ff6-4704-9cc7-67ea6d9623fd,STORE_010,2024-03-30 09:29:00,SKU_0199,HomeGoods,1,230.37,227.95,cash,CUST_00006,0,
da9910a8-664a-4cae-9b18-5a31c1bab153,STORE_013,2024-02-16 14:55:00,SKU_0249,Apparel,4,245.56,986.01,cash,CUST_00070,0,
4196e594-fa7f-49a1-8df7-bb5c98eefc41,STORE_008,2024-02-07 21:04:00,SKU_0236,Pharmacy,5,732.88,3614.14,card,CUST_00570,0,
e7879b81-4448-4b98-8130-020afb219c19,STORE_008,2024-03-07 16:14:00,SKU_0155,Apparel,1,246.1,250.61,card,CUST_00400,0,
e3289e11-60ea-4a53-b6e6-cc794747b016,STORE_003,2024-01-21 18:38:00,SKU_0291,HomeGoods,2,595.79,1179.77,wallet,CUST_00074,0,
1e424e0d-813f-4d22-8ba7-6b4732d1a0f0,STORE_012,2024-02-25 08:35:00,SKU_0114,Grocery,3,530.27,1605.23,card,CUST_00170,0,
badbeffa-b1ff-45ee-8a91-fd821bde355a,STORE_002,2024-03-29 08:28:00,SKU_0250,Electronics,1,426.28,421.7,UPI,CUST_00229,0,
8b58dfbe-4583-4c99-bfc5-927e451e4280,STORE_010,2024-02-14 20:16:00,SKU_0061,Electronics,3,59.87,180.44,wallet,CUST_00543,0,
7dff9afc-8381-419c-8fce-995eac0212e0,STORE_015,2024-02-12 18:03:00,SKU_0236,Pharmacy,2,610.8,1229.38,wallet,CUST_00527,0,
9d39c651-842e-42bc-b8fb-4281800e6215,STORE_002,2024-03-13 19:43:00,SKU_0392,HomeGoods,5,173.32,860.65,UPI,CUST_00462,0,
4a64f477-b16f-4d74-8613-4882238d4e22,STORE_008,2024-02-28 18:46:00,SKU_0409,Grocery,5,443.21,2244.31,wallet,CUST_00063,0,
3d71997c-9d00-411f-b114-920f1a6ebca4,STORE_001,2024-03-22 13:27:00,SKU_0347,HomeGoods,3,114.83,349.8,UPI,CUST_00294,0,
87027ffc-d59b-4714-a9fc-f5ff23a4e188,STORE_012,2024-02-27 10:51:00,SKU_0373,Electronics,3,96.87,294.74,cash,CUST_00290,0,
4162f099-8191-449b-aa1e-4ed337c6ec2c,STORE_001,2024-03-10 16:18:00,SKU_0033,Electronics,1,1215.09,1206.87,UPI,CUST_00382,0,
1de12948-cf32-452b-b204-a1971f6e59a3,STORE_018,2024-02-01 14:39:00,SKU_0171,Apparel,1,116.27,117.41,card,CUST_00506,0,
380c30ec-11bd-4083-9a30-749b42fe7a0c,STORE_002,2024-03-11 17:55:00,SKU_0327,HomeGoods,1,625.37,626.86,card,CUST_00192,0,
add87b13-3c4f-481d-b763-68834fb8808f,STORE_019,2024-03-27 17:22:00,SKU_0400,Pharmacy,7,274.84,1931.01,UPI,CUST_00334,0,
bf66c393-fbf6-4717-aa88-60cf45c13ced,STORE_013,2024-02-23 13:37:00,SKU_0291,HomeGoods,3,178.64,535.44,card,CUST_00158,0,
7b40daf1-a1b7-42cf-8c34-406712eb80b5,STORE_008,2024-03-14 13:30:00,SKU_0426,Grocery,1,241.19,242.16,cash,CUST_00126,0,
4aed38ab-e156-48a5-a7d7-11c876532d0e,STORE_013,2024-01-05 18:29:00,SKU_0137,Pharmacy,3,88.29,261.01,wallet,CUST_00187,0,
652bd5a3-40c6-4e41-a0e2-9c33f9460bee,STORE_013,2024-02-11 15:12:00,SKU_0077,Apparel,4,247.26,985.43,UPI,CUST_00441,0,
6753acf4-4160-42e8-bb3b-8e280383ff99,STORE_019,2024-02-23 18:20:00,SKU_0044,Pharmacy,1,105.14,103.78,UPI,CUST_00262,0,
dff7b751-52d2-4609-885c-bd1fafee97af,STORE_003,2024-01-12 13:11:00,SKU_0291,Electronics,5,182.2,902.99,wallet,CUST_00408,0,
f85c8030-fc3f-4556-8b41-7cf5972587c2,STORE_008,2024-02-03 16:06:00,SKU_0332,Electronics,5,524.11,2581.54,UPI,CUST_00414,0,
b7154b1e-8aee-4eba-8c82-2baf0e4e8046,STORE_001,2024-03-08 11:53:00,SKU_0143,Electronics,1,306.38,302.86,UPI,CUST_00217,0,
f6982bfb-e5eb-4caa-8da1-ad41ec62b06e,STORE_008,2024-03-06 11:33:00,SKU_0392,Pharmacy,3,76.38,231.72,wallet,CUST_00573,0,
a52e446d-6c83-4665-b0f8-276b23d75034,STORE_002,2024-01-10 09:57:00,SKU_0369,Electronics,4,494.06,1980.18,card,CUST_00027,0,
aaa2d5dc-8936-43c7-bfc9-5410fbaed076,STORE_008,2024-03-13 10:16:00,SKU_0180,Pharmacy,2,248.58,487.69,wallet,CUST_00538,0,
a2f13e03-8d93-439c-9380-8b56dded8bcf,STORE_008,2024-01-18 13:17:00,SKU_0120,HomeGoods,6,162.02,983.34,UPI,CUST_00004,0,
ecfe0f02-7874-4259-abf8-b07d4c74b90c,STORE_007,2024-01-30 15:11:00,SKU_0371,Electronics,2,454.32,923.52,cash,CUST_00229,0,
44826ff7-e1ff-4535-9af4-1dcf6d9e5a1c,STORE_008,2024-03-20 18:45:00,SKU_0336,Pharmacy,1,218.7,222.03,cash,CUST_00495,0,
9cd2f7aa-924e-40ef-b492-4bfb52f59514,STORE_013,2024-01-16 17:50:00,SKU_0086,Electronics,3,98.39,298.98,wallet,CUST_00410,0,
ce679aac-310e-4140-b904-f154eb67a887,STORE_013,2024-01-16 18:21:00,SKU_0128,Electronics,2,1096.31,2235.79,wallet,CUST_00192,0,
f32b9835-582a-4f72-aa36-b13564bf98c5,STORE_007,2024-03-11 14:48:00,SKU_0243,Apparel,3,246.57,742.27,wallet,CUST_00531,0,
76f6c55a-8305-4978-88ed-1add26e7b102,STORE_008,2024-01-14 13:16:00,SKU_0256,Grocery,3,234.24,715.72,cash,CUST_00082,0,
91f99ae7-4abd-483b-bc39-ec4e0ce186c1,STORE_018,2024-01-23 12:22:00,SKU_0083,Grocery,3,180.8,552.14,wallet,CUST_00402,0,
d1864b97-cf1f-41d3-9da2-64c90d12a7e4,STORE_002,2024-01-12 17:33:00,SKU_0474,Electronics,3,642.54,1913.22,wallet,CUST_00311,0,
97fdd7d1-94aa-45d1-89d2-205e192c8978,STORE_002,2024-03-15 17:08:00,SKU_0194,HomeGoods,3,164.28,500.0,wallet,CUST_00124,0,
b05ddcf9-45c1-493c-9866-a57ab0dc9687,STORE_001,2024-01-07 13:28:00,SKU_0191,Electronics,3,72.64,220.47,card,CUST_00552,0,
dab778e7-2a60-46df-ad59-e2854ed11ba4,STORE_010,2024-01-22 18:34:00,SKU_0031,Grocery,4,145.26,587.45,UPI,CUST_00459,0,
556ce6a4-4e4d-4806-83d1-2cb95161415d,STORE_006,2024-03-08 09:48:00,SKU_0437,Apparel,3,722.62,2202.22,card,CUST_00005,0,
028fb425-9da7-4729-b02b-87ef4227518c,STORE_013,2024-01-19 14:26:00,SKU_0118,Apparel,3,486.47,1452.65,cash,CUST_00052,0,
18aa68be-1adf-4662-b241-f01524270571,STORE_010,2024-03-14 11:14:00,SKU_0493,HomeGoods,4,203.86,812.18,UPI,CUST_00033,0,
44c29ae5-a0bd-4d19-a354-c4bcf74fbd48,STORE_003,2024-01-31 13:10:00,SKU_0248,Grocery,3,749.99,2262.57,cash,CUST_00249,0,
87f61c5d-64ea-4021-85b5-719ef772ceb4,STORE_015,2024-01-16 11:28:00,SKU_0437,HomeGoods,3,454.78,1377.32,cash,CUST_00250,0,
b0e7a264-8b8f-4305-910e-e3a292fbbce0,STORE_013,2024-01-31 13:43:00,SKU_0090,HomeGoods,5,201.98,1025.24,cash,CUST_00434,0,
ab2a8b86-547d-4a1a-a3bb-5b18fd492a81,STORE_003,2024-01-22 20:45:00,SKU_0083,Grocery,4,218.93,888.89,card,CUST_00405,0,
c939b2af-4511-4993-bcca-4fb9a03ec1e4,STORE_006,2024-01-16 12:11:00,SKU_0400,Grocery,2,325.35,656.46,cash,CUST_00009,0,
91323672-8888-450a-9377-1c7da0ba97a3,STORE_003,2024-01-25 13:07:00,SKU_0410,Apparel,4,128.5,523.39,wallet,CUST_00285,0,
66b10a74-c2bd-4261-bdca-3063671efca9,STORE_002,2024-01-02 14:42:00,SKU_0272,Apparel,5,250.9,1238.37,wallet,CUST_00470,0,
be4e7f06-7aab-4113-86c2-811ed0ee7241,STORE_002,2024-01-28 20:22:00,SKU_0017,Electronics,3,319.98,977.23,wallet,CUST_00538,0,
4af198f0-7a37-4d1b-9f1c-93deeb4d6623,STORE_018,2024-03-22 11:32:00,SKU_0471,Apparel,3,64.84,191.13,card,CUST_00175,0,
fb55b4d4-fa57-4c58-873d-f5621dade4f6,STORE_007,2024-03-09 08:55:00,SKU_0197,Electronics,5,214.86,1076.69,cash,CUST_00026,0,
d445f8fe-40e0-4ab7-9c3f-2739b4c2cfa2,STORE_006,2024-02-02 14:37:00,SKU_0468,Apparel,3,196.18,578.89,UPI,CUST_00091,0,
641f7073-d9de-482b-aa1b-63c754c87d82,STORE_012,2024-02-27 08:52:00,SKU_0435,Pharmacy,1,569.02,570.57,UPI,CUST_00204,0,
c3dd6551-a8aa-4369-8344-96a41cbe3221,STORE_008,2024-02-26 21:28:00,SKU_0425,Apparel,8,57.16,455.27,cash,CUST_00265,0,
e47c2585-6377-4343-80ae-1aaac5ccdae7,STORE_018,2024-02-25 14:53:00,SKU_0344,HomeGoods,3,184.24,543.47,wallet,CUST_00210,0,
f8b2768f-5f42-4a1e-bc0d-01c8d1c45ffe,STORE_013,2024-03-15 20:30:00,SKU_0336,Grocery,2,170.04,342.09,card,CUST_00054,0,
3ab85af9-77ff-41bb-a48e-129326944550,STORE_007,2024-03-12 13:27:00,SKU_0266,Pharmacy,2,538.89,1087.75,wallet,CUST_00204,0,
946d90bb-db13-4e7f-bf0e-4ce21559a45a,STORE_006,2024-03-09 09:42:00,SKU_0013,Pharmacy,2,241.44,476.59,cash,CUST_00173,0,
d926891c-dda3-4927-9d6a-6e80cafd2767,STORE_020,2024-01-02 16:28:00,SKU_0194,Pharmacy,1,1051.88,1060.06,card,CUST_00292,0,
147a8d1b-63d3-4c1c-a5a6-2b4d72b8c258,STORE_012,2024-02-12 14:29:00,SKU_0365,HomeGoods,2,424.64,838.38,card,CUST_00047,0,
1d4f08e2-4070-437b-91c9-75c00bfcc810,STORE_019,2024-02-06 14:34:00,SKU_0406,HomeGoods,2,180.06,354.9,cash,CUST_00474,0,
7cf18af4-7ed6-4a3b-8c7e-fcb8cff42183,STORE_002,2024-03-09 15:38:00,SKU_0280,Apparel,4,302.83,1194.23,UPI,CUST_00250,0,
3fdc2c95-5dde-4894-9afc-ac8b4c3ca44b,STORE_014,2024-03-16 21:06:00,SKU_0355,Pharmacy,4,188.33,756.31,wallet,CUST_00190,0,
284bc8a4-e855-4848-997d-b67032aac0f4,STORE_008,2024-03-05 11:11:00,SKU_0011,Pharmacy,2,497.19,1005.47,UPI,CUST_00543,0,
a7a2d109-fdda-4eb5-bcb1-19136d67fd26,STORE_002,2024-03-12 08:50:00,SKU_0234,Apparel,2,86.12,172.91,card,CUST_00446,0,
e42c3a8d-3403-4843-af6f-564a981e74e7,STORE_008,2024-03-10 21:40:00,SKU_0254,Electronics,2,129.35,261.9,UPI,CUST_00082,0,
ff1bd259-754a-4d02-84c0-e4bed1d28e69,STORE_010,2024-03-19 09:53:00,SKU_0446,Electronics,4,359.97,1445.15,card,CUST_00087,0,
51b6ddb0-699a-4342-a31a-156c577ad16b,STORE_001,2024-01-15 12:07:00,SKU_0156,Grocery,2,666.52,1348.89,card,CUST_00001,0,
ad41b13a-c459-4042-b2d1-89cb3b080d35,STORE_007,2024-02-06 18:16:00,SKU_0115,Electronics,4,42.94,175.03,wallet,CUST_00336,0,
1244104f-a0b2-491f-a682-ebbcfc5e9be0,STORE_013,2024-03-14 16:37:00,SKU_0176,Grocery,1,750.72,747.45,UPI,CUST_00212,0,
808f20d6-80f3-48e4-afec-6e93b2bcb750,STORE_003,2024-03-25 14:20:00,SKU_0086,Electronics,5,223.49,1101.8,card,CUST_00225,0,
2c00584c-75fe-4f3f-b0f6-ce3c7906347f,STORE_007,2024-03-30 15:36:00,SKU_0279,Pharmacy,3,55.39,163.75,card,CUST_00305,0,
32794c75-72be-45bb-a056-992cdcee3c5e,STORE_007,2024-01-27 11:10:00,SKU_0321,Electronics,3,22.65,68.21,wallet,CUST_00323,0,
3baf32dc-b89a-4bde-a8c5-61bdbd6de392,STORE_003,2024-01-21 10:44:00,SKU_0400,HomeGoods,7,73.55,515.82,UPI,CUST_00000,0,
e563eac5-4c30-4436-ab4c-8f567f9b312d,STORE_017,2024-01-06 16:56:00,SKU_0486,Grocery,2,246.09,485.96,cash,CUST_00064,0,
f4dca1ab-9e22-4f77-b873-8f115fde08a5,STORE_013,2024-03-09 13:03:00,SKU_0037,Electronics,1,237.16,240.78,wallet,CUST_00473,0,
0bc92f33-ae0b-4f54-b24a-758092ff1924,STORE_001,2024-03-16 08:40:00,SKU_0124,HomeGoods,1,414.89,422.47,UPI,CUST_00572,0,
bfebe760-54e7-475d-ad7b-cc4c34fcfc62,STORE_020,2024-03-01 10:44:00,SKU_0151,Pharmacy,4,161.08,637.96,card,CUST_00502,0,
eb1f2746-6a20-436b-a46d-b70a2c62e47b,STORE_015,2024-01-16 11:48:00,SKU_0125,HomeGoods,3,103.03,305.47,wallet,CUST_00543,0,
9a6f77ab-b7d7-4146-8775-5d6f37034ee8,STORE_003,2024-03-29 11:55:00,SKU_0413,Pharmacy,2,179.65,355.19,wallet,CUST_00278,0,
987f1758-36d4-4547-897d-a94c5a81df42,STORE_014,2024-03-23 18:08:00,SKU_0070,Apparel,3,256.81,766.96,wallet,CUST_00495,0,
860e363a-5dcf-4600-a728-e438bfa2ccef,STORE_001,2024-01-27 17:59:00,SKU_0015,HomeGoods,4,300.69,1219.75,card,CUST_00529,0,
f2016ae7-841e-4a8a-94d9-fbeec4eb46a0,STORE_020,2024-03-14 13:14:00,SKU_0430,Electronics,4,132.97,533.92,wallet,CUST_00535,0,
a952d6e2-94bb-4bdf-bc76-bcc219ae4fdf,STORE_010,2024-03-27 11:20:00,SKU_0480,Pharmacy,1,514.2,505.31,wallet,CUST_00089,0,
28916355-076f-4feb-82f4-95ace65f013b,STORE_010,2024-03-27 15:15:00,SKU_0113,HomeGoods,1,152.07,151.91,wallet,CUST_00088,0,
4d42485e-b7a5-4f33-a685-57f9cadb4465,STORE_001,2024-01-01 14:59:00,SKU_0167,Grocery,3,124.67,367.88,UPI,CUST_00241,0,
67dc2791-4690-4cdb-8b0e-b706c301c524,STORE_015,2024-02-08 17:15:00,SKU_0252,Grocery,2,161.99,322.76,card,CUST_00302,0,
31a2610e-b654-4331-aeef-61a1660d3c43,STORE_001,2024-03-10 18:36:00,SKU_0263,HomeGoods,2,590.71,1176.86,cash,CUST_00574,0,
1e799f70-adac-4fcb-b94e-8af422424c6e,STORE_003,2024-03-10 16:22:00,SKU_0495,Electronics,4,224.8,904.54,wallet,CUST_00190,0,
d132d6b3-899d-44b0-a36d-7dc70d79b705,STORE_002,2024-03-07 19:50:00,SKU_0202,Pharmacy,2,143.43,287.43,UPI,CUST_00498,0,
32faac0e-5bc9-48dc-925f-3229f0a766a8,STORE_013,2024-01-20 17:00:00,SKU_0007,Grocery,2,524.45,1064.62,wallet,CUST_00532,0,
f5704d10-60c1-46ef-bb0e-c2b605cc9ec9,STORE_002,2024-02-21 15:21:00,SKU_0211,Electronics,5,1388.06,6806.01,UPI,CUST_00579,0,
c2d414bd-4369-40ab-926b-bb67bacb346e,STORE_015,2024-03-30 20:02:00,SKU_0278,Grocery,3,295.66,896.7,UPI,CUST_00113,0,
40974be3-697c-41cf-801b-fa9c0674aafe,STORE_010,2024-01-19 10:53:00,SKU_0258,Pharmacy,7,670.84,4606.22,cash,CUST_00145,0,
2b4686ea-3a33-436a-b46f-09c239154faa,STORE_001,2024-02-16 18:48:00,SKU_0256,Grocery,1,572.68,568.2,card,CUST_00131,0,
92fee20d-b34a-4f07-87e6-293fe0e8c3c3,STORE_001,2024-03-10 09:08:00,SKU_0461,Apparel,3,154.0,469.02,UPI,CUST_00441,0,
052ed7b2-9a57-4cd3-8adb-3c7c802ae015,STORE_001,2024-02-05 12:44:00,SKU_0403,Pharmacy,3,255.38,771.98,cash,CUST_00412,0,
c5ac69e3-b0d2-45ec-ba35-b0d0e27edf57,STORE_008,2024-01-15 13:14:00,SKU_0126,Electronics,4,89.61,353.74,cash,CUST_00244,0,
149b537c-2f0a-420a-81d7-89a0928290e7,STORE_013,2024-01-17 10:11:00,SKU_0178,HomeGoods,2,212.2,424.24,UPI,CUST_00053,0,
2fe41d24-d389-47ec-8891-327b95c61ccc,STORE_003,2024-02-20 13:26:00,SKU_0334,Grocery,3,151.49,458.5,cash,CUST_00312,0,
4fc643bd-f42f-4c77-914e-1739244a5a42,STORE_014,2024-02-13 18:51:00,SKU_0205,HomeGoods,2,181.12,368.58,UPI,CUST_00439,0,
eb32e913-5c09-4ba1-99b0-897d98b9b2a6,STORE_001,2024-02-17 16:44:00,SKU_0214,Electronics,4,137.21,551.79,card,CUST_00284,0,
b02f5141-02b6-4084-ab1f-bfdc83d5f7b8,STORE_013,2024-03-03 09:58:00,SKU_0084,Electronics,1,198.7,194.92,card,CUST_00160,0,
9368cafc-2276-41f3-9f2e-0261cfb248fc,STORE_018,2024-01-15 13:39:00,SKU_0127,HomeGoods,3,382.7,1148.09,cash,CUST_00355,0,
f63392ef-90a7-4ffe-b132-b42fe6fb3d90,STORE_013,2024-02-06 11:55:00,SKU_0370,Pharmacy,1,227.21,224.06,card,CUST_00396,0,
b0a1603f-4c5f-48f3-8082-85ad2acad54e,STORE_011,2024-01-07 11:59:00,SKU_0421,Pharmacy,4,56.26,220.97,UPI,CUST_00354,0,
0a19ec9a-5fbe-453d-9501-b83707404633,STORE_014,2024-03-06 09:45:00,SKU_0392,HomeGoods,6,137.63,829.03,UPI,CUST_00523,0,
339ad72b-73e8-4aac-a06d-4a2f2738b6b7,STORE_001,2024-03-28 09:24:00,SKU_0154,Apparel,2,74.14,149.92,card,CUST_00188,0,
4fe06f04-4e60-4295-9396-85c0caaa15af,STORE_002,2024-02-12 09:12:00,SKU_0069,Electronics,1,303.9,298.26,cash,CUST_00365,0,
eb9f795d-d37f-43dc-b2ea-29f72ce2e8ac,STORE_002,2024-01-16 10:24:00,SKU_0080,Grocery,1,373.95,378.19,wallet,CUST_00513,0,
34b37ed5-fea0-4195-845d-58055efe7d30,STORE_008,2024-02-11 11:17:00,SKU_0197,HomeGoods,3,306.95,928.45,wallet,CUST_00127,0,
2fa55a30-a09b-45d0-bfce-3de2be4ce420,STORE_012,2024-01-18 19:12:00,SKU_0259,Grocery,3,133.16,403.51,wallet,CUST_00168,0,
d282141f-3746-488e-a390-ba055b1f80c0,STORE_008,2024-03-22 15:48:00,SKU_0446,Apparel,4,304.58,1205.88,card,CUST_00029,0,
6af90893-1329-49dc-9f00-742da3a43961,STORE_014,2024-02-27 11:36:00,SKU_0449,Electronics,4,171.63,683.6,UPI,CUST_00224,0,
e2162e5e-cd51-451b-a490-bd71d0be0d48,STORE_002,2024-01-25 09:15:00,SKU_0002,Apparel,1,100.57,99.04,cash,CUST_00026,0,
3e3d72bb-9e7f-4735-92e6-0c9d6c1d5656,STORE_012,2024-01-25 09:01:00,SKU_0354,Grocery,1,452.6,447.87,wallet,CUST_00447,0,
f9f37aae-4fa0-47a2-8f87-ff4f64989e1a,STORE_002,2024-03-25 15:24:00,SKU_0150,Electronics,4,481.01,1908.86,cash,CUST_00053,0,
f18b7be8-542e-4052-bf73-c583134ba3fe,STORE_003,2024-03-24 11:24:00,SKU_0099,Electronics,1,534.1,530.24,card,CUST_00415,0,
e369b795-1e6f-4700-931b-bc17ab2e68a5,STORE_012,2024-03-17 16:23:00,SKU_0277,Apparel,1,153.67,151.67,wallet,CUST_00347,0,
38a56d2d-8238-4bb2-9013-63a269c64e87,STORE_019,2024-01-24 08:05:00,SKU_0017,Grocery,5,642.23,3171.17,UPI,CUST_00592,0,
b01a05f9-0e32-4f5a-bbce-5db59df6acef,STORE_008,2024-01-15 19:38:00,SKU_0167,Electronics,6,168.44,1026.87,wallet,CUST_00208,0,
f8195446-d4c7-4921-a54d-79b6e483cc24,STORE_001,2024-02-09 18:09:00,SKU_0276,Apparel,1,421.69,426.48,card,CUST_00206,0,
4dc24489-d685-4601-b008-c0452223033b,STORE_008,2024-01-19 13:55:00,SKU_0136,Electronics,2,166.12,330.17,cash,CUST_00145,0,
b02ff745-bcb9-4e10-9dc7-b3b21e8cf558,STORE_001,2024-02-25 19:14:00,SKU_0297,Electronics,1,208.99,212.73,cash,CUST_00322,0,
ee3884ea-6ca5-4f2c-81be-5bb19da776ac,STORE_015,2024-03-17 09:13:00,SKU_0230,Electronics,1,36.04,35.66,cash,CUST_00131,0,
9d4201f4-0597-4fa3-98a9-a3f255416ca3,STORE_012,2024-02-17 08:51:00,SKU_0399,Apparel,1,196.36,195.63,cash,CUST_00068,0,
a04485d6-9846-4a92-86cd-cb4e2da93bf8,STORE_002,2024-03-19 15:18:00,SKU_0091,Pharmacy,4,268.9,1089.09,card,CUST_00569,0,
9dc21036-04b8-4ba8-b0b7-191f82b15727,STORE_001,2024-01-09 16:32:00,SKU_0029,Grocery,2,180.08,359.34,cash,CUST_00407,0,
0b5b61aa-5337-4929-9dd9-01b592b95ec8,STORE_002,2024-03-09 16:07:00,SKU_0265,Grocery,1,1018.83,1008.02,cash,CUST_00071,0,
74d93305-d0d0-406f-811b-b1ddeec3e823,STORE_019,2024-01-11 18:09:00,SKU_0129,Grocery,2,98.64,196.24,card,CUST_00370,0,
40e00ee6-4f83-4b7f-aa51-3995af8e41d7,STORE_007,2024-03-25 09:43:00,SKU_0353,Grocery,1,159.27,159.27,UPI,CUST_00182,0,
b71e0410-c041-4e7d-90a5-182fc3c08b14,STORE_013,2024-03-28 14:03:00,SKU_0047,HomeGoods,2,121.21,243.59,UPI,CUST_00108,0,
8083e6e0-36eb-4b54-a4b6-87d705f7bb84,STORE_008,2024-03-19 10:31:00,SKU_0288,Grocery,1,159.24,158.64,cash,CUST_00282,0,
32fefd00-9678-4259-aad9-6adc590582b1,STORE_008,2024-03-29 18:02:00,SKU_0494,HomeGoods,6,570.54,3413.83,wallet,CUST_00472,0,
4d8c40da-f493-4804-b855-315f1381af46,STORE_002,2024-03-14 10:44:00,SKU_0047,Pharmacy,1,815.57,807.87,UPI,CUST_00000,0,
212dc99c-0558-442a-94fc-50aead8a1620,STORE_019,2024-02-25 12:25:00,SKU_0151,Pharmacy,2,142.71,285.82,card,CUST_00213,0,
95d65f8d-1cd2-47f1-ac0a-f0c3201c8c82,STORE_003,2024-01-11 21:14:00,SKU_0422,Apparel,2,140.2,277.25,card,CUST_00552,0,
9273ecee-1b19-4aa7-b58b-95e7d08f7aac,STORE_008,2024-01-28 15:40:00,SKU_0267,HomeGoods,3,99.06,301.55,wallet,CUST_00236,0,
8b7bdad9-b09e-499d-9655-42a8c2084663,STORE_012,2024-02-15 15:34:00,SKU_0088,Pharmacy,2,710.87,1435.81,card,CUST_00059,0,
e8fa7405-5b8d-4e4b-830d-9207ce02b7ba,STORE_010,2024-03-18 13:49:00,SKU_0107,HomeGoods,5,612.94,3053.7,cash,CUST_00257,0,
0a238a31-5125-4aa6-964e-6e9f55e9cfa2,STORE_019,2024-03-11 21:54:00,SKU_0382,Grocery,3,229.68,695.85,card,CUST_00409,0,
8294a6d6-50a5-42bf-8a20-86ccf7cb64d4,STORE_002,2024-03-12 11:46:00,SKU_0430,Electronics,3,81.82,240.62,cash,CUST_00597,0,
f7c03e7d-2e20-4d9c-824d-cf05d3d2694d,STORE_008,2024-03-07 12:40:00,SKU_0180,Electronics,8,87.89,698.75,cash,CUST_00377,0,
216c52d0-a5d8-4174-9357-2699831dc2e4,STORE_006,2024-01-23 15:47:00,SKU_0237,Pharmacy,4,286.56,1143.5,card,CUST_00030,0,
a621d5bd-a1d5-4b0b-8d5d-a4dca23afadc,STORE_007,2024-01-17 12:47:00,SKU_0391,Apparel,4,387.97,1550.01,cash,CUST_00485,0,
72c557ad-897b-4521-9296-41242bc8649b,STORE_002,2024-02-10 21:00:00,SKU_0089,Grocery,2,47.87,96.69,card,CUST_00468,0,
ac553451-a119-4177-80f4-92e758465392,STORE_002,2024-03-05 19:55:00,SKU_0103,Grocery,3,193.33,590.73,cash,CUST_00390,0,
26c70a8f-7f2b-47de-8ab2-139ed57def1a,STORE_003,2024-01-15 21:23:00,SKU_0387,Grocery,6,912.42,5448.24,UPI,CUST_00537,0,
85b11ad1-3fa6-45df-ab22-c8e0ce940ecf,STORE_003,2024-02-01 12:38:00,SKU_0094,Pharmacy,2,210.07,417.63,cash,CUST_00461,0,
969149e8-ac44-4a7b-bf3e-b36b7eb1407a,STORE_007,2024-02-29 14:04:00,SKU_0385,HomeGoods,2,823.18,1653.64,cash,CUST_00139,0,
1d583d03-f630-47dd-8816-e3e4b8c8fe33,STORE_008,2024-03-29 11:05:00,SKU_0249,Pharmacy,3,420.19,1249.54,wallet,CUST_00252,0,
513822d1-b572-4bdd-894c-02fe531f152e,STORE_008,2024-02-23 13:36:00,SKU_0495,Grocery,2,105.01,207.01,cash,CUST_00304,0,
59ebef05-c497-4b99-9a14-2e51110551b1,STORE_006,2024-03-19 09:17:00,SKU_0017,Apparel,3,197.81,604.39,card,CUST_00293,0,
0c2e5f57-3378-47ca-a7ad-b197a7f8acf7,STORE_006,2024-02-16 19:36:00,SKU_0473,Electronics,1,225.54,228.33,UPI,CUST_00383,0,
25a568b2-2fba-4e19-9c86-50c5d0a51874,STORE_002,2024-02-04 16:58:00,SKU_0113,Pharmacy,3,116.68,356.46,card,CUST_00420,0,
971fab69-aef8-4fcc-b6f2-5eef1cb9be53,STORE_008,2024-02-13 20:46:00,SKU_0018,Apparel,2,115.07,227.54,card,CUST_00062,0,
aa83b369-4b0f-4aff-b67a-5a88b3999efa,STORE_003,2024-01-28 11:46:00,SKU_0362,Apparel,1,834.54,818.44,cash,CUST_00341,0,
721a01fa-8d61-4687-b474-1dd03a73ddc1,STORE_001,2024-01-19 12:14:00,SKU_0266,Apparel,5,114.39,570.51,card,CUST_00023,0,
6d7e06a7-f84e-499d-86a8-3bcab6308cca,STORE_006,2024-02-24 12:39:00,SKU_0418,Grocery,1,592.42,602.7,wallet,CUST_00306,0,
db71b633-e1a3-4114-afd5-af7c15e06ef0,STORE_007,2024-03-25 19:56:00,SKU_0055,Pharmacy,5,176.32,868.85,UPI,CUST_00253,0,
576322b5-6906-46c7-b5eb-9476ff447290,STORE_002,2024-01-03 14:13:00,SKU_0041,Apparel,1,244.92,241.17,wallet,CUST_00123,0,
1f71e9af-4944-462b-900b-4c66ef21aaad,STORE_008,2024-03-23 17:19:00,SKU_0284,HomeGoods,3,391.87,1155.34,UPI,CUST_00594,0,
513d272a-ce28-4dec-b410-bb10d6a84641,STORE_008,2024-02-20 16:29:00,SKU_0441,Electronics,6,154.87,939.07,wallet,CUST_00154,0,
a18b9a38-da54-4597-b848-bc98a3b482ab,STORE_012,2024-02-12 08:27:00,SKU_0203,Grocery,5,393.78,1991.42,card,CUST_00033,0,
e76e502c-893c-4063-b826-fa2ae2a33893,STORE_010,2024-02-01 19:51:00,SKU_0398,Pharmacy,2,48.63,98.02,UPI,CUST_00215,0,
cdca5cce-cef0-4b1e-88be-059cccd00e69,STORE_010,2024-03-08 08:50:00,SKU_0453,Electronics,4,355.39,1396.16,UPI,CUST_00454,0,
cf590ac6-f8ab-4460-a28c-6d168023aa1d,STORE_003,2024-02-05 13:56:00,SKU_0434,Electronics,3,34.7,105.03,wallet,CUST_00005,0,
55504624-3e12-41db-a530-64006b88e0bf,STORE_013,2024-03-19 08:21:00,SKU_0254,Pharmacy,1,208.51,208.08,UPI,CUST_00295,0,
82a5c2bc-9276-4971-8410-78becf08e1e2,STORE_008,2024-03-08 15:15:00,SKU_0349,Grocery,4,495.15,1953.5,card,CUST_00250,0,
ef6ded10-f666-4367-a33b-5129bcfae558,STORE_007,2024-02-17 20:13:00,SKU_0263,Grocery,2,411.29,815.84,cash,CUST_00519,0,
9ff43461-2934-4860-b4f3-dce664c8cfe2,STORE_008,2024-03-08 18:53:00,SKU_0337,Apparel,3,88.48,265.45,wallet,CUST_00001,0,
394d9e36-f825-4fc1-9687-3d7cd8b74aef,STORE_006,2024-01-27 11:32:00,SKU_0283,Electronics,2,98.07,194.8,card,CUST_00010,0,
45c4e4ca-7d59-4553-bfc9-d7b7434f720e,STORE_008,2024-02-17 13:46:00,SKU_0263,Electronics,5,144.1,734.04,wallet,CUST_00339,0,
fd0059ed-081c-4024-8896-317566bdede6,STORE_012,2024-03-12 11:47:00,SKU_0218,Electronics,3,290.16,869.6,UPI,CUST_00107,0,
d70026b9-3c60-42bf-b815-442b3640fc26,STORE_015,2024-01-21 13:01:00,SKU_0326,Electronics,1,49.2,48.95,cash,CUST_00422,0,
8cedb45b-925d-4c3b-b62e-c95fafe99e46,STORE_017,2024-01-31 21:26:00,SKU_0375,Electronics,3,247.37,747.25,UPI,CUST_00166,0,
c6da8b59-4508-44f2-8d68-5f24b5773cdf,STORE_008,2024-03-04 09:38:00,SKU_0459,HomeGoods,3,320.73,967.98,card,CUST_00337,0,
528fa6cf-36f5-4a60-a90d-d8730ca9e18e,STORE_008,2024-02-03 18:55:00,SKU_0307,Grocery,2,199.34,390.75,cash,CUST_00022,0,
0ca67095-bb34-46bf-829d-876777ab0506,STORE_013,2024-02-17 09:28:00,SKU_0051,Electronics,2,380.59,764.79,card,CUST_00416,0,
8f64ca95-adc4-4c7c-ba67-03271a36c1ce,STORE_003,2024-01-12 14:03:00,SKU_0294,Electronics,2,299.0,591.87,UPI,CUST_00310,0,
d30c5a22-f915-4b88-abf4-4d8154886b62,STORE_014,2024-02-27 12:12:00,SKU_0158,Apparel,3,162.09,483.84,cash,CUST_00000,0,
72029b6d-834e-4f11-82a2-19f47f83e58e,STORE_008,2024-01-02 20:50:00,SKU_0014,Pharmacy,2,53.12,107.12,UPI,CUST_00159,0,
7bb98cbb-79cc-478b-bba5-717b357fbad7,STORE_002,2024-03-14 08:20:00,SKU_0037,Grocery,7,278.16,1951.59,wallet,CUST_00035,0,
b766445c-43e9-4b79-bc60-f462bc2fe048,STORE_001,2024-03-28 16:07:00,SKU_0296,Electronics,3,116.63,348.05,cash,CUST_00026,0,
7bd907b7-36e8-4509-ad5d-305e617c85b6,STORE_014,2024-01-13 11:58:00,SKU_0472,Grocery,3,157.4,465.92,cash,CUST_00419,0,
afe52ff8-debe-4694-aabc-4baa5afb5630,STORE_001,2024-01-16 20:40:00,SKU_0253,Apparel,5,366.78,1834.3,cash,CUST_00256,0,
8be34c1e-2cf6-4f5c-9539-f014d16ec57b,STORE_003,2024-03-23 19:19:00,SKU_0223,Electronics,4,776.91,3085.19,UPI,CUST_00481,0,
056ca51f-50d5-4567-a3ab-044639de435d,STORE_003,2024-03-15 10:17:00,SKU_0045,Pharmacy,4,242.5,986.02,wallet,CUST_00154,0,
46cbacd3-4122-4871-99a1-e6c7a0a75f5c,STORE_002,2024-01-20 09:05:00,SKU_0337,HomeGoods,2,389.44,779.95,wallet,CUST_00430,0,
f3c1d2b7-9ff7-4d84-9d78-80490b5122e8,STORE_003,2024-01-17 09:22:00,SKU_0028,Grocery,1,78.72,79.87,cash,CUST_00369,0,
f786b2ce-f45d-48cd-b0e4-1d3fb98e7860,STORE_012,2024-01-07 08:59:00,SKU_0420,Pharmacy,1,304.26,302.92,card,CUST_00397,0,
48391d23-cfc2-4c3b-835f-baffac217f7a,STORE_001,2024-01-08 09:01:00,SKU_0408,Grocery,1,238.3,241.42,cash,CUST_00496,0,
7b4a8490-4213-4acc-ba8f-287aae38c648,STORE_013,2024-01-12 15:49:00,SKU_0495,Electronics,3,668.37,1969.54,card,CUST_00424,0,
ba3fee97-fedc-4233-a48f-8d38de2458b6,STORE_015,2024-03-07 16:05:00,SKU_0142,Pharmacy,2,162.24,321.86,card,CUST_00447,0,
bd8dc471-c2bb-46e0-98fb-35ffdfdd59a8,STORE_006,2024-03-10 08:37:00,SKU_0081,Pharmacy,3,206.06,607.75,UPI,CUST_00443,0,
f93c2564-0646-4e68-b6c0-4066e6e40579,STORE_002,2024-02-06 20:18:00,SKU_0150,Grocery,4,583.19,2289.06,wallet,CUST_00268,0,
7e724b6b-40b9-46de-9b4e-34f10e43c262,STORE_008,2024-02-27 14:31:00,SKU_0399,Apparel,1,232.25,236.14,wallet,CUST_00434,0,
ca0ead93-8dc0-48f0-8dfb-6555d93a7874,STORE_002,2024-03-25 17:24:00,SKU_0110,Electronics,5,102.96,519.27,cash,CUST_00505,0,
4a020c26-d35c-4542-81c8-548cac4472fb,STORE_006,2024-02-10 17:20:00,SKU_0443,HomeGoods,4,1925.17,7739.22,cash,CUST_00442,0,
dddd124a-ef42-456a-bf95-2e49caf11f6b,STORE_019,2024-01-16 14:04:00,SKU_0077,HomeGoods,4,105.49,422.51,card,CUST_00364,0,
62bf1bd8-c039-45d2-ad82-0dee66c614f0,STORE_020,2024-01-16 13:47:00,SKU_0025,HomeGoods,1,237.39,238.05,card,CUST_00044,0,
95f79218-8c98-48ba-bfa8-555ffd98c621,STORE_013,2024-03-11 11:25:00,SKU_0110,Apparel,1,329.91,331.74,card,CUST_00261,0,
996740e7-7e96-4f22-bc74-cb83938e08b3,STORE_003,2024-01-14 18:14:00,SKU_0377,HomeGoods,2,309.68,627.45,UPI,CUST_00037,0,
3f152a6d-304e-4800-afaa-b075ec45bace,STORE_010,2024-03-12 19:41:00,SKU_0301,Apparel,3,214.79,646.87,UPI,CUST_00062,0,
34e331ce-a5a5-4e24-aa3d-9a269d33eff1,STORE_012,2024-01-30 21:41:00,SKU_0178,Pharmacy,2,215.65,435.59,wallet,CUST_00216,0,
cbea5022-7deb-429a-a682-77119fb6a5a0,STORE_006,2024-02-28 19:52:00,SKU_0328,Electronics,3,207.16,616.04,UPI,CUST_00278,0,
3082fbde-7b7a-497a-90b4-60ea6ab70631,STORE_008,2024-01-07 20:45:00,SKU_0324,Apparel,2,102.38,208.66,card,CUST_00316,0,
3667f0ae-140e-47dd-bde9-003c8d37c40e,STORE_001,2024-01-19 12:45:00,SKU_0277,Apparel,2,1396.38,2740.47,cash,CUST_00540,0,
20c0f58d-2de5-463b-9e6a-ffe7ad912c31,STORE_002,2024-01-20 14:41:00,SKU_0257,Apparel,3,209.66,626.13,card,CUST_00457,0,
aefd064a-d6f6-44e4-8f42-5c04d4113b31,STORE_008,2024-02-28 20:06:00,SKU_0051,Electronics,4,403.03,1636.76,wallet,CUST_00253,0,
8c320ed4-6305-4655-a666-8b4ca273167d,STORE_002,2024-01-27 21:34:00,SKU_0130,Grocery,4,191.28,755.34,wallet,CUST_00200,0,
27ab666f-37cc-4847-922f-5a112c70b335,STORE_002,2024-01-23 12:20:00,SKU_0264,Pharmacy,4,188.23,742.12,card,CUST_00427,0,
b69b7ac3-e3af-494f-992e-b1c5cd5f1713,STORE_014,2024-02-19 11:37:00,SKU_0068,Electronics,5,173.66,863.63,cash,CUST_00165,0,
149200b3-d4a6-4aa5-ac79-ef0d04b055d0,STORE_020,2024-02-10 16:09:00,SKU_0238,HomeGoods,5,72.35,360.71,cash,CUST_00530,0,
91122dec-1bea-49bd-aafb-031b243a3a32,STORE_008,2024-02-26 20:08:00,SKU_0059,HomeGoods,2,219.85,447.32,cash,CUST_00468,0,
3ccb1765-15eb-4c68-bdfe-e2a4668ac1f8,STORE_014,2024-01-30 17:37:00,SKU_0393,Apparel,4,180.52,731.79,UPI,CUST_00409,0,
ecf4f045-d880-4ff8-aece-2057f854e781,STORE_020,2024-03-01 15:40:00,SKU_0052,Electronics,2,638.22,1274.61,UPI,CUST_00149,0,
c6614fd4-699c-4773-a5b6-6fc2b7057c8e,STORE_002,2024-02-24 09:45:00,SKU_0047,Electronics,2,95.98,195.59,UPI,CUST_00373,0,
7f108824-716d-4fed-80ef-b2ef93a4ea3d,STORE_007,2024-02-10 08:24:00,SKU_0319,Grocery,2,157.55,316.89,cash,CUST_00492,0,
a2d016db-ec44-44f6-80da-34dc10ae4408,STORE_006,2024-02-09 09:59:00,SKU_0111,Electronics,2,121.84,247.32,card,CUST_00043,0,
8e99cb89-34ae-410d-b2a3-efe69f386b6a,STORE_001,2024-01-21 12:26:00,SKU_0176,Electronics,3,792.73,2354.03,cash,CUST_00106,0,
decef03f-404d-4b6d-a5fb-64a7cec04cc6,STORE_013,2024-03-15 18:46:00,SKU_0157,Electronics,6,124.7,747.87,card,CUST_00309,0,
4893f65d-ee3d-47ff-b54f-2583b06174f6,STORE_007,2024-01-22 19:49:00,SKU_0109,Electronics,5,392.02,1923.23,UPI,CUST_00215,0,
1837009f-70db-44f9-a37b-2b47a3434edf,STORE_007,2024-02-11 15:02:00,SKU_0381,Pharmacy,4,543.26,2130.35,card,CUST_00425,0,
17641233-787e-4d9c-9cd6-4e98942ec17c,STORE_002,2024-03-09 21:28:00,SKU_0346,HomeGoods,5,222.42,1121.24,UPI,CUST_00240,0,
b7af1c9c-d067-4b4f-b54a-2c731517ce29,STORE_002,2024-02-18 14:04:00,SKU_0120,Electronics,1,83.1,81.83,card,CUST_00597,0,
5127d9e3-f381-4581-af4f-0fc9d2f339be,STORE_015,2024-02-25 18:55:00,SKU_0343,HomeGoods,4,83.94,336.4,UPI,CUST_00179,0,
69552096-20bd-4356-be50-c4c945c663f7,STORE_001,2024-03-24 14:57:00,SKU_0357,Electronics,3,497.34,1503.72,card,CUST_00216,0,
7ccf1b47-2e44-4016-9136-8b3048ec0232,STORE_003,2024-02-17 16:36:00,SKU_0270,Apparel,4,91.19,357.94,card,CUST_00002,0,
f82b66d1-aabe-464a-8400-e932f72e8eda,STORE_003,2024-03-30 18:07:00,SKU_0289,Electronics,3,342.09,1024.17,cash,CUST_00148,0,
d4a5a9b4-4e4e-47a5-84f9-65b06148378b,STORE_007,2024-01-07 13:30:00,SKU_0467,Electronics,4,273.95,1103.87,UPI,CUST_00141,0,
08486ebf-47c1-4b30-9918-a17bc5b0dd41,STORE_008,2024-03-01 14:30:00,SKU_0227,Electronics,3,338.04,1029.93,wallet,CUST_00457,0,
daf0f739-8500-4d0b-acbd-bb15c75b1d4e,STORE_007,2024-03-23 12:29:00,SKU_0193,Apparel,2,364.57,723.28,UPI,CUST_00202,0,
5a9dee39-e606-4038-8d1d-6dda6f7f38a5,STORE_001,2024-02-20 14:58:00,SKU_0269,Apparel,1,118.45,120.7,UPI,CUST_00122,0,
03138a36-8e9b-422e-9225-adccc8267929,STORE_003,2024-03-27 15:27:00,SKU_0418,Grocery,2,114.55,232.26,wallet,CUST_00188,0,
945e85d5-ca2b-4893-9690-40476863c79c,STORE_014,2024-02-23 10:25:00,SKU_0355,HomeGoods,1,442.93,445.6,cash,CUST_00337,0,
16d994ad-3741-49e3-903e-176afc6fb7bd,STORE_008,2024-01-20 10:05:00,SKU_0038,HomeGoods,5,151.11,752.28,wallet,CUST_00471,0,
f77081af-0482-4716-be2a-ef8b94c9e12b,STORE_010,2024-02-22 08:38:00,SKU_0230,HomeGoods,2,27.7,55.87,cash,CUST_00587,0,
6c8dcfc7-4e20-4a91-93ce-56442d93e9d5,STORE_010,2024-02-08 13:46:00,SKU_0370,Apparel,3,420.09,1276.21,UPI,CUST_00028,0,
0344f3d3-f675-402f-935f-791a3c73c883,STORE_013,2024-02-18 18:42:00,SKU_0112,Apparel,3,109.12,324.78,wallet,CUST_00504,0,
e4c4b2f1-5e77-44aa-8659-39353227025d,STORE_001,2024-01-03 11:34:00,SKU_0494,Apparel,4,363.28,1481.77,wallet,CUST_00233,0,
4b60aee7-34f7-4e72-9291-bc130d466a06,STORE_006,2024-03-28 10:06:00,SKU_0404,Grocery,1,761.83,774.28,card,CUST_00484,0,
4d671e5c-3d56-4b5c-9d35-95ce4f754a7c,STORE_008,2024-03-25 21:10:00,SKU_0423,Apparel,2,253.38,506.47,wallet,CUST_00022,0,
ec1af63c-d4de-4e07-a474-2117f56d8aea,STORE_003,2024-02-06 16:11:00,SKU_0041,Electronics,6,554.5,3356.65,UPI,CUST_00375,0,
1e92e93e-2028-436c-bb75-0076283b8828,STORE_014,2024-01-30 13:38:00,SKU_0290,Pharmacy,4,282.73,1132.01,cash,CUST_00558,0,
3f5e9af5-9fb0-43ab-962c-78aff8c82e42,STORE_007,2024-01-28 13:17:00,SKU_0264,Grocery,5,890.16,4497.25,cash,CUST_00023,0,
21275690-12e2-40e8-b7c4-0026b99e33db,STORE_013,2024-03-09 10:13:00,SKU_0313,HomeGoods,2,106.89,216.58,wallet,CUST_00474,0,
c2de091e-c3e4-45d3-91d7-e20978f98b35,STORE_015,2024-01-23 20:56:00,SKU_0425,Pharmacy,1,248.36,243.62,wallet,CUST_00068,0,
70fc6ee5-ce6a-4d8a-be2d-043cab632f7b,STORE_008,2024-02-15 10:45:00,SKU_0177,Apparel,3,428.37,1263.48,wallet,CUST_00589,0,
14d82b83-65c8-4cad-88b6-d60c4776bc0b,STORE_015,2024-02-14 19:21:00,SKU_0267,Pharmacy,4,214.68,853.1,card,CUST_00446,0,
c16d0e41-6863-4f40-9b39-7fcba3636cee,STORE_008,2024-03-30 19:13:00,SKU_0340,Apparel,2,628.44,1277.88,card,CUST_00546,0,
074f7fa4-74f4-495e-875a-c3dfe0faa8db,STORE_014,2024-03-06 12:20:00,SKU_0376,Electronics,2,176.94,352.44,wallet,CUST_00538,0,
685f5c74-3e92-4938-a67e-078ae14c1623,STORE_004,2024-01-23 17:15:00,SKU_0385,Electronics,5,1308.92,6646.04,cash,CUST_00189,0,
f424198c-9d32-4b61-922d-5fe9416f2aa8,STORE_008,2024-02-27 16:45:00,SKU_0169,Electronics,5,1365.42,6816.84,wallet,CUST_00249,0,
fb38ac63-d404-4c6f-b79f-5f167aa635b2,STORE_008,2024-03-30 08:59:00,SKU_0499,Pharmacy,3,313.29,931.93,UPI,CUST_00414,0,
0cc2373d-ecc8-433b-8370-41d3a2546e05,STORE_001,2024-01-10 15:20:00,SKU_0005,Apparel,2,388.99,790.45,UPI,CUST_00104,0,
647c084f-9249-4f72-b23a-afeea296b2f4,STORE_006,2024-02-27 18:51:00,SKU_0246,Grocery,2,648.59,1300.33,card,CUST_00183,0,
c4a7ff12-3498-4e88-a32b-321a31197685,STORE_016,2024-02-06 21:19:00,SKU_0304,Apparel,5,96.71,480.85,wallet,CUST_00059,0,
f97e9081-5cce-45ec-846f-9034fe423e54,STORE_008,2024-01-19 13:31:00,SKU_0031,Grocery,5,87.52,429.63,UPI,CUST_00532,0,
b7e05389-ceaf-4daa-9861-6cace02e2dfa,STORE_002,2024-03-01 19:13:00,SKU_0226,Pharmacy,8,683.07,5379.52,cash,CUST_00148,0,
4476f39d-05e6-40f9-afcd-ea7f63b308ca,STORE_003,2024-01-28 21:26:00,SKU_0298,Pharmacy,4,311.27,1227.12,UPI,CUST_00246,0,
94f9d5ef-ba75-47cb-b643-335f724f7647,STORE_002,2024-01-22 21:26:00,SKU_0304,Electronics,3,208.57,622.33,wallet,CUST_00271,0,
bab2f4f6-1af5-49cc-8035-ddcb6e9a4a13,STORE_001,2024-03-29 20:54:00,SKU_0060,HomeGoods,2,252.23,506.63,cash,CUST_00225,0,
9990ee9b-90eb-4e69-8271-4cb0acb51ed7,STORE_018,2024-02-22 19:57:00,SKU_0139,Grocery,1,37.06,36.77,UPI,CUST_00466,0,
93073150-3019-44d0-b859-c2967ab76898,STORE_007,2024-01-25 08:19:00,SKU_0123,Electronics,4,214.65,843.68,cash,CUST_00548,0,
1956812e-ec47-47e9-a9d1-64e4ff0f1db8,STORE_003,2024-02-27 15:04:00,SKU_0320,Pharmacy,3,136.87,406.75,UPI,CUST_00343,0,
3818bd29-2a6e-46b5-b168-77e447c06574,STORE_008,2024-02-20 10:30:00,SKU_0165,Electronics,5,521.09,2595.93,wallet,CUST_00502,0,
83b488f4-e996-4d64-8905-cdbb1ac9ec36,STORE_001,2024-02-21 16:24:00,SKU_0286,Grocery,1,554.18,565.09,card,CUST_00066,0,
cf172c06-a9a9-4044-a40e-7c73fe7bd8c9,STORE_003,2024-02-06 17:44:00,SKU_0365,Electronics,3,396.55,1184.56,cash,CUST_00579,0,
1fa7aa2d-7882-4e4f-8a68-0b77c2798a19,STORE_012,2024-03-13 12:25:00,SKU_0398,Apparel,8,343.03,2699.15,cash,CUST_00069,0,
a779ea02-69cf-4256-b199-e11a3bd342a0,STORE_008,2024-01-30 15:07:00,SKU_0092,Apparel,3,75.46,227.11,UPI,CUST_00039,0,
6350cbe5-aae3-4348-9a06-266863547b9b,STORE_020,2024-02-08 10:31:00,SKU_0451,Grocery,3,401.01,1223.22,wallet,CUST_00013,0,
af68dede-6437-424b-bb39-8b47a7278579,STORE_008,2024-03-17 21:26:00,SKU_0083,Electronics,5,413.63,2091.87,card,CUST_00146,0,
c1914dde-b1f5-4511-ad92-66b13375564c,STORE_007,2024-01-06 11:06:00,SKU_0011,Electronics,5,676.96,3430.32,wallet,CUST_00502,0,
9c83516f-99df-405a-b694-958b1b230a63,STORE_013,2024-03-09 21:33:00,SKU_0023,Pharmacy,2,1361.07,2768.77,card,CUST_00180,0,
8fabdc35-2582-449b-af16-fb45b48ab3ef,STORE_015,2024-01-16 08:58:00,SKU_0101,Pharmacy,5,64.55,324.51,cash,CUST_00474,0,
5f25a50e-3726-4dba-828e-71d58d79fdb2,STORE_012,2024-01-29 09:10:00,SKU_0436,Pharmacy,5,183.22,934.24,UPI,CUST_00254,0,
f2341334-f4a7-4fde-85b2-a55df671aec1,STORE_019,2024-01-23 17:53:00,SKU_0104,Apparel,2,138.05,270.95,wallet,CUST_00062,0,
a2381bc7-52de-40b0-a3d3-b34ee0b8b570,STORE_013,2024-01-25 17:03:00,SKU_0347,Apparel,4,287.0,1163.38,card,CUST_00283,0,
fb775e45-8417-4b0a-912d-78febe69b673,STORE_015,2024-01-01 08:55:00,SKU_0209,HomeGoods,3,252.69,768.9,wallet,CUST_00139,0,
69c05add-b6d9-4a27-93cc-a58548e6adcc,STORE_001,2024-02-22 19:01:00,SKU_0020,HomeGoods,3,207.31,632.3,UPI,CUST_00174,0,
23fd7460-4d92-4bb6-b59f-d02a2bc4561a,STORE_012,2024-01-03 19:06:00,SKU_0222,Apparel,2,568.81,1136.63,card,CUST_00310,0,
9e8f5b93-4a75-4875-a2b1-3fec2bf9c636,STORE_007,2024-01-14 15:36:00,SKU_0015,Grocery,4,103.58,419.09,UPI,CUST_00474,0,
ca23d9c1-ccff-4226-8547-0e1819299a5e,STORE_008,2024-01-21 14:40:00,SKU_0238,Apparel,4,108.7,429.5,card,CUST_00352,0,
f1fafbc1-6481-4918-8aac-c6b2ae266da8,STORE_010,2024-02-09 13:04:00,SKU_0279,Electronics,1,110.18,110.63,cash,CUST_00133,0,
7b6e7d41-fdb6-435c-b70e-89956c7cf018,STORE_019,2024-02-10 19:37:00,SKU_0261,Electronics,4,187.39,745.32,wallet,CUST_00430,0,
e201f258-1fd8-49ac-8cc3-1b280b28a247,STORE_020,2024-03-21 09:00:00,SKU_0141,HomeGoods,1,93.56,93.92,card,CUST_00417,0,
c1fcfc91-2cc4-4cd4-a7c8-dfd72da9c486,STORE_003,2024-02-19 10:35:00,SKU_0383,Pharmacy,6,240.47,1452.95,UPI,CUST_00142,0,
c0507ad3-16a7-4e4b-87b3-b0b1f70f4ed6,STORE_012,2024-03-22 12:32:00,SKU_0298,Electronics,2,219.0,435.32,UPI,CUST_00511,0,
88480870-7281-4c86-aeb4-97a29414c625,STORE_012,2024-03-02 10:53:00,SKU_0128,Electronics,1,133.25,131.74,cash,CUST_00505,0,
dee7bb5b-319f-4c6e-87ef-e14248422e5d,STORE_004,2024-01-19 19:39:00,SKU_0217,Electronics,2,502.94,998.71,UPI,CUST_00362,0,
a988a615-5675-402d-87b1-373064443842,STORE_002,2024-01-13 18:11:00,SKU_0055,HomeGoods,2,238.38,479.89,card,CUST_00177,0,
a98003e5-a708-4bba-b651-1997348ba52b,STORE_001,2024-02-23 21:57:00,SKU_0461,Grocery,4,584.98,2356.47,UPI,CUST_00212,0,
14dc0136-c00d-470a-9694-7259473a9471,STORE_013,2024-03-19 14:33:00,SKU_0376,Grocery,1,213.88,215.94,card,CUST_00263,0,
1cd68ebd-17a3-4e39-9788-14611987c993,STORE_007,2024-01-28 20:28:00,SKU_0144,Electronics,1,245.21,241.55,wallet,CUST_00112,0,
d230eef6-8736-42c4-bd08-3cb2a821e971,STORE_020,2024-03-10 13:44:00,SKU_0337,Pharmacy,3,159.37,484.2,cash,CUST_00183,0,
2169f353-7704-4926-b594-50f3b978b260,STORE_007,2024-01-21 18:02:00,SKU_0339,Apparel,2,248.59,500.92,cash,CUST_00080,0,
5f9f35d3-2f42-42ed-9699-562cd0b0b845,STORE_019,2024-01-10 12:28:00,SKU_0305,HomeGoods,3,441.97,1301.01,card,CUST_00092,0,
8b410833-f5e8-40dc-8a69-0018d1fc8feb,STORE_006,2024-03-05 13:01:00,SKU_0027,HomeGoods,2,179.9,357.43,cash,CUST_00446,0,
add6b962-1511-4881-83f2-d2b010c5c06e,STORE_013,2024-01-30 14:32:00,SKU_0439,Electronics,3,378.49,1133.96,cash,CUST_00077,0,
42367531-4b44-4ac3-8737-5a84d84cea93,STORE_001,2024-02-27 11:36:00,SKU_0477,Pharmacy,3,130.49,389.29,UPI,CUST_00281,0,
81ad22e9-7c4f-4fa0-b3f0-3803cb5e5b5a,STORE_008,2024-02-26 18:31:00,SKU_0487,Apparel,3,458.84,1355.45,wallet,CUST_00257,0,
94ef257b-86fd-40ea-8b24-7d3aa684909a,STORE_013,2024-03-13 11:42:00,SKU_0490,HomeGoods,5,157.2,776.8,UPI,CUST_00027,0,
45cb71ce-67b2-4e0e-afa1-eccbc3f8888d,STORE_018,2024-01-05 09:51:00,SKU_0464,Grocery,1,494.13,484.73,card,CUST_00498,0,
8ce64b3a-b156-444b-8fb8-d8bcc8090a45,STORE_013,2024-02-12 16:36:00,SKU_0369,Pharmacy,3,262.5,774.68,wallet,CUST_00590,0,
4b3c05e3-7d49-427c-8655-fb326533989f,STORE_001,2024-03-03 11:10:00,SKU_0029,Pharmacy,3,844.06,2508.51,card,CUST_00383,0,
011f5909-3948-4220-8797-2175d1fa0375,STORE_006,2024-01-04 20:13:00,SKU_0233,Apparel,3,99.31,301.74,cash,CUST_00402,0,
d31e0171-7a1a-4dc0-afe3-0f29d6e01a5b,STORE_001,2024-02-21 14:09:00,SKU_0123,Electronics,2,76.75,153.66,wallet,CUST_00139,0,
19ce686f-eb5d-4f51-8a32-2b772e523d34,STORE_001,2024-02-07 09:10:00,SKU_0110,Pharmacy,5,152.7,761.19,UPI,CUST_00506,0,
7a05d9e4-6a52-46bc-acb9-1386e0d37dec,STORE_010,2024-01-13 19:34:00,SKU_0415,Pharmacy,1,82.58,83.12,card,CUST_00470,0,
e3a9053c-9e6c-436d-aff2-b50523efb8d3,STORE_012,2024-03-24 14:12:00,SKU_0406,Apparel,1,82.7,82.84,UPI,CUST_00262,0,
8f0746fc-2eef-4ebe-9560-2bda2984545b,STORE_013,2024-02-24 21:31:00,SKU_0261,Apparel,4,411.04,1619.93,UPI,CUST_00423,0,
a0d0864b-5617-4750-ae82-a61d1bfd828c,STORE_015,2024-01-02 12:55:00,SKU_0368,Grocery,1,249.17,246.41,cash,CUST_00573,0,
929b2126-1ca9-4c13-a4a8-368fde120a79,STORE_012,2024-02-16 21:30:00,SKU_0065,Electronics,3,170.33,505.32,cash,CUST_00361,0,
fa05556f-e48e-48fd-be9c-874aea015098,STORE_013,2024-01-02 20:45:00,SKU_0111,Pharmacy,2,183.44,368.35,UPI,CUST_00119,0,
dd910324-ce75-4933-b385-cf5b795571d3,STORE_001,2024-03-05 21:11:00,SKU_0430,Apparel,2,155.04,309.6,cash,CUST_00198,0,
2dfb7fc0-b38d-445c-8509-bf9c203c052d,STORE_003,2024-03-22 11:58:00,SKU_0226,Grocery,3,936.13,2795.76,UPI,CUST_00111,0,
8c2928c5-37d2-4b32-a22b-32d99736645c,STORE_008,2024-01-18 15:47:00,SKU_0273,HomeGoods,3,138.8,417.34,card,CUST_00198,0,
ed5a4c12-e70e-4761-9a93-e46a8a7e7681,STORE_015,2024-01-08 08:50:00,SKU_0231,Electronics,5,86.81,442.21,cash,CUST_00534,0,
eadfb966-b7fb-47b6-bf6d-6bff5ef40c48,STORE_001,2024-01-06 16:56:00,SKU_0101,Electronics,3,472.62,1407.32,UPI,CUST_00113,0,
9ac508a6-d8d2-4b6d-8b14-4f482b3a61b7,STORE_008,2024-02-25 14:25:00,SKU_0413,Grocery,4,210.37,842.16,card,CUST_00535,0,
877eba21-ef3f-4da2-8f95-ca7e542c561f,STORE_010,2024-02-27 16:30:00,SKU_0379,Apparel,3,1277.27,3828.8,card,CUST_00171,0,
aeaf5159-b48d-40af-8617-42c5d9d298c6,STORE_001,2024-01-14 17:44:00,SKU_0342,Grocery,8,164.1,1324.18,cash,CUST_00299,0,
77cc7c52-6094-484a-8d0d-8909e46f61dc,STORE_006,2024-03-04 09:42:00,SKU_0177,Electronics,2,491.89,992.84,UPI,CUST_00317,0,
ce882dca-fefa-422c-b233-b9bb78a0dac9,STORE_015,2024-03-06 10:50:00,SKU_0321,Grocery,1,594.2,599.64,wallet,CUST_00075,0,
4343ef3e-adeb-4899-b202-a7bfe23f5265,STORE_010,2024-02-17 14:43:00,SKU_0476,Grocery,7,164.74,1139.41,UPI,CUST_00110,0,
a9087e72-1769-4562-8a07-61b77c1bc14b,STORE_003,2024-02-15 15:18:00,SKU_0325,Apparel,2,137.98,275.4,cash,CUST_00183,0,
97d308be-54a4-42f6-bba5-c6976fd02fcd,STORE_015,2024-03-24 21:07:00,SKU_0247,Apparel,6,452.39,2748.13,wallet,CUST_00035,0,
4ec5ec60-eff0-4da2-b04c-32945303fee5,STORE_004,2024-03-06 08:22:00,SKU_0135,Pharmacy,4,395.98,1576.41,cash,CUST_00452,0,
14756fa2-bd8c-4dc8-9267-3799a1fb0d37,STORE_015,2024-03-28 10:22:00,SKU_0261,Pharmacy,3,80.88,247.34,card,CUST_00327,0,
254f5cd4-6f88-43f2-a196-a5d14cc5af09,STORE_003,2024-01-20 18:27:00,SKU_0186,Grocery,1,101.36,100.81,cash,CUST_00507,0,
08427e46-ff02-47e5-9f8d-504c96b658fb,STORE_008,2024-02-23 21:31:00,SKU_0306,Pharmacy,5,32.86,164.28,wallet,CUST_00517,0,
f0076b9f-fdf0-4c4f-88b4-ff30020bc664,STORE_006,2024-03-07 09:12:00,SKU_0023,Apparel,1,402.53,402.12,cash,CUST_00208,0,
fb0f7372-c65a-4fe2-b26e-e57c5c76d9b4,STORE_003,2024-03-26 20:39:00,SKU_0095,Electronics,5,202.76,1011.11,UPI,CUST_00490,0,
36bccc11-c27e-4088-aacc-3b9c2ab02590,STORE_015,2024-02-04 10:51:00,SKU_0393,Grocery,3,219.59,667.88,cash,CUST_00036,0,
c2d75bd9-765a-4d76-98d3-88a58ee4a4e0,STORE_002,2024-03-11 11:35:00,SKU_0190,HomeGoods,2,64.61,127.44,cash,CUST_00257,0,
7bc8d3c3-c9d4-41cb-8d22-3f77cbc4c019,STORE_001,2024-02-25 14:55:00,SKU_0217,Pharmacy,1,103.85,104.13,UPI,CUST_00399,0,
de704bdf-e2df-4f8e-9629-7e9dca897cb4,STORE_004,2024-01-12 11:05:00,SKU_0272,Grocery,4,170.56,685.48,wallet,CUST_00279,0,
cb8b9f19-8e4e-4252-adf7-6f2236732fb0,STORE_012,2024-03-03 17:59:00,SKU_0219,Electronics,2,146.0,296.1,cash,CUST_00443,0,
4c0bda1a-4f17-4044-85f6-aaacd738f7c1,STORE_013,2024-02-18 10:27:00,SKU_0379,Electronics,3,274.71,827.73,cash,CUST_00515,0,
02259327-723c-4b73-894e-805e13b67ff3,STORE_020,2024-01-08 17:40:00,SKU_0123,Electronics,1,398.71,406.05,card,CUST_00254,0,
5b9c8944-1924-4293-81c3-b1287e8628e4,STORE_003,2024-03-18 12:18:00,SKU_0379,HomeGoods,1,1536.33,1559.2,wallet,CUST_00164,0,
98a98241-c1b6-4428-8a0a-6e401de945ad,STORE_006,2024-01-07 13:28:00,SKU_0105,Apparel,1,246.03,244.54,cash,CUST_00349,0,
c8e03615-4e9e-45cd-89a7-f761f16ac371,STORE_002,2024-03-08 18:08:00,SKU_0185,Apparel,3,610.2,1856.95,cash,CUST_00521,0,
701262d6-e874-4127-adee-3726398f26f6,STORE_008,2024-01-26 15:20:00,SKU_0294,HomeGoods,1,128.7,131.06,card,CUST_00592,0,
2054edc2-c0be-4989-bb96-20954d25f5c6,STORE_020,2024-01-03 19:43:00,SKU_0443,Pharmacy,2,65.46,129.65,card,CUST_00489,0,
a416cf34-63bb-45b5-8a18-864e8a11e364,STORE_012,2024-02-16 12:50:00,SKU_0117,HomeGoods,1,188.6,189.43,cash,CUST_00146,0,
75cd6718-2c2e-4393-9fb1-f2d30cba9e73,STORE_008,2024-01-04 14:48:00,SKU_0294,Electronics,2,69.64,138.06,UPI,CUST_00123,0,
24657bef-1724-448b-8201-376b7bb93e5a,STORE_006,2024-03-26 11:39:00,SKU_0033,Apparel,3,252.95,763.39,UPI,CUST_00343,0,
f99501f0-8559-4d75-90d8-076bd9efa823,STORE_016,2024-01-18 09:21:00,SKU_0038,Pharmacy,2,133.9,263.45,cash,CUST_00241,0,
4590735c-a9e3-43b3-8270-7b330aa03c00,STORE_008,2024-03-20 17:29:00,SKU_0383,HomeGoods,2,52.35,105.68,UPI,CUST_00366,0,
94b6894c-fd38-454e-8da5-2ad3a81b83c3,STORE_002,2024-01-26 09:16:00,SKU_0359,Grocery,2,1002.53,1998.63,cash,CUST_00553,0,
76b61514-7a1d-48d3-b661-9e46a290f129,STORE_006,2024-01-14 10:41:00,SKU_0188,Grocery,4,162.62,652.75,UPI,CUST_00329,0,
cfb82a95-c635-4994-9a5d-33046a02b224,STORE_001,2024-01-12 08:32:00,SKU_0311,Pharmacy,3,67.45,198.51,card,CUST_00213,0,
a055bd74-d767-4ab6-8e1c-5ca5b336947f,STORE_002,2024-01-26 14:08:00,SKU_0190,Electronics,2,512.86,1033.74,cash,CUST_00521,0,
c847ae5a-2a6b-4f1f-b218-ad1fbef87703,STORE_001,2024-01-19 14:41:00,SKU_0139,Apparel,4,139.57,558.19,cash,CUST_00263,0,
7962747c-1b51-4c02-a44e-eb3a4799e071,STORE_007,2024-02-07 15:31:00,SKU_0216,Electronics,2,598.0,1201.99,wallet,CUST_00363,0,
fc3bd9db-3300-4bfe-823e-9cd6b7af95da,STORE_008,2024-01-25 11:25:00,SKU_0156,Pharmacy,1,139.04,138.01,UPI,CUST_00081,0,
6a98d58a-9844-49c3-a3da-87c82ac2583c,STORE_004,2024-01-03 17:36:00,SKU_0407,Electronics,2,162.19,319.78,UPI,CUST_00304,0,
746ca8dd-c0cc-4967-a531-97cf2fde7335,STORE_006,2024-01-28 13:19:00,SKU_0206,Electronics,2,329.42,657.14,cash,CUST_00255,0,
1d9a6e18-34cf-43b6-a01f-46e3b2d6e0a0,STORE_019,2024-02-28 18:06:00,SKU_0161,Grocery,2,401.83,817.93,cash,CUST_00073,0,
7b15b887-b1c4-401c-8665-50b3ee4e820a,STORE_013,2024-02-07 08:27:00,SKU_0268,Grocery,3,462.32,1371.86,cash,CUST_00126,0,
9064b93c-d931-44de-809a-360b6e1fb45c,STORE_008,2024-01-23 12:27:00,SKU_0379,Apparel,2,232.68,468.63,card,CUST_00421,0,
ea406825-219d-4744-836a-6b083acd2c9a,STORE_003,2024-01-30 13:45:00,SKU_0137,Grocery,2,381.59,749.44,card,CUST_00108,0,
fb56ea46-cb0b-4a0e-96f1-9c03a870e90d,STORE_015,2024-03-13 08:22:00,SKU_0469,Grocery,1,453.94,457.9,wallet,CUST_00079,0,
49fca96b-ccb7-4714-a4a5-d5a0b49efdbc,STORE_003,2024-03-17 15:12:00,SKU_0232,Apparel,6,293.51,1742.63,wallet,CUST_00034,0,
43c2b476-d961-42e2-b8b9-fb9bb2a6df4c,STORE_003,2024-02-23 10:01:00,SKU_0330,Apparel,4,223.04,890.43,card,CUST_00015,0,
cabe0bd8-c218-4d67-b78d-c0f3ea6644c7,STORE_015,2024-02-26 15:45:00,SKU_0478,Pharmacy,1,78.67,78.25,card,CUST_00260,0,
8473e225-a8fe-4ffd-86b0-409154047b54,STORE_008,2024-02-01 19:25:00,SKU_0216,Apparel,1,403.75,397.5,card,CUST_00293,0,
0f2cd4b1-00f6-4ab7-abb1-0cfb928e2e11,STORE_012,2024-03-07 09:05:00,SKU_0100,Apparel,1,258.58,256.98,UPI,CUST_00374,0,
fd701da3-8c3d-47ad-abe9-80cd6d1448f0,STORE_008,2024-03-11 19:56:00,SKU_0374,HomeGoods,6,179.57,1070.96,UPI,CUST_00343,0,
cd8a91a8-5bd6-4e96-af2d-fec35a80008e,STORE_010,2024-01-30 08:58:00,SKU_0004,Electronics,5,694.83,3477.22,UPI,CUST_00322,0,
af2a331b-8461-4723-8735-1bb7b793e390,STORE_003,2024-02-24 11:45:00,SKU_0229,HomeGoods,5,79.77,406.39,cash,CUST_00599,0,
e8639c14-ba9f-4a87-9bbd-225cb979a040,STORE_003,2024-03-22 11:46:00,SKU_0490,Pharmacy,2,931.4,1860.57,card,CUST_00149,0,
e669d4fb-3272-4cd8-82a8-e625b33f6b2b,STORE_003,2024-03-11 15:37:00,SKU_0207,Grocery,4,245.58,998.6,wallet,CUST_00427,0,
3168bc5a-4a05-48fb-9e19-ffd0621a2771,STORE_002,2024-01-25 21:58:00,SKU_0342,Electronics,5,322.3,1609.02,card,CUST_00047,0,
76a8f9e2-60ac-4a10-b47f-263997a1a8f6,STORE_015,2024-03-29 18:02:00,SKU_0263,Grocery,2,182.26,358.8,cash,CUST_00509,0,
94a3d62b-875f-479f-8e44-15398dcc82c8,STORE_003,2024-02-02 14:57:00,SKU_0108,Grocery,2,65.88,130.34,cash,CUST_00217,0,
132657b0-d3ec-4efe-bc9c-607229170ba9,STORE_008,2024-02-19 15:08:00,SKU_0159,Apparel,5,223.58,1113.76,cash,CUST_00207,0,
f0cea3d1-7ee4-440b-b2fc-98810b443e3f,STORE_013,2024-03-12 12:05:00,SKU_0262,Pharmacy,2,326.77,648.97,wallet,CUST_00081,0,
4d7f0467-5c06-4c6d-9d9d-143d4d6e2df6,STORE_013,2024-03-29 10:00:00,SKU_0053,Apparel,1,429.42,435.7,cash,CUST_00305,0,
ff9b7ebe-b0b2-4aa9-92ba-a3e6259fe104,STORE_007,2024-01-08 14:06:00,SKU_0208,Electronics,1,213.37,214.89,UPI,CUST_00239,0,
a1080ea2-b646-473c-9abb-eb0d1ca95fa9,STORE_007,2024-03-16 15:19:00,SKU_0208,Grocery,3,43.27,130.22,card,CUST_00584,0,
12cafe46-c53f-4206-b29b-a1b6624cb7d4,STORE_020,2024-01-01 14:09:00,SKU_0417,HomeGoods,3,72.83,218.41,cash,CUST_00106,0,
29ecee88-dfd8-4750-98a6-92871df953a5,STORE_010,2024-03-29 12:28:00,SKU_0062,Grocery,2,1290.88,2571.15,wallet,CUST_00250,0,
6f730905-9357-4208-9a7b-e8d27f714d0d,STORE_013,2024-01-02 09:12:00,SKU_0421,Apparel,2,104.32,209.58,UPI,CUST_00540,0,
5ab50c2c-a654-49e3-9162-270dd37976c7,STORE_015,2024-01-05 18:56:00,SKU_0205,HomeGoods,2,782.97,1542.43,wallet,CUST_00484,0,
e755bc02-6bdd-4750-8a88-bb0ed76b065f,STORE_013,2024-03-29 11:47:00,SKU_0326,Grocery,5,118.41,584.06,wallet,CUST_00458,0,
b36b8bf9-cb39-4188-8f76-22311ea4c684,STORE_002,2024-02-15 08:05:00,SKU_0278,HomeGoods,1,216.05,214.35,wallet,CUST_00315,0,
7eb8b5bf-abfb-4ad7-87d9-aab59d70af5c,STORE_008,2024-02-19 13:00:00,SKU_0150,Grocery,5,412.25,2034.14,UPI,CUST_00523,0,
f6147ede-7177-475a-a737-c121194a29f3,STORE_001,2024-03-24 18:30:00,SKU_0465,Electronics,1,129.71,130.63,UPI,CUST_00134,0,
088a8ec1-79d3-4459-af73-8cb6fd1f1c33,STORE_010,2024-03-29 21:58:00,SKU_0113,Grocery,2,893.58,1753.19,UPI,CUST_00485,0,
ef23316c-2be5-43d0-912a-d09024a9df32,STORE_019,2024-01-24 20:30:00,SKU_0019,Apparel,5,265.61,1310.0,card,CUST_00348,0,
756c5e44-d985-46e9-83f9-2a65b6d81fad,STORE_008,2024-03-06 20:09:00,SKU_0375,Electronics,5,361.46,1836.41,cash,CUST_00209,0,
b3af853c-86a2-4080-92a2-6e778ec67555,STORE_007,2024-02-10 09:16:00,SKU_0311,Pharmacy,3,201.82,617.51,card,CUST_00130,0,
a2434636-513e-48f9-9019-93127d3d0b8b,STORE_001,2024-02-07 19:51:00,SKU_0445,Apparel,1,423.45,423.24,card,CUST_00312,0,
5f1a49df-1ae8-4282-8df3-f0184341c0b7,STORE_019,2024-02-05 12:31:00,SKU_0229,Electronics,2,884.03,1767.73,cash,CUST_00001,0,
433947e2-5d13-4a53-8704-18d86100ef0f,STORE_001,2024-03-23 21:13:00,SKU_0009,Pharmacy,1,225.07,227.53,wallet,CUST_00428,0,
52151693-a4db-4eab-83af-e5bfb39dbf38,STORE_001,2024-01-17 17:18:00,SKU_0011,Pharmacy,1,997.48,978.97,wallet,CUST_00141,0,
659cd045-f348-4b3c-bef4-74bb11f5e550,STORE_003,2024-01-18 08:24:00,SKU_0217,Electronics,3,153.27,458.47,card,CUST_00233,0,
a7cc5c6f-765c-4325-87ed-6c8d558d11ad,STORE_001,2024-02-05 15:12:00,SKU_0125,Electronics,1,460.7,453.33,card,CUST_00115,0,
d1163d8b-91b6-4af4-bd94-cab85f771658,STORE_007,2024-03-05 17:27:00,SKU_0461,Grocery,4,369.72,1473.02,wallet,CUST_00279,0,
8beca0d3-2049-46da-82c2-d54e23698fdd,STORE_008,2024-01-17 15:40:00,SKU_0060,Apparel,3,106.34,325.19,card,CUST_00222,0,
ada65c30-54e2-4421-9fb8-6e862226d5ee,STORE_003,2024-02-03 11:30:00,SKU_0440,HomeGoods,6,296.64,1797.9,UPI,CUST_00112,0,
487dcaa5-f3fd-468d-9055-a21f4b575cf2,STORE_001,2024-02-01 13:20:00,SKU_0109,Apparel,6,251.48,1538.16,UPI,CUST_00533,0,
aefe430f-d75d-46da-9a5c-f748c6fa3582,STORE_001,2024-01-28 18:27:00,SKU_0060,HomeGoods,3,126.33,382.72,card,CUST_00455,0,
bfb8d287-61a0-4c23-a4fc-db322945901c,STORE_006,2024-02-11 17:21:00,SKU_0138,Electronics,3,332.91,1003.05,wallet,CUST_00232,0,
db4f3cfd-c548-4506-82e2-24c1ebd7a520,STORE_001,2024-01-10 19:03:00,SKU_0072,HomeGoods,4,281.04,1135.59,cash,CUST_00034,0,
ba381ca0-d6a2-4eb0-a6ac-d25f8eb3f720,STORE_011,2024-02-21 11:12:00,SKU_0201,Pharmacy,4,235.9,949.6,cash,CUST_00507,0,
5320c0f1-69d8-408e-a94a-137f5dfc2fdd,STORE_002,2024-01-04 20:25:00,SKU_0165,Apparel,4,236.65,945.24,UPI,CUST_00418,0,
8ff315a9-2ba9-4526-b5ca-1caa3681780f,STORE_003,2024-01-31 18:02:00,SKU_0264,Apparel,2,232.63,461.4,UPI,CUST_00333,0,
a86277d4-44ef-47a7-a282-97e90228b5ad,STORE_006,2024-02-20 14:33:00,SKU_0268,Grocery,4,186.29,745.76,wallet,CUST_00362,0,
4bdec759-3def-433e-a7f2-9e30e907b270,STORE_006,2024-01-12 21:14:00,SKU_0001,Pharmacy,4,279.59,1107.56,UPI,CUST_00004,0,
55a342cf-2b9c-4bc9-b871-d78144ef4ab6,STORE_001,2024-03-02 18:20:00,SKU_0063,Electronics,3,149.36,447.84,cash,CUST_00284,0,
d14f65ec-56dc-410c-a2ec-95695c0787d1,STORE_001,2024-01-12 12:48:00,SKU_0081,Grocery,5,2094.16,10322.59,wallet,CUST_00113,0,
166c118a-2e6a-4b38-99f3-1b68f9b3eb03,STORE_015,2024-03-22 21:13:00,SKU_0098,Electronics,5,80.96,405.86,card,CUST_00390,0,
e0d098f8-a97c-4268-96b3-f4adfc95920f,STORE_001,2024-02-24 10:42:00,SKU_0047,Pharmacy,5,156.6,775.02,cash,CUST_00558,0,
15755fc7-6ff8-4ab5-aba7-c0eee74a63f4,STORE_008,2024-02-07 17:41:00,SKU_0158,Apparel,4,166.81,661.73,UPI,CUST_00318,0,
0ef3ff0b-e55a-4abd-8c46-ecab96902cea,STORE_007,2024-03-30 14:20:00,SKU_0275,Pharmacy,2,1279.03,2557.96,cash,CUST_00362,0,
80df0e7d-d5d9-4d21-aae5-66c72ef157cd,STORE_003,2024-02-17 10:06:00,SKU_0155,HomeGoods,3,86.95,257.33,card,CUST_00400,0,
94a3319c-c1bc-46d8-8fe4-b163e3659692,STORE_007,2024-02-16 19:31:00,SKU_0165,Apparel,3,351.5,1074.0,card,CUST_00557,0,
e06a8034-a578-4259-b44f-92db29244134,STORE_013,2024-03-11 10:26:00,SKU_0235,Apparel,3,304.96,912.94,cash,CUST_00022,0,
2b377a82-53d6-4e81-b5e7-3a91cb2c28bc,STORE_014,2024-02-25 12:00:00,SKU_0274,Grocery,3,326.47,973.62,wallet,CUST_00186,0,
462d3660-db6b-4a6f-96d3-defab143d4a6,STORE_003,2024-01-07 20:36:00,SKU_0166,Apparel,5,672.19,3297.66,UPI,CUST_00161,0,
5ca174ca-74ef-449c-8e3b-a329fb417f55,STORE_003,2024-01-24 11:02:00,SKU_0111,HomeGoods,1,661.24,670.32,wallet,CUST_00429,0,
b9b36a75-faaf-4350-8ffa-e37a14351d67,STORE_003,2024-03-26 09:45:00,SKU_0205,Pharmacy,2,174.29,350.33,card,CUST_00268,0,
834aae1e-1b00-47e2-b9e5-550b2a28c721,STORE_007,2024-01-22 12:16:00,SKU_0013,Apparel,2,291.98,582.01,UPI,CUST_00463,0,
d456a82c-18f2-438e-be9d-fa176c29b019,STORE_010,2024-03-15 08:21:00,SKU_0246,Pharmacy,4,56.27,222.79,wallet,CUST_00283,0,
f7086913-7ed0-49d5-b635-93c27b7f880a,STORE_003,2024-01-26 11:11:00,SKU_0470,Pharmacy,2,270.63,546.57,cash,CUST_00585,0,
70c8a396-face-438a-8c98-610d28bf62b5,STORE_003,2024-03-23 13:25:00,SKU_0199,Apparel,1,132.46,134.82,wallet,CUST_00460,0,
ebc361bb-79dd-49f6-95df-84fb3a06924f,STORE_018,2024-02-04 21:20:00,SKU_0055,Apparel,4,215.37,857.37,cash,CUST_00010,0,
6e1d6c05-a3cb-49f9-bcd1-4f743d222fbc,STORE_001,2024-01-31 12:19:00,SKU_0353,Electronics,2,64.92,127.94,wallet,CUST_00593,0,
8936b797-1365-40cc-b5a1-021d56a82407,STORE_007,2024-01-09 16:01:00,SKU_0064,Grocery,4,345.63,1360.91,UPI,CUST_00571,0,
07c45d5f-6e3b-49b7-a556-9d0876bae51d,STORE_012,2024-01-21 10:17:00,SKU_0097,Pharmacy,4,64.34,252.28,UPI,CUST_00026,0,
292de717-97d1-4357-9b7a-9fdad7d24296,STORE_002,2024-03-09 16:59:00,SKU_0074,Electronics,3,281.49,852.71,cash,CUST_00234,0,
994d901f-2bfb-4c2f-a4c1-5d29b21b5667,STORE_001,2024-02-01 20:02:00,SKU_0441,Grocery,1,93.71,95.51,UPI,CUST_00582,0,
3668e728-9b91-4ed7-8643-3408734df23d,STORE_002,2024-02-15 19:31:00,SKU_0490,HomeGoods,1,126.69,129.19,UPI,CUST_00502,0,
852acb90-9c9c-4ce2-8940-c7e6f9e10d38,STORE_017,2024-03-24 12:01:00,SKU_0285,Grocery,2,629.7,1273.72,wallet,CUST_00280,0,
c1ec00c8-e3e8-47cf-8a95-1a034c537618,STORE_001,2024-03-10 08:45:00,SKU_0309,Pharmacy,1,400.13,394.72,wallet,CUST_00326,0,
8df33276-bab9-46aa-ba73-03f8c302257e,STORE_002,2024-03-07 19:28:00,SKU_0323,HomeGoods,4,626.92,2555.6,card,CUST_00017,0,
8178a0ed-3d55-4825-a2e4-a8abb7240d8f,STORE_001,2024-03-21 10:26:00,SKU_0305,Electronics,6,870.65,5187.92,card,CUST_00338,0,
5669c9e0-33fb-4788-9d30-275cab15df2b,STORE_001,2024-01-11 18:42:00,SKU_0272,Grocery,2,134.72,267.65,card,CUST_00399,0,
74df5ba7-876d-4484-83e2-077e16860755,STORE_008,2024-03-13 18:18:00,SKU_0493,HomeGoods,3,829.35,2506.69,card,CUST_00215,0,
1ecc65dc-9443-4180-aff3-0aa98139fd65,STORE_003,2024-01-07 21:29:00,SKU_0366,Pharmacy,4,77.41,304.05,cash,CUST_00184,0,
7c8c26ef-7866-4c66-bfea-8c0d674f504d,STORE_008,2024-01-09 20:59:00,SKU_0045,Pharmacy,4,454.11,1840.11,cash,CUST_00497,0,
f93e6255-10f4-4a93-823b-a4e88d3dda4f,STORE_008,2024-02-10 18:02:00,SKU_0196,Pharmacy,4,168.48,687.33,wallet,CUST_00269,0,
b8c320da-25b7-45ad-94c6-b52ee867716d,STORE_014,2024-01-09 11:39:00,SKU_0487,Electronics,7,118.77,840.54,card,CUST_00158,0,
4a379902-9628-4901-b904-e39019f74d80,STORE_001,2024-01-13 08:40:00,SKU_0202,HomeGoods,1,408.72,413.33,card,CUST_00224,0,
75942091-1923-4cc9-8028-77590588c3f8,STORE_015,2024-03-10 18:47:00,SKU_0102,Electronics,3,532.41,1590.22,UPI,CUST_00295,0,
f03d720a-d018-4d8e-85cf-007d0a23eb22,STORE_008,2024-03-13 16:31:00,SKU_0434,Electronics,6,519.92,3065.36,UPI,CUST_00155,0,
cd0c11d2-b459-49af-9418-12644c889717,STORE_002,2024-03-18 12:05:00,SKU_0311,HomeGoods,1,296.89,300.37,card,CUST_00336,0,
ba30dd64-94bf-4c69-ae6c-74c0ce2fae8c,STORE_013,2024-03-08 11:58:00,SKU_0281,Apparel,4,277.83,1115.64,wallet,CUST_00516,0,
e5b3e7d3-2509-4f25-9c53-cc59281c9f67,STORE_015,2024-02-07 19:02:00,SKU_0210,HomeGoods,1,381.06,387.3,cash,CUST_00445,0,
5c30de68-4918-4888-83da-d6c4c9570aa7,STORE_003,2024-02-29 14:27:00,SKU_0063,Pharmacy,3,318.77,941.62,card,CUST_00138,0,
99cea4e1-3a2b-4f8b-914b-043ee26d2154,STORE_017,2024-01-24 21:23:00,SKU_0192,Electronics,5,385.5,1912.47,cash,CUST_00282,0,
5ca4ca30-99ac-4ae2-b297-5bb1fa3e6632,STORE_007,2024-03-17 13:02:00,SKU_0219,Apparel,1,294.32,292.68,UPI,CUST_00326,0,
12838283-3c6d-467e-8b3f-3c0e5142419a,STORE_008,2024-03-20 10:16:00,SKU_0465,Pharmacy,3,490.63,1482.68,cash,CUST_00408,0,
544aac55-3a34-49f3-9588-fa6cba808a25,STORE_020,2024-03-18 20:55:00,SKU_0154,Apparel,2,68.01,137.59,wallet,CUST_00453,0,
e528c237-4964-4df1-87b8-c2ad84740d2d,STORE_006,2024-02-08 18:19:00,SKU_0075,Apparel,3,225.08,687.69,UPI,CUST_00291,0,
35ec53f8-0441-45ea-b0a4-ec85eb01d431,STORE_013,2024-03-07 15:03:00,SKU_0214,Apparel,3,82.63,245.86,cash,CUST_00189,0,
6f192c32-4ff5-423e-9777-8dbde9d01a25,STORE_003,2024-02-07 14:15:00,SKU_0498,Pharmacy,3,311.94,935.58,UPI,CUST_00395,0,
4d2e17d2-70ca-48c7-9191-b3536fd0aa54,STORE_013,2024-02-03 15:02:00,SKU_0241,Electronics,1,929.83,912.31,card,CUST_00075,0,
ed4c19c6-65e5-4a18-804a-d42d1925f1bf,STORE_008,2024-01-14 18:21:00,SKU_0190,Pharmacy,1,171.09,169.4,UPI,CUST_00404,0,
6d69b44c-4e39-4f00-8f43-e687e2316f14,STORE_002,2024-02-24 15:33:00,SKU_0333,Pharmacy,3,276.79,826.19,cash,CUST_00537,0,
bd52cd34-b9f0-49b6-916d-73516484c1f9,STORE_006,2024-02-07 14:49:00,SKU_0324,Pharmacy,2,457.9,919.24,UPI,CUST_00425,0,
d1fd77eb-246f-4785-aff3-d6e5216375ff,STORE_003,2024-03-27 11:40:00,SKU_0150,Apparel,4,47.81,191.02,cash,CUST_00260,0,
a04a8f48-39e6-41e8-b0be-3ec47827f69b,STORE_001,2024-03-28 08:47:00,SKU_0483,Apparel,4,164.64,654.99,cash,CUST_00493,0,
879e7479-e190-4a58-b91c-fd63145efe2c,STORE_001,2024-02-14 21:34:00,SKU_0296,Grocery,4,334.65,1345.24,UPI,CUST_00319,0,
104b7ee2-71c9-4423-bf38-df5ad98d203d,STORE_004,2024-03-16 10:08:00,SKU_0029,Grocery,2,24.63,49.91,UPI,CUST_00324,0,
e679b79a-de3c-464c-a467-468c0f3edc84,STORE_001,2024-03-24 15:33:00,SKU_0204,Pharmacy,2,114.44,226.52,card,CUST_00511,0,
c59103dc-e5a3-43f2-adb1-74beb16fd6ed,STORE_002,2024-01-16 11:49:00,SKU_0461,Apparel,3,603.14,1798.05,cash,CUST_00115,0,
1141ffac-4d3b-463c-9333-935ae2bc9cd8,STORE_012,2024-01-28 16:18:00,SKU_0197,HomeGoods,2,557.72,1124.58,card,CUST_00467,0,
9274b133-6e06-41b0-9392-14c4b336eacf,STORE_012,2024-01-24 10:55:00,SKU_0284,Electronics,6,337.28,2046.18,wallet,CUST_00407,0,
cdc64ef4-4fe2-42cb-8378-1b56f40b221d,STORE_012,2024-03-25 09:21:00,SKU_0306,HomeGoods,4,506.35,2051.76,UPI,CUST_00317,0,
543b189a-7d58-4fcf-b708-13cba7092b0c,STORE_003,2024-02-20 13:43:00,SKU_0352,HomeGoods,6,296.94,1760.93,cash,CUST_00046,0,
c2d52dce-3739-4f7a-88de-7f1e92975de3,STORE_015,2024-01-24 08:20:00,SKU_0436,Pharmacy,2,389.86,780.94,wallet,CUST_00459,0,
33b714db-bc10-4272-8776-1f08f9218919,STORE_008,2024-02-23 10:48:00,SKU_0075,Electronics,5,194.21,986.59,card,CUST_00131,0,
fd958ca1-c022-4a31-af38-750326a4c34b,STORE_002,2024-01-02 08:30:00,SKU_0258,Apparel,4,274.27,1092.34,UPI,CUST_00537,0,
159a7c18-f6ed-4241-8d0b-0fcf1f047017,STORE_002,2024-02-16 12:15:00,SKU_0267,Apparel,1,150.74,150.32,cash,CUST_00475,0,
d56b5ed7-b1e4-4530-ac97-f0faf80a3f0c,STORE_010,2024-01-07 17:22:00,SKU_0077,Apparel,1,686.94,700.26,card,CUST_00218,0,
5bb6afd1-d0d7-48fc-bf6f-dc2e5cec0a69,STORE_002,2024-01-11 13:56:00,SKU_0337,Electronics,1,844.47,831.4,wallet,CUST_00261,0,
9731f640-922d-4956-abcc-76f33a33afb0,STORE_008,2024-01-24 20:15:00,SKU_0059,Apparel,2,754.0,1520.4,card,CUST_00015,0,
359a9604-9d7c-4d48-8f53-d3aaada9b503,STORE_020,2024-01-17 11:19:00,SKU_0228,Grocery,2,180.36,365.77,cash,CUST_00298,0,
7c288258-b999-47b2-9bd5-183c27a7ec19,STORE_001,2024-01-11 16:20:00,SKU_0165,HomeGoods,1,116.56,114.93,cash,CUST_00034,0,
5b7dd41c-88a5-4546-90dd-0af309a386eb,STORE_001,2024-03-05 14:26:00,SKU_0078,Grocery,3,694.39,2101.04,wallet,CUST_00592,0,
0da715e4-6770-464f-9516-848e7b52895a,STORE_020,2024-02-12 10:42:00,SKU_0411,Apparel,3,386.29,1157.47,wallet,CUST_00384,0,
e6b7d0e5-e237-41b0-ab1b-45d1036def4d,STORE_008,2024-01-10 18:59:00,SKU_0122,HomeGoods,3,325.16,989.25,cash,CUST_00141,0,
1f5423f9-42b1-4ea5-9d4a-06c14105397f,STORE_002,2024-03-09 14:18:00,SKU_0128,Electronics,1,150.59,153.04,wallet,CUST_00482,0,
a243ebc1-0806-4dc1-a4ca-a5df2cb667f9,STORE_015,2024-03-19 11:28:00,SKU_0427,HomeGoods,1,351.42,356.66,wallet,CUST_00011,0,
7a54488f-8a39-42a4-99f7-bdd5bd5b3750,STORE_015,2024-03-10 20:55:00,SKU_0438,HomeGoods,4,104.92,412.37,card,CUST_00329,0,
5bebb01f-4bd0-40f0-aa2e-5f417666aa88,STORE_008,2024-01-08 20:06:00,SKU_0018,Electronics,1,415.18,419.45,UPI,CUST_00066,0,
796fba62-d218-4219-945e-c4be5cca4440,STORE_008,2024-02-22 21:39:00,SKU_0139,Electronics,4,753.38,3064.33,card,CUST_00032,0,
0b29efa5-b947-4b20-88ce-c1e38290a82e,STORE_003,2024-03-26 12:18:00,SKU_0354,Pharmacy,3,921.77,2778.73,cash,CUST_00146,0,
f4873437-d821-4ad0-9cc0-e2e1528d64a1,STORE_001,2024-01-30 12:40:00,SKU_0389,Grocery,3,440.66,1327.31,UPI,CUST_00176,0,
a0899e56-cd49-4fb2-b87f-3e480cae19b6,STORE_008,2024-02-10 18:24:00,SKU_0499,Pharmacy,1,82.75,81.24,cash,CUST_00435,0,
5be83a0c-89ba-45c7-bb86-c30582b3bfbf,STORE_003,2024-01-28 10:33:00,SKU_0277,Apparel,1,292.75,296.92,card,CUST_00534,0,
a1ce59fb-8012-4bd3-bec6-bf9b8e56ea5a,STORE_010,2024-03-21 20:15:00,SKU_0004,Grocery,6,1384.66,8157.22,card,CUST_00465,0,
8e135d05-028b-4a57-90bf-c00738ddf1a3,STORE_014,2024-02-12 17:36:00,SKU_0436,Grocery,5,124.78,619.25,cash,CUST_00443,0,
2d738198-c43c-41b4-a517-a6af81cb4300,STORE_001,2024-01-07 16:02:00,SKU_0081,HomeGoods,3,238.44,727.51,wallet,CUST_00339,0,
c11372f4-6225-4f73-aabc-c4872cc492ee,STORE_008,2024-01-11 17:06:00,SKU_0061,Electronics,4,774.55,3153.94,UPI,CUST_00222,0,
447608e2-4326-4f76-8897-6a382f111411,STORE_003,2024-01-31 16:39:00,SKU_0337,Apparel,3,409.59,1252.95,wallet,CUST_00153,0,
3e57764f-2751-48b9-9456-cf0897e40176,STORE_015,2024-02-10 09:47:00,SKU_0302,Grocery,2,1818.17,3632.91,UPI,CUST_00567,0,
ffada0b6-173d-4468-b971-3532f517e81e,STORE_003,2024-03-26 20:44:00,SKU_0030,Electronics,1,139.1,137.31,cash,CUST_00313,0,
a292af71-241a-4d15-9537-2176c9886dee,STORE_008,2024-02-06 20:29:00,SKU_0085,Grocery,5,113.26,566.03,card,CUST_00338,0,
f7373518-d3e0-432b-a0c3-ddb9ed06f5e5,STORE_008,2024-01-13 19:19:00,SKU_0295,Apparel,5,665.65,3275.31,card,CUST_00008,0,
042011dd-08ad-4752-8e43-c7dfd84e556c,STORE_006,2024-03-25 13:52:00,SKU_0128,HomeGoods,2,96.04,194.94,wallet,CUST_00274,0,
fdfa55a2-c54d-4674-b485-97991137dad2,STORE_010,2024-02-18 14:17:00,SKU_0342,Electronics,2,213.59,428.21,cash,CUST_00409,0,
bca0af89-da44-4d29-b073-66062d1877e7,STORE_012,2024-03-16 08:28:00,SKU_0206,Pharmacy,2,237.21,472.61,UPI,CUST_00297,0,
a43110fd-981b-455f-9de0-21234956731c,STORE_008,2024-02-03 15:15:00,SKU_0294,Pharmacy,3,572.64,1689.03,cash,CUST_00368,0,
a406826c-c15e-4e11-96a0-56077873a21c,STORE_013,2024-02-29 13:11:00,SKU_0238,HomeGoods,2,408.66,814.22,wallet,CUST_00485,0,
9b7621ea-2e2d-4ad5-8f2b-ba114273c4f8,STORE_020,2024-01-18 17:15:00,SKU_0183,Pharmacy,3,360.36,1096.92,UPI,CUST_00013,0,
d656ae33-ea11-42a3-968a-4d63070efdc8,STORE_006,2024-01-28 16:19:00,SKU_0171,Apparel,7,181.18,1278.58,card,CUST_00542,0,
1899589c-e2f5-46e5-ad27-23399e7501bb,STORE_008,2024-02-04 11:20:00,SKU_0348,Pharmacy,3,660.81,1949.32,card,CUST_00490,0,
eacab70f-89db-48a6-8d17-e2ded69c36ba,STORE_001,2024-03-03 15:59:00,SKU_0257,HomeGoods,2,6261.16,12351.97,card,CUST_00251,0,
f665a8be-79f2-44c0-bcfa-0e63e93213a1,STORE_013,2024-03-10 08:22:00,SKU_0297,Apparel,1,434.63,432.76,cash,CUST_00458,0,
63c364d0-8962-4ad5-a13d-342514956609,STORE_008,2024-01-27 16:15:00,SKU_0289,Electronics,5,270.75,1332.16,UPI,CUST_00039,0,
01ce5afe-c8d5-485c-81c3-b42c0defa915,STORE_006,2024-03-27 12:31:00,SKU_0104,Apparel,3,88.51,270.14,wallet,CUST_00184,0,
69c08d97-81c7-476d-9b63-9a1fe6f261ed,STORE_001,2024-01-12 20:54:00,SKU_0456,Pharmacy,4,150.13,604.18,cash,CUST_00064,0,
50c2d147-6412-4774-99e4-8f6773f6c3fd,STORE_015,2024-03-12 12:03:00,SKU_0282,Pharmacy,1,210.71,207.3,UPI,CUST_00381,0,
7ebedcfb-aa21-41f5-9948-6017864a6279,STORE_006,2024-03-04 14:59:00,SKU_0359,Apparel,1,163.0,164.88,UPI,CUST_00513,0,
158a7123-0daa-425a-ae75-b1273a56e1d3,STORE_010,2024-03-03 15:59:00,SKU_0441,Grocery,4,246.81,982.04,wallet,CUST_00360,0,
be4c560a-0f72-41d2-a86e-2fd838992cb9,STORE_002,2024-03-13 14:01:00,SKU_0462,HomeGoods,4,1036.78,4104.8,wallet,CUST_00426,0,
297aa77c-5c95-460b-95d5-d56090275d69,STORE_019,2024-01-09 14:33:00,SKU_0333,Electronics,4,678.03,2719.71,cash,CUST_00085,0,
5accb05f-ad0a-4468-ac9e-afcc0f6f15b6,STORE_002,2024-01-03 09:42:00,SKU_0393,Electronics,6,220.17,1295.31,cash,CUST_00560,0,
6f604ebd-ab53-45ed-b68e-2a3303efbb4f,STORE_002,2024-03-08 08:30:00,SKU_0236,Apparel,4,95.09,379.83,wallet,CUST_00115,0,
c4948fe7-5987-4967-a7b7-c1854d53cf02,STORE_015,2024-01-08 18:50:00,SKU_0369,Pharmacy,4,728.77,2955.17,cash,CUST_00315,0,
6c6e1514-32a3-4ca6-9373-c635916ae762,STORE_016,2024-03-19 16:37:00,SKU_0161,Grocery,3,240.38,733.49,UPI,CUST_00409,0,
a10e8378-3cda-4d04-a18a-2da823e7a575,STORE_002,2024-03-24 16:26:00,SKU_0356,Apparel,1,62.82,62.42,wallet,CUST_00513,0,
cece36dd-a797-4e60-8933-472f98ce2fed,STORE_007,2024-03-08 16:50:00,SKU_0043,Grocery,6,442.04,2667.35,UPI,CUST_00560,0,
89eba0e8-92b4-4182-bd4a-e1d684989146,STORE_012,2024-02-17 20:02:00,SKU_0457,Apparel,4,567.94,2246.94,cash,CUST_00359,0,
8922550e-9277-48b2-8c19-2a56025b1683,STORE_015,2024-01-04 09:33:00,SKU_0123,Electronics,3,35.9,107.96,cash,CUST_00345,0,
a592ad8a-51cc-4131-ac8c-2ef04ca4b7da,STORE_006,2024-03-04 11:09:00,SKU_0328,Apparel,4,129.26,511.95,UPI,CUST_00250,0,
0d281ff5-f969-4dd1-a1ca-abb7af55cabe,STORE_008,2024-03-18 18:38:00,SKU_0006,Apparel,5,228.86,1147.57,wallet,CUST_00340,0,
b2bf859a-229d-4415-ae64-f8ef699b2290,STORE_012,2024-02-13 13:01:00,SKU_0078,Grocery,2,449.92,888.02,card,CUST_00404,0,
01bb3c85-2339-4267-822c-fea6cdbc8af8,STORE_012,2024-01-17 20:20:00,SKU_0493,Grocery,3,165.48,505.2,UPI,CUST_00388,0,
7c78b6a0-5e99-44dc-bf2e-78fc251f6db5,STORE_013,2024-03-04 17:18:00,SKU_0416,HomeGoods,4,128.48,521.87,wallet,CUST_00355,0,
3ed119e4-390c-483e-83f9-06aff649bb2a,STORE_008,2024-01-19 17:05:00,SKU_0112,Electronics,1,447.29,444.37,wallet,CUST_00264,0,
8b0f9e15-90bd-4bdf-b19a-f509e64d1c2d,STORE_001,2024-02-14 20:42:00,SKU_0066,Electronics,2,171.88,347.56,UPI,CUST_00117,0,
be476e12-e705-43b3-97ef-afc18050cdf8,STORE_015,2024-03-09 09:11:00,SKU_0407,Electronics,5,385.72,1897.4,UPI,CUST_00032,0,
39ec0802-8dcd-4249-b05f-f5ba62a27e8f,STORE_015,2024-01-25 12:11:00,SKU_0495,Pharmacy,3,102.74,311.18,wallet,CUST_00252,0,
99f12268-6aae-4af5-81ac-fec9167ff81a,STORE_013,2024-03-28 10:42:00,SKU_0085,Grocery,8,84.74,672.02,wallet,CUST_00237,0,
453ea11a-9eb2-4ac3-ab1e-26a8d0ebe2dc,STORE_001,2024-02-22 16:12:00,SKU_0332,Electronics,2,457.45,901.57,card,CUST_00364,0,
f211f9c0-9423-4840-bc9b-f872ca953c3b,STORE_002,2024-01-28 16:17:00,SKU_0142,Pharmacy,5,305.97,1540.75,UPI,CUST_00540,0,
ef235e95-f4c6-4b2f-9488-9b46e875470a,STORE_012,2024-03-03 08:04:00,SKU_0372,Electronics,2,522.92,1044.58,card,CUST_00420,0,
ff8ac6f0-094b-4330-8d8d-bb45b667d1ea,STORE_001,2024-03-06 16:02:00,SKU_0209,Grocery,1,163.27,163.47,wallet,CUST_00482,0,
2472c024-5d2f-464f-9061-baedd4797217,STORE_019,2024-03-21 08:57:00,SKU_0063,Electronics,2,132.34,264.9,cash,CUST_00346,0,
33c81fec-f41e-45eb-bbaf-2588dea9e3c0,STORE_006,2024-03-06 21:56:00,SKU_0162,HomeGoods,3,742.51,2188.28,cash,CUST_00556,0,
064c64a3-d680-4dc0-8afc-0475891fa337,STORE_012,2024-01-29 18:12:00,SKU_0269,HomeGoods,1,73.93,72.6,card,CUST_00563,0,
d0785de2-5c9d-4ee0-afb2-456c792cf766,STORE_015,2024-02-12 11:29:00,SKU_0399,HomeGoods,5,680.37,3415.62,cash,CUST_00091,0,
36fc7fb3-5ebb-48c4-8e3f-cf1ea2b402fa,STORE_006,2024-03-19 14:05:00,SKU_0011,Grocery,2,719.0,1445.12,UPI,CUST_00383,0,
08d0db7e-b843-4292-b8af-ba6745bdf058,STORE_003,2024-01-30 19:31:00,SKU_0478,Grocery,2,497.47,976.92,UPI,CUST_00303,0,
2344db09-2626-4415-97e2-44e6526bdd25,STORE_008,2024-02-20 14:17:00,SKU_0325,Pharmacy,1,144.2,143.5,wallet,CUST_00583,0,
8a832618-6213-4d4b-bc16-1c94581a4a1d,STORE_008,2024-02-23 16:53:00,SKU_0437,Pharmacy,5,130.09,653.39,UPI,CUST_00350,0,
02e8be54-9a16-4863-a9e2-0bbd0904bb66,STORE_006,2024-02-25 21:49:00,SKU_0465,Electronics,4,211.33,850.62,UPI,CUST_00009,0,
f2f855d8-d4ef-4553-bea2-0fed7c30feba,STORE_008,2024-01-08 13:23:00,SKU_0077,HomeGoods,1,88.72,89.88,UPI,CUST_00125,0,
f275b3d2-9209-4e28-87ce-d87880580233,STORE_018,2024-01-01 10:45:00,SKU_0047,Pharmacy,2,115.83,230.93,cash,CUST_00077,0,
8695b875-2efb-4d83-ad68-5b5eb910fd87,STORE_007,2024-02-01 10:17:00,SKU_0388,Apparel,5,418.74,2097.74,UPI,CUST_00120,0,
5ca5cfa1-e8b9-4877-9377-626475c27bfb,STORE_002,2024-01-25 10:06:00,SKU_0094,HomeGoods,7,420.29,2951.28,cash,CUST_00057,0,
eec29b4a-fecb-4466-9347-e37aeda6fe05,STORE_006,2024-03-09 19:29:00,SKU_0074,Electronics,6,107.96,642.89,UPI,CUST_00469,0,
4a36b031-a713-4cc5-b057-dc279e6c4a20,STORE_006,2024-02-25 20:50:00,SKU_0234,Electronics,5,429.39,2108.63,wallet,CUST_00296,0,
55aa3b5e-1101-41ac-b693-073df6d1fdb0,STORE_002,2024-01-03 21:04:00,SKU_0456,Electronics,1,359.57,352.44,wallet,CUST_00403,0,
44aadf4e-4581-4312-967f-36e80ea011a0,STORE_002,2024-01-03 13:44:00,SKU_0398,Electronics,4,836.62,3391.47,UPI,CUST_00599,0,
853686e2-75cf-40e2-b75b-9b075ed572a2,STORE_010,2024-01-08 12:15:00,SKU_0259,Pharmacy,6,394.17,2336.66,card,CUST_00388,0,
c01760e2-e229-4a25-a5fa-987fb2db4204,STORE_003,2024-02-05 21:19:00,SKU_0099,HomeGoods,4,583.08,2344.47,wallet,CUST_00287,0,
343e7b25-929e-4e2b-a831-379c9807319f,STORE_019,2024-01-19 09:11:00,SKU_0168,HomeGoods,8,366.18,2938.47,wallet,CUST_00160,0,
462ff9c2-76e1-4f34-bf2f-5b384dfb3ec0,STORE_003,2024-01-12 16:25:00,SKU_0344,Grocery,4,547.52,2181.29,card,CUST_00452,0,
c39a006d-3ad0-4041-a10d-dade8b03c998,STORE_001,2024-02-14 19:34:00,SKU_0079,Pharmacy,3,89.28,271.41,cash,CUST_00304,0,
3c57b465-9af0-49a5-a473-36ab4ef6b0dc,STORE_013,2024-01-14 13:18:00,SKU_0262,Electronics,2,226.8,457.2,UPI,CUST_00454,0,
f14f3a1f-33fa-4d1e-b525-f6df36c4fb31,STORE_015,2024-03-15 12:08:00,SKU_0006,Pharmacy,3,242.32,713.08,UPI,CUST_00013,0,
c24fef9a-07f4-413d-8333-1cb7d62074f8,STORE_003,2024-03-07 13:05:00,SKU_0163,Electronics,3,205.71,623.96,wallet,CUST_00097,0,
62d812f1-f304-4161-a909-1311e2bb1d67,STORE_002,2024-03-03 10:52:00,SKU_0124,Electronics,2,356.58,713.36,wallet,CUST_00077,0,
9ca5fc84-ff12-4bb3-bfc9-b4dbc66b7971,STORE_002,2024-03-15 13:33:00,SKU_0340,Electronics,6,415.28,2476.43,cash,CUST_00408,0,
52f81fca-55a9-4683-99ed-ce90dddad458,STORE_008,2024-02-21 17:04:00,SKU_0457,HomeGoods,4,342.16,1381.06,card,CUST_00310,0,
eecee4ef-cf9f-4927-ad5c-7ae54bfa7cf2,STORE_007,2024-01-30 10:41:00,SKU_0074,Grocery,1,217.0,218.62,wallet,CUST_00190,0,
0bb297bf-a3f9-40c0-881b-47aa2475673b,STORE_003,2024-01-07 15:43:00,SKU_0398,Apparel,1,138.78,137.73,card,CUST_00185,0,
6972379e-45c4-4df0-b1e6-ba0f0936b70c,STORE_001,2024-03-26 12:00:00,SKU_0328,Apparel,6,601.37,3677.94,card,CUST_00364,0,
8ecea6b5-4dd8-48ef-987a-455b9077d627,STORE_007,2024-03-06 08:03:00,SKU_0484,HomeGoods,8,330.71,2661.42,card,CUST_00579,0,
0ee76cfb-d6e4-4ec8-9983-ddf78d00a4f0,STORE_019,2024-03-30 20:42:00,SKU_0455,Grocery,1,110.67,111.14,card,CUST_00597,0,
6ce42815-8050-46ae-8580-a8abd6efad0c,STORE_010,2024-03-16 09:05:00,SKU_0051,Electronics,1,214.11,210.43,UPI,CUST_00282,0,
e2091240-e212-4d88-a6a5-9e45ac041982,STORE_008,2024-01-28 08:53:00,SKU_0371,Grocery,1,61.98,61.43,card,CUST_00402,0,
f321751f-a851-4bcc-8e9e-c5e8546c8f12,STORE_001,2024-01-06 15:51:00,SKU_0296,Grocery,4,257.18,1026.54,card,CUST_00050,0,
2f0886ac-e707-44d2-8fde-c28c7da666e1,STORE_003,2024-03-07 11:28:00,SKU_0057,HomeGoods,1,213.31,214.42,card,CUST_00567,0,
b5965515-5a1d-44fe-9308-d45da7e36d4e,STORE_003,2024-02-19 18:25:00,SKU_0129,HomeGoods,5,157.89,789.85,cash,CUST_00010,0,
bc4fb0e4-dbbc-4aaf-a4b2-b958dedb9c6a,STORE_013,2024-01-26 19:53:00,SKU_0463,Electronics,3,888.15,2692.48,wallet,CUST_00205,0,
49811695-932d-494e-9e6c-1744de81c41c,STORE_015,2024-02-14 08:30:00,SKU_0271,HomeGoods,1,99.14,98.2,wallet,CUST_00435,0,
4308cf08-5fdf-452f-b9c9-dcfd92643f1e,STORE_015,2024-03-21 21:24:00,SKU_0169,Electronics,1,439.91,443.47,card,CUST_00581,0,
92050c77-4d4f-4e70-8518-a86913b78388,STORE_020,2024-01-14 16:49:00,SKU_0160,HomeGoods,1,1437.74,1455.95,cash,CUST_00102,0,
6156e68e-29a1-4ff8-a521-5bf2f0f64af3,STORE_020,2024-03-26 08:17:00,SKU_0419,Grocery,2,591.86,1196.27,UPI,CUST_00396,0,
258cd97f-518d-4a14-84f5-04c16a790f1c,STORE_019,2024-02-12 09:53:00,SKU_0142,Grocery,4,243.77,985.64,UPI,CUST_00112,0,
3f382c07-5a24-4c7c-8452-daeaa13f2b7c,STORE_001,2024-01-11 17:55:00,SKU_0080,Apparel,4,100.91,409.91,UPI,CUST_00030,0,
3292719b-6881-4068-98d7-efa4016ab8c9,STORE_002,2024-03-02 18:15:00,SKU_0287,Grocery,3,84.08,248.04,UPI,CUST_00254,0,
070e8061-1935-4ca3-b9c7-9ece7a1da904,STORE_003,2024-03-15 13:03:00,SKU_0496,HomeGoods,2,179.87,362.58,UPI,CUST_00345,0,
fac3ca20-86b9-49c3-9970-e430430c9f46,STORE_008,2024-02-02 12:31:00,SKU_0092,Pharmacy,2,144.3,294.01,cash,CUST_00158,0,
7e6bf8d7-1c9d-4e04-b415-e199958dc3c8,STORE_001,2024-01-24 14:25:00,SKU_0128,Pharmacy,2,140.59,282.01,cash,CUST_00583,0,
65f0c5fe-d0d4-429b-916e-aaead60cb72f,STORE_014,2024-01-30 17:18:00,SKU_0235,Apparel,1,192.56,190.38,cash,CUST_00369,0,
dbb5c853-2f90-4208-9c57-8d3796408ee1,STORE_008,2024-03-09 11:51:00,SKU_0100,Apparel,1,230.36,234.96,cash,CUST_00262,0,
3e18c789-4782-403d-9393-46e31fe0e4fd,STORE_008,2024-02-02 08:08:00,SKU_0325,Apparel,6,368.57,2182.64,wallet,CUST_00291,0,
4a510393-6b60-4360-aee7-5e4ca9b35e25,STORE_002,2024-03-13 20:12:00,SKU_0127,HomeGoods,2,92.87,184.52,UPI,CUST_00278,0,
8f14cb7c-b3f8-4af0-aebe-10a5aa7c49a2,STORE_003,2024-02-24 16:08:00,SKU_0064,Apparel,4,144.85,571.8,UPI,CUST_00066,0,
d3bdd856-cf19-410e-951f-3483cb19a665,STORE_002,2024-02-10 17:58:00,SKU_0131,Apparel,7,220.02,1537.95,UPI,CUST_00363,0,
cb4f6078-7d86-4419-ae6c-68482aefbf35,STORE_014,2024-03-17 09:14:00,SKU_0465,Apparel,1,213.81,213.12,cash,CUST_00470,0,
6ab30056-f878-4faa-b323-91f86cb83bad,STORE_008,2024-02-09 10:34:00,SKU_0467,Grocery,5,1086.37,5429.95,cash,CUST_00252,0,
5922aacd-c40a-4308-90dd-92a3749f6ce7,STORE_012,2024-01-01 09:02:00,SKU_0253,Apparel,2,301.04,612.39,wallet,CUST_00255,0,
e4df7b32-945a-4ec6-a72a-4be196391f68,STORE_003,2024-01-27 18:10:00,SKU_0200,HomeGoods,1,68.76,68.7,card,CUST_00546,0,
3f2c28ae-809c-4fa8-a98a-650608cf9904,STORE_006,2024-03-29 11:02:00,SKU_0409,Apparel,2,349.33,699.07,UPI,CUST_00366,0,
a0664e11-dc8c-4492-8436-91d548101fd1,STORE_006,2024-01-31 18:06:00,SKU_0097,Pharmacy,1,386.83,392.81,wallet,CUST_00178,0,
f551ae0d-c68a-45b7-9381-d2ccd841923e,STORE_013,2024-01-07 19:35:00,SKU_0327,Pharmacy,1,226.19,229.06,cash,CUST_00002,0,
fcc5189c-3dd9-4103-8653-af641a409d29,STORE_013,2024-01-31 18:50:00,SKU_0340,Apparel,3,94.7,281.14,wallet,CUST_00493,0,
0c0791ef-2551-4218-a7ec-450e38147fd6,STORE_002,2024-02-02 15:00:00,SKU_0355,Pharmacy,7,1020.35,7003.29,UPI,CUST_00375,0,
e52f2b71-33ee-40cb-bf49-7725c28018fd,STORE_019,2024-01-28 16:11:00,SKU_0109,Electronics,3,106.22,320.31,card,CUST_00375,0,
aa8eaf09-715f-42ce-bd78-5ee461930d81,STORE_002,2024-03-30 21:15:00,SKU_0358,Pharmacy,5,424.15,2150.0,card,CUST_00169,0,
6a0f0e4a-be6e-4014-8f8b-f5aebb99eea7,STORE_015,2024-02-05 10:30:00,SKU_0306,Grocery,4,293.39,1176.04,cash,CUST_00111,0,
2d3ff43d-f751-4abf-8887-2e36b0d88772,STORE_001,2024-01-12 13:33:00,SKU_0437,Apparel,3,404.28,1198.83,cash,CUST_00296,0,
f9f643b1-6558-44e2-8585-44bf4d0f5dda,STORE_003,2024-02-25 16:13:00,SKU_0088,Grocery,2,979.41,1977.73,cash,CUST_00454,0,
4196e831-36fa-4757-80b8-e4a764330c96,STORE_014,2024-03-12 17:45:00,SKU_0307,Apparel,3,391.81,1183.4,wallet,CUST_00178,0,
a9195335-9c59-40d8-ac78-a016355be7fb,STORE_002,2024-02-12 20:23:00,SKU_0414,Grocery,6,159.9,961.9,cash,CUST_00316,0,
3687d951-4ed2-4004-a32e-21dc85cb3b4b,STORE_006,2024-03-13 10:14:00,SKU_0139,HomeGoods,7,605.62,4300.95,card,CUST_00597,0,
50d1d078-d729-4786-b902-2da21f209bb1,STORE_007,2024-02-17 15:44:00,SKU_0372,Electronics,2,150.89,305.21,cash,CUST_00131,0,
7e3158a0-d1ec-4d85-bb6f-dd0105416a29,STORE_003,2024-01-27 20:19:00,SKU_0050,Pharmacy,5,284.95,1434.32,card,CUST_00138,0,
b4237830-6219-4e15-85e8-7ced778bed25,STORE_012,2024-02-18 21:32:00,SKU_0359,Pharmacy,1,88.85,89.44,cash,CUST_00141,0,
8f8ea533-2e42-4501-ac22-1d28e9363464,STORE_014,2024-03-02 20:58:00,SKU_0303,Apparel,4,109.38,440.36,card,CUST_00547,0,
344250ac-ca99-4b50-baba-16f261a9e74a,STORE_015,2024-02-14 13:11:00,SKU_0097,Apparel,1,260.49,260.75,UPI,CUST_00317,0,
7a3feb3e-15ed-48fb-8ebe-7d41d500204a,STORE_003,2024-02-18 20:29:00,SKU_0034,HomeGoods,3,335.6,1005.35,wallet,CUST_00550,0,
6b8c44b9-2cc6-4b6d-b903-f7a12e3584e8,STORE_008,2024-02-01 09:23:00,SKU_0372,Electronics,3,64.04,193.73,card,CUST_00568,0,
40dfd041-3699-4397-ac3e-301349b9d0d4,STORE_003,2024-01-22 21:31:00,SKU_0121,HomeGoods,1,372.15,373.79,UPI,CUST_00252,0,
e378aa78-2bf3-43b3-ac12-d9857c17ef54,STORE_003,2024-01-13 08:51:00,SKU_0249,Grocery,2,129.79,259.48,UPI,CUST_00032,0,
8ba82324-c2a7-4f6a-97de-6c66e0aa2cef,STORE_002,2024-03-24 18:07:00,SKU_0031,HomeGoods,4,695.9,2742.03,wallet,CUST_00182,0,
8d6c1f89-08ac-4769-bc99-2ed0282474f9,STORE_019,2024-01-09 10:45:00,SKU_0481,Grocery,5,188.65,950.87,wallet,CUST_00326,0,
cfc9cfe1-c3d6-4141-9dbe-81c9ad834bb7,STORE_015,2024-03-09 19:05:00,SKU_0274,HomeGoods,2,101.75,204.69,cash,CUST_00228,0,
267f9622-b1fa-4450-9d11-3133e066331e,STORE_013,2024-01-14 20:55:00,SKU_0465,HomeGoods,4,265.63,1055.82,UPI,CUST_00001,0,
af264271-72c2-4fe1-af1a-d4ccfeb4945e,STORE_008,2024-03-06 09:04:00,SKU_0081,Grocery,3,120.12,358.29,wallet,CUST_00593,0,
b8077b05-42b0-4c8c-a50d-9c706247d8f6,STORE_007,2024-01-06 17:50:00,SKU_0103,HomeGoods,3,689.95,2048.88,card,CUST_00181,0,
43380136-c905-4463-978d-ac0655b0de07,STORE_008,2024-02-26 11:45:00,SKU_0305,Apparel,3,250.11,764.19,UPI,CUST_00371,0,
63d122c9-d66d-46ac-9e7f-b85955d87609,STORE_008,2024-01-06 19:53:00,SKU_0302,Grocery,1,221.43,224.62,card,CUST_00568,0,
c377d669-916d-4339-ae82-3682451eaa4c,STORE_007,2024-03-05 20:35:00,SKU_0395,Apparel,2,401.38,804.72,card,CUST_00326,0,
f019c469-b94f-4fc5-90b0-2a2c05dc01fa,STORE_002,2024-02-12 12:55:00,SKU_0464,Pharmacy,1,111.89,111.45,cash,CUST_00416,0,
648edbd3-3865-4af1-ac93-0f2b99d99df4,STORE_002,2024-03-03 10:57:00,SKU_0411,Electronics,3,89.13,269.92,cash,CUST_00021,0,
2e83c04b-5ce9-469b-a30e-55bab23b1e08,STORE_019,2024-01-06 16:11:00,SKU_0070,Pharmacy,1,346.59,346.97,UPI,CUST_00418,0,
9a0dc779-b35f-41c7-a512-380e73666945,STORE_007,2024-02-29 13:26:00,SKU_0155,Pharmacy,4,103.72,422.78,wallet,CUST_00508,0,
ec56583e-09ec-4944-8368-1fbe4f87b98b,STORE_019,2024-03-01 18:22:00,SKU_0456,Apparel,4,103.69,407.38,UPI,CUST_00550,0,
d3bba51d-9d36-4dd0-afb7-8548e5d4ff6f,STORE_002,2024-03-30 14:09:00,SKU_0274,HomeGoods,6,488.27,2875.05,cash,CUST_00050,0,
917bd223-6df7-436d-9be1-07b9cac1bf9f,STORE_008,2024-01-01 10:41:00,SKU_0433,Grocery,5,380.51,1907.77,cash,CUST_00137,0,
d3b0b75b-7a67-44c2-a020-df34567cab0b,STORE_002,2024-02-18 12:28:00,SKU_0281,Electronics,3,91.69,271.81,UPI,CUST_00028,0,
983ef198-29d9-45c1-adee-bd213aed28aa,STORE_003,2024-03-16 16:03:00,SKU_0025,Apparel,3,152.35,458.96,cash,CUST_00550,0,
50a33a6e-1a52-476b-8c71-e4da2c6369fa,STORE_001,2024-01-05 14:24:00,SKU_0236,Pharmacy,1,121.33,122.7,UPI,CUST_00164,0,
e4658890-ffc7-4cbe-ab72-a6819fe1438f,STORE_002,2024-03-17 16:45:00,SKU_0412,Grocery,6,1035.37,6122.29,wallet,CUST_00318,0,
e8e00b44-8bd2-4cf0-80b9-4797648b7c2c,STORE_016,2024-02-22 12:39:00,SKU_0327,HomeGoods,4,516.08,2059.42,cash,CUST_00285,0,
e5d4b819-0624-4a7b-8710-830877175307,STORE_003,2024-02-25 18:11:00,SKU_0067,HomeGoods,3,178.54,539.66,UPI,CUST_00413,0,
b2f03aba-9c11-4ea9-822a-c22b6f6dbe99,STORE_008,2024-02-27 11:47:00,SKU_0105,HomeGoods,1,396.4,401.69,wallet,CUST_00537,0,
c9923e10-e4e1-4a03-9124-d3087ffd70e6,STORE_007,2024-03-12 16:56:00,SKU_0427,Grocery,4,84.48,337.87,card,CUST_00194,0,
7cbece19-0e71-4e3a-ba2e-732d00ad5fce,STORE_006,2024-02-18 08:36:00,SKU_0489,Grocery,2,145.96,288.49,wallet,CUST_00474,0,
cd223523-74c3-43d1-adcb-7cf709ec8d32,STORE_008,2024-03-10 09:06:00,SKU_0376,Apparel,5,271.88,1364.07,wallet,CUST_00174,0,
60d29cea-5f0e-4b78-aba1-28bd589cb8bf,STORE_002,2024-01-25 19:31:00,SKU_0049,Pharmacy,6,358.97,2149.9,card,CUST_00118,0,
42eee1a3-3913-40b7-b3dc-2d999be60dc8,STORE_020,2024-03-28 20:33:00,SKU_0309,Pharmacy,1,231.25,233.77,card,CUST_00063,0,
4407eddf-8cce-4f57-8219-fd77f669eb6d,STORE_013,2024-03-02 12:05:00,SKU_0414,Apparel,2,304.87,611.1,UPI,CUST_00223,0,
7362f95e-6ae9-4b77-86e6-dfb84a1aa654,STORE_012,2024-02-05 16:10:00,SKU_0320,Pharmacy,2,266.17,527.64,UPI,CUST_00336,0,
9d6dc919-d868-40b3-985d-711b7b481b59,STORE_007,2024-01-20 08:44:00,SKU_0297,Apparel,2,219.33,443.12,card,CUST_00468,0,
5bd7a72d-26be-455c-bcd6-b532ff4532b4,STORE_002,2024-03-21 19:22:00,SKU_0234,Grocery,4,197.26,789.6,cash,CUST_00509,0,
ce8e62b0-636a-486a-9fdf-b898602a1235,STORE_017,2024-02-23 21:35:00,SKU_0123,Electronics,1,177.76,175.47,UPI,CUST_00316,0,
ac846177-4fac-4307-a01f-aab2cf77e491,STORE_004,2024-01-27 12:43:00,SKU_0141,HomeGoods,5,300.97,1508.65,cash,CUST_00245,0,
0709456c-5b79-4a64-accd-59229fcd564b,STORE_001,2024-02-10 19:51:00,SKU_0373,HomeGoods,2,347.27,707.0,cash,CUST_00104,0,
01eb1f87-b0d2-42d8-bcb4-b81e8dade357,STORE_004,2024-01-04 18:22:00,SKU_0035,Pharmacy,5,292.99,1476.99,cash,CUST_00548,0,
e682c12e-f1cf-4947-9c4a-7a251b3dc3e0,STORE_013,2024-02-16 11:22:00,SKU_0043,HomeGoods,3,97.38,289.79,card,CUST_00237,0,
e15c7376-9ceb-4d5b-ac92-752ac5b92de2,STORE_008,2024-01-30 08:46:00,SKU_0198,Electronics,2,112.43,226.76,cash,CUST_00458,0,
75508959-f9eb-4519-a53a-be6565d598e9,STORE_012,2024-01-13 13:11:00,SKU_0387,Apparel,3,343.97,1022.94,card,CUST_00375,0,
295f90b1-c203-4dbc-9d40-ef340db3dc26,STORE_013,2024-01-15 13:55:00,SKU_0328,HomeGoods,1,811.43,812.82,cash,CUST_00558,0,
7dc14d33-7b33-4bb5-b964-07a47051cbe8,STORE_002,2024-03-25 13:30:00,SKU_0295,Apparel,1,282.42,282.72,card,CUST_00583,0,
2ee2a606-3342-43cd-9206-8510afa5d138,STORE_018,2024-03-29 11:56:00,SKU_0267,Apparel,3,179.85,534.1,wallet,CUST_00424,0,
0f65f0ba-0e31-4aac-8dcd-7437698fd593,STORE_007,2024-01-10 11:20:00,SKU_0056,Pharmacy,2,299.15,594.66,card,CUST_00397,0,
45fc4c39-fba2-48d2-a28c-ea610880cc84,STORE_008,2024-01-04 19:51:00,SKU_0166,HomeGoods,5,100.69,512.35,UPI,CUST_00082,0,
55721d4e-69fe-4fdc-b6e5-fb11276a5a03,STORE_001,2024-02-04 19:46:00,SKU_0040,HomeGoods,1,712.38,705.27,cash,CUST_00009,0,
48e39dd8-d479-48a4-95e1-4a091e8b8a0e,STORE_020,2024-03-13 19:34:00,SKU_0379,Apparel,4,290.25,1174.98,cash,CUST_00327,0,
7af9e7d5-0977-4eff-bba2-1847127822d3,STORE_003,2024-01-10 20:36:00,SKU_0375,Grocery,4,146.33,589.24,wallet,CUST_00423,0,
423ec63f-8200-4d61-a4ac-26ab04f624a0,STORE_001,2024-03-22 21:11:00,SKU_0129,Apparel,2,218.77,438.11,UPI,CUST_00447,0,
bf0be73d-8a28-4d0b-825c-68b8e5fc3b99,STORE_007,2024-02-06 10:03:00,SKU_0147,Pharmacy,2,163.99,323.22,cash,CUST_00150,0,
f228b171-ef07-411b-b040-20484e9e7a3f,STORE_002,2024-03-27 20:55:00,SKU_0159,HomeGoods,2,713.94,1411.01,UPI,CUST_00301,0,
9b9bad25-c748-4398-8d8e-7b538173647e,STORE_002,2024-03-20 17:31:00,SKU_0444,HomeGoods,3,212.65,629.76,cash,CUST_00517,0,
d171ee1b-5af3-4a04-b2cd-f638ee042edc,STORE_008,2024-03-30 15:38:00,SKU_0244,Electronics,2,283.09,568.15,cash,CUST_00057,0,
a1ba5e09-9c2c-4442-9a3f-a336ad6cf52e,STORE_006,2024-01-20 18:49:00,SKU_0381,Pharmacy,4,395.62,1612.44,card,CUST_00230,0,
035730eb-0763-4e57-91df-a64d93e8d94b,STORE_017,2024-03-02 14:11:00,SKU_0224,Grocery,4,138.22,561.22,UPI,CUST_00566,0,
8ecd070e-5e82-42a0-9b88-41d879f50189,STORE_003,2024-01-04 16:40:00,SKU_0349,Pharmacy,3,291.91,859.1,UPI,CUST_00119,0,
1a793ff7-d599-4762-84a6-097e02f87cac,STORE_012,2024-03-10 21:29:00,SKU_0264,Apparel,5,311.38,1542.81,wallet,CUST_00190,0,
4d458bd0-0d5a-4a05-b563-fa663a3f1950,STORE_007,2024-03-15 18:16:00,SKU_0140,Pharmacy,2,72.11,142.24,cash,CUST_00280,0,
1720632d-041d-4ccd-a874-3ef448411ba4,STORE_010,2024-03-17 08:35:00,SKU_0438,Pharmacy,4,306.01,1247.33,cash,CUST_00413,0,
2416a9b1-90a5-4f4b-8e21-e7c4fad1f231,STORE_008,2024-03-25 17:56:00,SKU_0354,HomeGoods,1,241.01,238.46,UPI,CUST_00153,0,
bb105c0d-c115-49e3-a01c-4a11470f45ce,STORE_007,2024-01-06 15:46:00,SKU_0384,Pharmacy,3,277.39,822.23,wallet,CUST_00475,0,
90fdbcdc-67e7-4853-84b7-a492bc04f85d,STORE_019,2024-02-27 20:27:00,SKU_0474,HomeGoods,5,257.23,1292.37,UPI,CUST_00141,0,
40b6fb94-6aa5-4182-9ef3-7df36a9402e4,STORE_004,2024-03-02 13:52:00,SKU_0125,Pharmacy,2,307.6,616.58,UPI,CUST_00220,0,
f6d0b4f0-0703-4b27-89f1-a33cef143017,STORE_002,2024-01-11 11:05:00,SKU_0046,Electronics,1,728.75,720.76,cash,CUST_00343,0,
d0b88e5d-5584-40b6-90d6-9dc2f3483ff9,STORE_010,2024-03-04 11:19:00,SKU_0291,Electronics,5,97.31,489.87,wallet,CUST_00007,0,
fec66adc-be22-4a47-8546-5ad77a1690c5,STORE_014,2024-03-16 13:08:00,SKU_0163,Apparel,1,190.14,187.07,wallet,CUST_00460,0,
779c0267-2c9f-415e-ae37-787ea4ebbdfa,STORE_001,2024-01-02 11:54:00,SKU_0218,Pharmacy,4,426.13,1671.75,UPI,CUST_00401,0,
fbe02ad2-acf0-419d-a388-2aaf12c40070,STORE_007,2024-02-19 21:12:00,SKU_0118,HomeGoods,2,367.31,722.35,card,CUST_00500,0,
