date,city,temperature,rainfall,humidity
2024-01-01,Boston,17.31,3.59,65.58
2024-01-02,Boston,21.73,0.0,49.5
2024-01-03,Boston,18.74,0.0,10.0
2024-01-04,Boston,21.95,6.08,29.52
2024-01-05,Boston,19.37,0.0,45.93
2024-01-06,Boston,16.12,0.0,71.95
2024-01-07,Boston,25.68,3.97,62.44
2024-01-08,Boston,19.71,0.0,78.95
2024-01-09,Boston,21.49,0.0,39.57
2024-01-10,Boston,20.75,0.0,59.89
2024-01-11,Boston,20.79,3.95,34.7
2024-01-12,Boston,23.6,15.89,83.87
2024-01-13,Boston,22.02,6.41,39.82
2024-01-14,Boston,18.58,5.87,49.24
2024-01-15,Boston,19.22,0.0,37.39
2024-01-16,Boston,22.35,4.91,77.75
2024-01-17,Boston,24.04,5.77,55.86
2024-01-18,Boston,21.17,0.0,81.99
2024-01-19,Boston,22.22,0.0,83.59
2024-01-20,Boston,20.94,6.17,65.93
2024-01-21,Boston,20.82,1.62,79.46
2024-01-22,Boston,24.65,9.48,66.76
2024-01-23,Boston,29.96,0.0,52.03
2024-01-24,Boston,23.26,0.0,80.85
2024-01-25,Boston,25.34,2.1,49.31
2024-01-26,Boston,20.7,0.0,74.87
2024-01-27,Boston,23.42,0.0,70.03
2024-01-28,Boston,26.32,3.29,66.29
2024-01-29,Boston,26.89,2.88,53.81
2024-01-30,Boston,25.65,0.72,52.64
2024-01-31,Boston,27.0,0.54,10.0
2024-02-01,Boston,25.29,0.02,54.22
2024-02-02,Boston,25.65,1.17,64.3
2024-02-03,Boston,20.84,0.0,88.08
2024-02-04,Boston,24.99,0.0,38.55
2024-02-05,Boston,23.19,2.51,51.35
2024-02-06,Boston,23.99,2.02,69.56
2024-02-07,Boston,24.93,0.0,51.57
2024-02-08,Boston,26.26,1.96,75.35
2024-02-09,Boston,23.42,0.0,75.46
2024-02-10,Boston,24.25,8.92,88.1
2024-02-11,Boston,28.76,0.0,61.54
2024-02-12,Boston,25.12,6.62,94.13
2024-02-13,Boston,27.98,2.05,52.69
2024-02-14,Boston,27.66,0.0,70.73
2024-02-15,Boston,24.65,5.1,56.78
2024-02-16,Boston,25.82,0.0,52.87
2024-02-17,Boston,27.83,7.22,70.53
2024-02-18,Boston,29.56,14.7,53.51
2024-02-19,Boston,26.53,0.0,83.81
2024-02-20,Boston,29.66,0.0,72.35
2024-02-21,Boston,29.6,3.13,76.95
2024-02-22,Boston,27.62,0.0,80.99
2024-02-23,Boston,30.03,5.67,40.91
2024-02-24,Boston,25.98,0.0,75.4
2024-02-25,Boston,30.12,4.12,78.81
2024-02-26,Boston,25.94,2.73,32.6
2024-02-27,Boston,26.23,6.39,55.21
2024-02-28,Boston,30.28,4.69,100.0
2024-02-29,Boston,28.14,0.0,59.31
2024-03-01,Boston,26.11,6.89,60.84
2024-03-02,Boston,27.85,1.38,74.81
2024-03-03,Boston,27.3,5.89,80.91
2024-03-04,Boston,27.6,0.0,49.74
2024-03-05,Boston,29.78,2.46,72.6
2024-03-06,Boston,31.96,3.15,43.82
2024-03-07,Boston,30.62,2.26,77.45
2024-03-08,Boston,30.71,0.0,87.64
2024-03-09,Boston,30.45,0.0,66.09
2024-03-10,Boston,29.22,2.12,77.44
2024-03-11,Boston,31.64,2.04,86.62
2024-03-12,Boston,30.8,3.16,63.52
2024-03-13,Boston,26.57,0.0,63.3
2024-03-14,Boston,27.21,1.8,49.31
2024-03-15,Boston,25.4,3.79,51.71
2024-03-16,Boston,29.18,0.0,53.3
2024-03-17,Boston,32.18,2.64,70.99
2024-03-18,Boston,26.56,13.95,96.87
2024-03-19,Boston,31.87,6.14,60.3
2024-03-20,Boston,30.06,7.24,47.43
2024-03-21,Boston,28.32,0.0,44.56
2024-03-22,Boston,32.56,0.33,53.64
2024-03-23,Boston,29.9,0.0,78.91
2024-03-24,Boston,31.82,3.89,93.03
2024-03-25,Boston,26.65,11.22,45.39
2024-03-26,Boston,26.76,0.81,97.44
2024-03-27,Boston,29.3,0.0,34.1
2024-03-28,Boston,29.14,0.0,34.0
2024-03-29,Boston,32.44,8.62,57.43
2024-03-30,Boston,28.43,2.29,100.0
2024-03-31,Boston,30.17,6.55,55.95
2024-04-01,Boston,29.48,5.24,62.52
2024-04-02,Boston,25.56,8.4,47.7
2024-04-03,Boston,33.57,5.43,61.42
2024-04-04,Boston,30.22,1.46,50.27
2024-04-05,Boston,29.75,6.42,50.71
2024-04-06,Boston,28.07,0.22,79.04
2024-04-07,Boston,32.2,3.81,71.63
2024-04-08,Boston,28.02,6.38,71.03
2024-04-09,Boston,27.83,0.0,35.59
2024-04-10,Boston,27.88,7.81,91.06
2024-04-11,Boston,28.31,0.0,65.23
2024-04-12,Boston,29.18,6.65,49.54
2024-04-13,Boston,31.02,0.8,77.08
2024-04-14,Boston,28.54,0.0,98.25
2024-04-15,Boston,31.17,0.0,51.06
2024-04-16,Boston,31.41,0.0,75.41
2024-04-17,Boston,30.28,0.0,59.82
2024-04-18,Boston,24.72,10.85,53.82
2024-04-19,Boston,30.45,5.07,87.16
2024-04-20,Boston,27.92,3.02,71.18
2024-04-21,Boston,30.48,7.77,50.45
2024-04-22,Boston,27.34,8.8,19.26
2024-04-23,Boston,31.75,0.49,59.91
2024-04-24,Boston,27.17,1.76,85.42
2024-04-25,Boston,30.01,4.46,61.78
2024-04-26,Boston,25.51,0.0,53.14
2024-04-27,Boston,29.24,2.35,79.67
2024-04-28,Boston,29.19,2.27,100.0
2024-04-29,Boston,28.98,0.0,97.2
2024-04-30,Boston,30.48,11.08,57.78
2024-05-01,Boston,29.95,0.0,75.68
2024-05-02,Boston,27.59,0.0,80.65
2024-05-03,Boston,24.2,0.0,67.25
2024-05-04,Boston,28.87,6.85,74.84
2024-05-05,Boston,30.58,5.5,57.35
2024-05-06,Boston,27.38,0.59,65.91
2024-05-07,Boston,25.23,3.7,58.27
2024-05-08,Boston,27.88,3.39,10.95
2024-05-09,Boston,25.42,1.46,58.89
2024-05-10,Boston,27.63,3.51,90.32
2024-05-11,Boston,27.63,0.43,28.02
2024-05-12,Boston,24.15,4.68,81.21
2024-05-13,Boston,29.86,0.0,53.92
2024-05-14,Boston,27.14,12.24,62.3
2024-05-15,Boston,29.64,2.85,83.06
2024-05-16,Boston,28.47,2.83,39.59
2024-05-17,Boston,25.76,9.45,77.56
2024-05-18,Boston,25.3,0.29,25.38
2024-05-19,Boston,28.93,6.43,57.26
2024-05-20,Boston,26.32,0.0,50.27
2024-05-21,Boston,28.45,6.91,66.61
2024-05-22,Boston,25.62,5.98,54.37
2024-05-23,Boston,22.19,1.97,68.06
2024-05-24,Boston,27.63,0.0,57.54
2024-05-25,Boston,25.09,0.0,69.75
2024-05-26,Boston,26.6,0.55,100.0
2024-05-27,Boston,24.32,0.0,50.49
2024-05-28,Boston,23.18,0.0,31.32
2024-05-29,Boston,24.29,2.29,14.34
2024-05-30,Boston,24.32,2.21,70.29
2024-05-31,Boston,26.79,6.26,47.59
2024-06-01,Boston,22.75,4.9,49.05
2024-06-02,Boston,21.62,13.87,53.79
2024-06-03,Boston,22.67,0.0,77.03
2024-06-04,Boston,21.79,2.14,79.37
2024-06-05,Boston,21.67,2.4,90.48
2024-06-06,Boston,18.54,0.0,41.91
2024-06-07,Boston,22.93,1.76,38.77
2024-06-08,Boston,21.83,0.0,52.98
2024-06-09,Boston,23.42,6.55,81.11
2024-06-10,Boston,24.13,0.0,59.93
2024-06-11,Boston,27.41,7.07,51.19
2024-06-12,Boston,25.66,0.06,46.63
2024-06-13,Boston,25.12,0.0,21.72
2024-06-14,Boston,24.05,2.14,62.55
2024-06-15,Boston,21.28,0.81,50.84
2024-06-16,Boston,20.58,0.09,51.73
2024-06-17,Boston,20.01,0.0,10.0
2024-06-18,Boston,22.87,3.95,58.3
2024-06-19,Boston,21.8,3.37,45.52
2024-06-20,Boston,20.1,4.64,64.15
2024-06-21,Boston,25.08,10.1,78.66
2024-06-22,Boston,19.3,0.0,39.96
2024-06-23,Boston,21.21,0.0,50.83
2024-06-24,Boston,19.87,0.0,75.95
2024-06-25,Boston,18.03,3.34,100.0
2024-06-26,Boston,16.92,1.26,51.85
2024-06-27,Boston,18.76,5.8,82.13
2024-06-28,Boston,21.34,0.0,100.0
2024-06-29,Boston,16.08,0.0,63.39
2024-06-30,Boston,19.63,4.44,91.6
2024-07-01,Boston,19.04,2.57,48.11
2024-07-02,Boston,20.28,0.41,53.62
2024-07-03,Boston,20.02,7.17,15.84
2024-07-04,Boston,19.48,0.65,78.95
2024-07-05,Boston,18.09,8.51,46.47
2024-07-06,Boston,13.96,7.26,43.13
2024-07-07,Boston,15.09,2.08,55.22
2024-07-08,Boston,19.72,6.46,61.91
2024-07-09,Boston,16.14,3.43,63.3
2024-07-10,Boston,18.87,0.0,51.99
2024-07-11,Boston,18.58,8.24,79.32
2024-07-12,Boston,17.56,0.0,68.08
2024-07-13,Boston,15.05,0.0,90.2
2024-07-14,Boston,17.86,0.26,76.58
2024-07-15,Boston,19.47,0.0,51.45
2024-07-16,Boston,15.62,6.82,79.47
2024-07-17,Boston,19.33,7.04,27.36
2024-07-18,Boston,16.96,0.0,49.74
2024-07-19,Boston,16.57,6.18,42.18
2024-07-20,Boston,11.42,2.9,100.0
2024-07-21,Boston,15.5,2.23,95.64
2024-07-22,Boston,16.93,3.08,68.84
2024-07-23,Boston,16.09,0.0,33.17
2024-07-24,Boston,19.2,2.92,62.0
2024-07-25,Boston,15.09,5.91,100.0
2024-07-26,Boston,16.16,0.0,57.33
2024-07-27,Boston,17.1,0.0,77.04
2024-07-28,Boston,10.16,0.85,72.56
2024-07-29,Boston,17.19,0.0,29.94
2024-07-30,Boston,13.98,0.0,57.02
2024-07-31,Boston,14.34,0.0,76.09
2024-08-01,Boston,13.89,7.4,23.1
2024-08-02,Boston,12.02,4.58,44.02
2024-08-03,Boston,13.58,2.0,63.17
2024-08-04,Boston,12.41,2.75,44.35
2024-08-05,Boston,14.97,1.43,63.1
2024-08-06,Boston,18.63,0.0,87.77
2024-08-07,Boston,8.03,0.0,35.19
2024-08-08,Boston,10.86,3.02,65.8
2024-08-09,Boston,12.57,1.25,70.56
2024-08-10,Boston,14.61,0.0,52.76
2024-08-11,Boston,12.67,4.43,44.55
2024-08-12,Boston,12.5,2.15,45.91
2024-08-13,Boston,11.1,2.49,57.39
2024-08-14,Boston,13.43,0.0,52.99
2024-08-15,Boston,11.85,6.07,41.19
2024-08-16,Boston,12.66,3.26,92.93
2024-08-17,Boston,10.05,0.0,41.25
2024-08-18,Boston,8.61,10.82,35.17
2024-08-19,Boston,10.2,8.58,24.94
2024-08-20,Boston,13.24,0.0,84.93
2024-08-21,Boston,7.27,0.0,49.1
2024-08-22,Boston,13.45,1.85,53.29
2024-08-23,Boston,14.09,12.78,73.45
2024-08-24,Boston,10.05,0.0,34.23
2024-08-25,Boston,11.4,0.0,71.04
2024-08-26,Boston,15.11,5.59,50.62
2024-08-27,Boston,12.06,10.1,91.41
2024-08-28,Boston,8.9,4.55,56.84
2024-08-29,Boston,12.43,3.92,12.61
2024-08-30,Boston,10.04,2.99,31.31
2024-08-31,Boston,11.81,0.0,44.03
2024-09-01,Boston,13.25,0.0,71.48
2024-09-02,Boston,6.98,12.41,53.91
2024-09-03,Boston,10.6,2.9,72.15
2024-09-04,Boston,7.29,1.97,46.82
2024-09-05,Boston,6.88,6.94,52.96
2024-09-06,Boston,10.67,2.9,53.3
2024-09-07,Boston,14.07,1.76,28.84
2024-09-08,Boston,9.26,4.5,70.65
2024-09-09,Boston,7.82,6.65,24.74
2024-09-10,Boston,12.22,0.0,55.48
2024-09-11,Boston,12.01,2.6,76.33
2024-09-12,Boston,11.06,8.43,81.24
2024-09-13,Boston,8.87,5.16,29.47
2024-09-14,Boston,9.61,6.09,62.68
2024-09-15,Boston,10.58,0.93,82.58
2024-09-16,Boston,9.48,0.0,77.73
2024-09-17,Boston,6.79,4.51,39.15
2024-09-18,Boston,12.12,0.69,62.7
2024-09-19,Boston,10.36,0.0,46.99
2024-09-20,Boston,11.59,6.34,65.66
2024-09-21,Boston,6.78,4.93,74.27
2024-09-22,Boston,9.55,8.12,46.33
2024-09-23,Boston,8.41,0.0,78.4
2024-09-24,Boston,10.04,0.0,24.83
2024-09-25,Boston,7.65,5.97,53.99
2024-09-26,Boston,7.77,0.0,38.98
2024-09-27,Boston,5.51,0.0,38.59
2024-09-28,Boston,10.73,1.17,43.49
2024-09-29,Boston,13.98,0.0,83.34
2024-09-30,Boston,12.61,0.0,61.48
2024-10-01,Boston,8.33,0.0,71.11
2024-10-02,Boston,8.13,0.0,56.64
2024-10-03,Boston,8.63,0.0,75.92
2024-10-04,Boston,11.49,3.72,52.47
2024-10-05,Boston,7.99,0.0,100.0
2024-10-06,Boston,11.3,0.0,63.29
2024-10-07,Boston,8.72,4.92,70.87
2024-10-08,Boston,11.63,0.0,62.09
2024-10-09,Boston,5.99,0.0,77.68
2024-10-10,Boston,7.62,0.0,59.83
2024-10-11,Boston,10.94,0.0,10.0
2024-10-12,Boston,7.84,8.03,66.86
2024-10-13,Boston,12.27,0.0,27.21
2024-10-14,Boston,10.59,3.2,66.11
2024-10-15,Boston,11.57,4.11,68.11
2024-10-16,Boston,11.18,4.51,77.15
2024-10-17,Boston,11.82,9.66,47.02
2024-10-18,Boston,10.81,0.15,43.33
2024-10-19,Boston,8.53,4.47,68.37
2024-10-20,Boston,10.77,0.87,60.07
2024-10-21,Boston,11.66,0.0,60.49
2024-10-22,Boston,10.27,5.77,33.0
2024-10-23,Boston,13.14,3.07,65.33
2024-10-24,Boston,9.42,4.69,60.96
2024-10-25,Boston,12.71,0.0,63.51
2024-10-26,Boston,11.18,1.07,51.91
2024-10-27,Boston,9.72,2.87,23.8
2024-10-28,Boston,12.45,0.0,62.56
2024-10-29,Boston,11.34,0.0,57.38
2024-10-30,Boston,6.62,5.66,81.6
2024-10-31,Boston,7.37,0.0,35.4
2024-11-01,Boston,10.51,5.24,79.75
2024-11-02,Boston,13.2,8.55,55.55
2024-11-03,Boston,8.76,1.43,72.67
2024-11-04,Boston,8.69,10.3,77.96
2024-11-05,Boston,10.83,0.0,46.62
2024-11-06,Boston,11.5,0.85,79.01
2024-11-07,Boston,10.77,4.53,59.42
2024-11-08,Boston,12.1,0.85,74.15
2024-11-09,Boston,13.11,4.3,72.15
2024-11-10,Boston,9.89,3.62,84.98
2024-11-11,Boston,12.88,0.0,59.0
2024-11-12,Boston,12.76,0.0,32.83
2024-11-13,Boston,11.49,0.0,59.71
2024-11-14,Boston,9.06,4.82,47.31
2024-11-15,Boston,14.36,0.62,59.49
2024-11-16,Boston,12.15,0.0,100.0
2024-11-17,Boston,11.63,7.12,38.13
2024-11-18,Boston,13.49,4.39,59.52
2024-11-19,Boston,11.74,0.68,51.93
2024-11-20,Boston,17.81,1.89,70.5
2024-11-21,Boston,16.71,0.0,60.75
2024-11-22,Boston,12.74,1.57,56.42
2024-11-23,Boston,11.95,2.98,38.75
2024-11-24,Boston,15.53,5.12,50.13
2024-11-25,Boston,12.81,3.38,44.03
2024-11-26,Boston,17.46,3.79,67.87
2024-11-27,Boston,15.35,0.0,81.78
2024-11-28,Boston,14.36,6.75,56.04
2024-11-29,Boston,16.91,4.01,100.0
2024-11-30,Boston,13.69,3.02,39.37
2024-12-01,Boston,13.52,5.09,82.59
2024-12-02,Boston,20.66,1.52,41.34
2024-12-03,Boston,16.39,0.0,71.29
2024-12-04,Boston,14.03,3.06,81.82
2024-12-05,Boston,14.97,6.66,77.46
2024-12-06,Boston,11.62,0.0,28.76
2024-12-07,Boston,19.51,1.47,95.62
2024-12-08,Boston,12.4,0.0,76.01
2024-12-09,Boston,16.19,4.66,34.92
2024-12-10,Boston,18.74,5.89,68.03
2024-12-11,Boston,14.78,3.62,54.17
2024-12-12,Boston,13.01,1.75,56.87
2024-12-13,Boston,18.6,0.0,64.7
2024-12-14,Boston,14.33,3.6,67.49
2024-12-15,Boston,16.64,6.04,35.08
2024-12-16,Boston,19.19,0.0,28.88
2024-12-17,Boston,16.6,0.0,65.08
2024-12-18,Boston,16.79,8.17,72.98
2024-12-19,Boston,14.7,0.0,70.41
2024-12-20,Boston,19.34,8.11,84.29
2024-12-21,Boston,17.64,3.81,85.97
2024-12-22,Boston,17.38,3.9,53.46
2024-12-23,Boston,17.06,2.24,46.25
2024-12-24,Boston,18.07,0.0,56.2
2024-12-25,Boston,19.4,0.0,60.19
2024-12-26,Boston,18.95,4.26,57.33
2024-12-27,Boston,21.02,0.0,100.0
2024-12-28,Boston,17.28,4.02,41.23
2024-12-29,Boston,20.48,3.38,46.99
2024-12-30,Boston,21.51,1.18,70.94
2024-01-01,Phoenix,29.29,2.75,67.3
2024-01-02,Phoenix,36.1,1.71,64.02
2024-01-03,Phoenix,33.57,7.53,83.74
2024-01-04,Phoenix,32.92,0.0,92.67
2024-01-05,Phoenix,29.52,3.51,44.91
2024-01-06,Phoenix,31.86,3.64,66.43
2024-01-07,Phoenix,33.0,10.07,69.07
2024-01-08,Phoenix,31.84,6.82,83.79
2024-01-09,Phoenix,30.04,4.99,74.02
2024-01-10,Phoenix,32.07,8.88,57.0
2024-01-11,Phoenix,33.09,1.13,60.31
2024-01-12,Phoenix,30.81,0.0,91.89
2024-01-13,Phoenix,31.48,0.0,16.93
2024-01-14,Phoenix,32.06,0.0,92.84
2024-01-15,Phoenix,35.53,0.0,100.0
2024-01-16,Phoenix,35.64,0.38,10.01
2024-01-17,Phoenix,38.42,0.0,27.09
2024-01-18,Phoenix,36.05,14.2,87.69
2024-01-19,Phoenix,35.29,4.97,77.07
2024-01-20,Phoenix,35.85,3.41,62.08
2024-01-21,Phoenix,34.36,0.0,54.39
2024-01-22,Phoenix,31.26,1.51,40.23
2024-01-23,Phoenix,32.6,2.9,87.84
2024-01-24,Phoenix,36.8,0.0,40.21
2024-01-25,Phoenix,37.01,0.0,55.51
2024-01-26,Phoenix,36.38,0.0,62.11
2024-01-27,Phoenix,32.77,0.0,66.4
2024-01-28,Phoenix,32.4,4.2,59.61
2024-01-29,Phoenix,36.85,3.12,87.28
2024-01-30,Phoenix,36.14,0.0,62.45
2024-01-31,Phoenix,37.13,2.24,60.81
2024-02-01,Phoenix,34.78,0.0,31.95
2024-02-02,Phoenix,39.83,0.0,46.14
2024-02-03,Phoenix,35.04,6.47,54.1
2024-02-04,Phoenix,39.12,0.0,65.58
2024-02-05,Phoenix,35.09,12.73,36.25
2024-02-06,Phoenix,37.52,5.17,68.28
2024-02-07,Phoenix,36.67,1.35,60.88
2024-02-08,Phoenix,36.88,6.82,100.0
2024-02-09,Phoenix,36.19,0.0,58.23
2024-02-10,Phoenix,42.6,0.0,92.78
2024-02-11,Phoenix,40.92,0.0,71.38
2024-02-12,Phoenix,40.95,0.1,55.93
2024-02-13,Phoenix,36.66,0.0,47.01
2024-02-14,Phoenix,35.5,2.17,44.6
2024-02-15,Phoenix,38.54,0.0,66.62
2024-02-16,Phoenix,39.86,0.0,67.48
2024-02-17,Phoenix,40.76,0.0,93.45
2024-02-18,Phoenix,39.26,0.0,58.88
2024-02-19,Phoenix,39.65,2.38,70.78
2024-02-20,Phoenix,36.81,2.85,31.73
2024-02-21,Phoenix,38.53,0.0,45.29
2024-02-22,Phoenix,41.33,7.46,72.18
2024-02-23,Phoenix,36.78,0.42,84.26
2024-02-24,Phoenix,39.35,13.6,67.87
2024-02-25,Phoenix,39.55,0.45,62.67
2024-02-26,Phoenix,38.96,5.54,79.13
2024-02-27,Phoenix,37.79,0.0,23.28
2024-02-28,Phoenix,40.47,0.0,16.94
2024-02-29,Phoenix,40.32,14.46,59.88
2024-03-01,Phoenix,41.3,2.41,58.02
2024-03-02,Phoenix,41.55,0.55,65.35
2024-03-03,Phoenix,40.44,0.0,79.84
2024-03-04,Phoenix,39.52,0.0,70.73
2024-03-05,Phoenix,38.15,2.14,59.82
2024-03-06,Phoenix,42.19,4.37,59.5
2024-03-07,Phoenix,41.73,8.95,71.16
2024-03-08,Phoenix,40.18,0.0,38.7
2024-03-09,Phoenix,39.62,0.0,56.26
2024-03-10,Phoenix,40.4,4.65,58.59
2024-03-11,Phoenix,41.32,2.32,20.49
2024-03-12,Phoenix,38.53,1.28,35.81
2024-03-13,Phoenix,41.66,9.65,84.38
2024-03-14,Phoenix,40.09,9.45,62.97
2024-03-15,Phoenix,39.89,0.0,53.95
2024-03-16,Phoenix,39.83,2.85,63.21
2024-03-17,Phoenix,40.66,4.18,83.81
2024-03-18,Phoenix,42.59,0.0,10.0
2024-03-19,Phoenix,42.6,0.0,55.5
2024-03-20,Phoenix,38.43,0.0,70.83
2024-03-21,Phoenix,42.32,0.0,10.0
2024-03-22,Phoenix,39.73,3.96,30.42
2024-03-23,Phoenix,41.22,1.92,71.59
2024-03-24,Phoenix,41.11,0.0,83.93
2024-03-25,Phoenix,40.58,1.86,41.33
2024-03-26,Phoenix,40.03,0.0,56.54
2024-03-27,Phoenix,44.35,0.0,27.73
2024-03-28,Phoenix,43.88,0.95,46.62
2024-03-29,Phoenix,43.03,0.0,96.52
2024-03-30,Phoenix,42.31,0.0,100.0
2024-03-31,Phoenix,39.74,5.71,65.99
2024-04-01,Phoenix,43.56,9.81,60.64
2024-04-02,Phoenix,39.44,4.3,46.45
2024-04-03,Phoenix,44.97,2.68,52.69
2024-04-04,Phoenix,41.3,0.0,40.57
2024-04-05,Phoenix,43.32,0.0,39.06
2024-04-06,Phoenix,41.98,7.93,74.38
2024-04-07,Phoenix,42.88,0.0,31.56
2024-04-08,Phoenix,43.87,0.39,54.98
2024-04-09,Phoenix,43.5,4.78,69.12
2024-04-10,Phoenix,45.14,0.0,78.56
2024-04-11,Phoenix,40.9,3.34,90.57
2024-04-12,Phoenix,41.76,4.69,81.45
2024-04-13,Phoenix,39.98,0.0,39.1
2024-04-14,Phoenix,36.74,12.28,37.94
2024-04-15,Phoenix,40.19,0.62,66.15
2024-04-16,Phoenix,42.22,6.3,48.34
2024-04-17,Phoenix,40.21,3.41,55.03
2024-04-18,Phoenix,43.7,4.45,74.7
2024-04-19,Phoenix,41.76,7.87,63.62
2024-04-20,Phoenix,37.79,4.0,46.97
2024-04-21,Phoenix,39.26,4.93,84.77
2024-04-22,Phoenix,40.3,3.54,94.04
2024-04-23,Phoenix,40.68,15.01,71.31
2024-04-24,Phoenix,36.61,5.77,67.62
2024-04-25,Phoenix,42.64,5.37,57.23
2024-04-26,Phoenix,37.54,0.95,42.99
2024-04-27,Phoenix,38.75,4.94,93.4
2024-04-28,Phoenix,40.62,0.0,68.89
2024-04-29,Phoenix,42.15,0.0,57.32
2024-04-30,Phoenix,39.7,0.0,72.97
2024-05-01,Phoenix,39.34,4.1,42.25
2024-05-02,Phoenix,38.62,5.61,52.54
2024-05-03,Phoenix,42.86,0.0,64.49
2024-05-04,Phoenix,41.18,0.0,24.78
2024-05-05,Phoenix,36.17,8.31,48.96
2024-05-06,Phoenix,44.23,0.0,63.69
2024-05-07,Phoenix,42.1,12.03,100.0
2024-05-08,Phoenix,41.33,7.12,71.85
2024-05-09,Phoenix,40.37,0.0,43.64
2024-05-10,Phoenix,38.69,1.15,50.94
2024-05-11,Phoenix,39.98,6.78,61.77
2024-05-12,Phoenix,41.43,0.0,56.13
2024-05-13,Phoenix,36.93,0.0,58.35
2024-05-14,Phoenix,38.0,9.57,72.62
2024-05-15,Phoenix,36.08,11.27,84.42
2024-05-16,Phoenix,39.17,0.87,40.81
2024-05-17,Phoenix,37.14,7.44,97.69
2024-05-18,Phoenix,40.85,0.0,37.61
2024-05-19,Phoenix,37.92,0.0,66.46
2024-05-20,Phoenix,37.21,0.0,28.11
2024-05-21,Phoenix,38.4,0.0,36.6
2024-05-22,Phoenix,31.5,1.86,95.45
2024-05-23,Phoenix,40.43,0.0,47.96
2024-05-24,Phoenix,37.91,0.0,66.04
2024-05-25,Phoenix,38.36,8.13,58.0
2024-05-26,Phoenix,36.28,0.0,43.46
2024-05-27,Phoenix,36.1,3.84,78.27
2024-05-28,Phoenix,34.8,9.46,54.58
2024-05-29,Phoenix,36.22,0.0,11.52
2024-05-30,Phoenix,37.88,5.68,54.37
2024-05-31,Phoenix,36.1,4.58,28.75
2024-06-01,Phoenix,34.76,5.97,34.91
2024-06-02,Phoenix,36.25,0.0,69.33
2024-06-03,Phoenix,35.44,0.0,83.29
2024-06-04,Phoenix,33.89,0.0,64.01
2024-06-05,Phoenix,37.5,0.0,61.23
2024-06-06,Phoenix,35.9,5.47,63.53
2024-06-07,Phoenix,34.15,0.0,61.72
2024-06-08,Phoenix,32.59,0.0,68.73
2024-06-09,Phoenix,36.38,0.0,39.81
2024-06-10,Phoenix,35.65,12.29,60.42
2024-06-11,Phoenix,32.79,1.09,87.5
2024-06-12,Phoenix,32.79,0.0,50.35
2024-06-13,Phoenix,32.01,2.61,92.49
2024-06-14,Phoenix,34.4,0.74,54.16
2024-06-15,Phoenix,30.46,6.42,58.44
2024-06-16,Phoenix,33.06,17.97,65.98
2024-06-17,Phoenix,31.75,0.0,82.97
2024-06-18,Phoenix,33.31,0.0,78.38
2024-06-19,Phoenix,31.58,11.37,81.6
2024-06-20,Phoenix,31.86,8.41,61.36
2024-06-21,Phoenix,34.29,4.42,43.07
2024-06-22,Phoenix,31.12,7.15,53.3
2024-06-23,Phoenix,31.43,0.0,68.47
2024-06-24,Phoenix,36.19,0.0,60.48
2024-06-25,Phoenix,34.72,1.6,69.05
2024-06-26,Phoenix,29.6,4.14,56.26
2024-06-27,Phoenix,33.53,7.94,100.0
2024-06-28,Phoenix,32.54,3.63,63.89
2024-06-29,Phoenix,30.5,3.69,54.09
2024-06-30,Phoenix,31.38,8.59,39.87
2024-07-01,Phoenix,33.15,8.59,57.64
2024-07-02,Phoenix,26.45,0.0,85.94
2024-07-03,Phoenix,30.48,0.0,49.9
2024-07-04,Phoenix,32.03,4.73,55.22
2024-07-05,Phoenix,29.45,0.04,41.55
2024-07-06,Phoenix,33.24,0.39,84.34
2024-07-07,Phoenix,32.88,6.99,51.37
2024-07-08,Phoenix,30.47,1.88,41.93
2024-07-09,Phoenix,30.14,0.0,83.75
2024-07-10,Phoenix,28.4,3.01,65.67
2024-07-11,Phoenix,28.64,4.93,50.5
2024-07-12,Phoenix,30.73,0.0,62.53
2024-07-13,Phoenix,32.7,0.0,46.45
2024-07-14,Phoenix,29.68,2.9,67.01
2024-07-15,Phoenix,29.46,5.17,82.19
2024-07-16,Phoenix,29.14,0.79,73.45
2024-07-17,Phoenix,31.95,1.34,40.51
2024-07-18,Phoenix,30.2,1.4,16.55
2024-07-19,Phoenix,29.52,0.0,58.19
2024-07-20,Phoenix,28.32,2.95,74.19
2024-07-21,Phoenix,26.63,4.57,54.81
2024-07-22,Phoenix,28.81,5.08,41.29
2024-07-23,Phoenix,29.35,0.0,76.16
2024-07-24,Phoenix,27.75,11.19,55.53
2024-07-25,Phoenix,26.16,1.9,53.94
2024-07-26,Phoenix,28.3,0.0,38.93
2024-07-27,Phoenix,24.41,6.75,94.21
2024-07-28,Phoenix,26.18,1.16,61.4
2024-07-29,Phoenix,28.57,0.0,64.77
2024-07-30,Phoenix,28.04,4.51,63.79
2024-07-31,Phoenix,27.94,0.0,73.56
2024-08-01,Phoenix,24.48,0.0,70.22
2024-08-02,Phoenix,28.39,1.31,79.06
2024-08-03,Phoenix,28.73,8.57,92.8
2024-08-04,Phoenix,26.84,2.38,27.96
2024-08-05,Phoenix,24.72,0.0,100.0
2024-08-06,Phoenix,24.72,2.62,71.03
2024-08-07,Phoenix,25.02,10.48,47.55
2024-08-08,Phoenix,25.19,0.0,33.6
2024-08-09,Phoenix,23.44,1.81,51.41
2024-08-10,Phoenix,23.15,0.0,58.34
2024-08-11,Phoenix,21.39,5.8,61.65
2024-08-12,Phoenix,21.36,0.45,44.96
2024-08-13,Phoenix,24.78,8.7,22.5
2024-08-14,Phoenix,24.25,1.2,73.43
2024-08-15,Phoenix,24.32,0.0,53.62
2024-08-16,Phoenix,22.18,7.38,60.43
2024-08-17,Phoenix,27.46,1.7,45.83
2024-08-18,Phoenix,20.51,0.0,28.32
2024-08-19,Phoenix,23.96,4.54,28.38
2024-08-20,Phoenix,25.1,0.0,62.94
2024-08-21,Phoenix,26.43,6.48,54.63
2024-08-22,Phoenix,21.31,0.0,45.62
2024-08-23,Phoenix,22.57,0.0,57.37
2024-08-24,Phoenix,23.04,0.88,47.0
2024-08-25,Phoenix,23.12,4.21,38.19
2024-08-26,Phoenix,25.51,1.51,60.38
2024-08-27,Phoenix,24.01,3.17,79.06
2024-08-28,Phoenix,23.07,0.0,67.23
2024-08-29,Phoenix,20.12,2.54,59.34
2024-08-30,Phoenix,21.91,1.36,22.36
2024-08-31,Phoenix,21.14,2.46,63.2
2024-09-01,Phoenix,20.1,8.33,42.68
2024-09-02,Phoenix,24.01,4.14,47.08
2024-09-03,Phoenix,25.55,0.0,78.38
2024-09-04,Phoenix,23.92,0.0,87.85
2024-09-05,Phoenix,21.35,3.44,65.21
2024-09-06,Phoenix,21.51,6.05,75.87
2024-09-07,Phoenix,18.21,8.52,26.75
2024-09-08,Phoenix,23.71,7.63,38.18
2024-09-09,Phoenix,20.76,0.0,55.7
2024-09-10,Phoenix,20.91,5.9,86.21
2024-09-11,Phoenix,24.26,0.0,55.82
2024-09-12,Phoenix,18.05,0.0,79.3
2024-09-13,Phoenix,24.6,0.0,48.15
2024-09-14,Phoenix,21.27,3.4,43.81
2024-09-15,Phoenix,22.12,0.0,59.71
2024-09-16,Phoenix,22.32,2.03,51.27
2024-09-17,Phoenix,20.97,1.56,52.6
2024-09-18,Phoenix,20.64,9.99,71.22
2024-09-19,Phoenix,20.53,5.48,53.32
2024-09-20,Phoenix,23.44,3.85,57.85
2024-09-21,Phoenix,21.96,0.0,37.46
2024-09-22,Phoenix,18.65,2.71,94.65
2024-09-23,Phoenix,25.48,5.19,70.02
2024-09-24,Phoenix,17.4,0.0,44.24
2024-09-25,Phoenix,19.74,1.16,50.56
2024-09-26,Phoenix,17.02,5.74,38.55
2024-09-27,Phoenix,21.44,12.37,41.61
2024-09-28,Phoenix,15.9,0.57,82.02
2024-09-29,Phoenix,24.87,0.0,69.93
2024-09-30,Phoenix,20.02,1.47,100.0
2024-10-01,Phoenix,17.95,3.27,69.35
2024-10-02,Phoenix,23.13,2.49,66.16
2024-10-03,Phoenix,20.19,3.35,53.14
2024-10-04,Phoenix,22.22,0.15,67.54
2024-10-05,Phoenix,20.94,7.63,58.97
2024-10-06,Phoenix,17.46,8.31,41.89
2024-10-07,Phoenix,19.72,0.0,87.49
2024-10-08,Phoenix,16.78,17.69,81.12
2024-10-09,Phoenix,21.53,1.73,65.71
2024-10-10,Phoenix,22.15,5.23,71.11
2024-10-11,Phoenix,21.32,1.01,56.97
2024-10-12,Phoenix,20.78,7.67,71.87
2024-10-13,Phoenix,15.33,5.28,63.89
2024-10-14,Phoenix,21.21,0.06,82.48
2024-10-15,Phoenix,23.19,0.0,68.14
2024-10-16,Phoenix,19.4,0.0,47.47
2024-10-17,Phoenix,23.12,6.77,70.26
2024-10-18,Phoenix,22.89,4.58,47.17
2024-10-19,Phoenix,22.36,6.0,75.09
2024-10-20,Phoenix,23.93,5.54,67.03
2024-10-21,Phoenix,23.75,1.87,42.36
2024-10-22,Phoenix,21.35,0.0,46.5
2024-10-23,Phoenix,21.45,0.0,53.84
2024-10-24,Phoenix,18.02,3.07,60.02
2024-10-25,Phoenix,20.25,5.3,78.75
2024-10-26,Phoenix,18.74,0.0,44.62
2024-10-27,Phoenix,20.15,6.15,56.12
2024-10-28,Phoenix,21.58,0.0,72.71
2024-10-29,Phoenix,19.72,2.3,65.55
2024-10-30,Phoenix,25.0,0.0,10.0
2024-10-31,Phoenix,22.73,11.0,84.78
2024-11-01,Phoenix,22.87,0.0,76.14
2024-11-02,Phoenix,20.6,4.38,70.11
2024-11-03,Phoenix,24.76,15.8,67.85
2024-11-04,Phoenix,21.72,1.87,24.62
2024-11-05,Phoenix,21.45,0.0,49.52
2024-11-06,Phoenix,23.24,0.0,82.42
2024-11-07,Phoenix,23.04,1.95,53.44
2024-11-08,Phoenix,23.46,6.13,42.66
2024-11-09,Phoenix,21.94,0.48,33.08
2024-11-10,Phoenix,21.73,0.0,77.49
2024-11-11,Phoenix,24.01,2.97,77.02
2024-11-12,Phoenix,23.32,3.95,57.94
2024-11-13,Phoenix,24.25,0.0,11.22
2024-11-14,Phoenix,23.57,9.11,78.52
2024-11-15,Phoenix,25.89,8.18,61.77
2024-11-16,Phoenix,24.48,0.0,53.68
2024-11-17,Phoenix,25.44,8.02,57.21
2024-11-18,Phoenix,23.44,2.0,72.02
2024-11-19,Phoenix,21.58,0.0,48.99
2024-11-20,Phoenix,22.16,0.0,57.04
2024-11-21,Phoenix,23.83,9.26,66.53
2024-11-22,Phoenix,25.47,5.11,37.22
2024-11-23,Phoenix,27.08,1.62,73.41
2024-11-24,Phoenix,23.0,0.0,76.36
2024-11-25,Phoenix,26.04,0.0,42.61
2024-11-26,Phoenix,27.68,0.0,92.85
2024-11-27,Phoenix,23.77,5.19,53.43
2024-11-28,Phoenix,26.93,0.0,56.74
2024-11-29,Phoenix,25.95,0.0,74.82
2024-11-30,Phoenix,24.99,0.86,40.11
2024-12-01,Phoenix,21.04,1.04,100.0
2024-12-02,Phoenix,27.89,1.9,54.74
2024-12-03,Phoenix,26.52,4.74,36.38
2024-12-04,Phoenix,28.85,5.58,74.36
2024-12-05,Phoenix,27.66,2.1,73.46
2024-12-06,Phoenix,28.12,0.23,48.53
2024-12-07,Phoenix,27.3,9.75,35.22
2024-12-08,Phoenix,24.32,2.82,61.02
2024-12-09,Phoenix,27.76,3.22,55.54
2024-12-10,Phoenix,30.56,0.0,43.43
2024-12-11,Phoenix,27.53,0.0,56.48
2024-12-12,Phoenix,31.23,2.1,64.61
2024-12-13,Phoenix,25.55,0.0,52.5
2024-12-14,Phoenix,27.6,8.41,71.15
2024-12-15,Phoenix,26.18,3.23,69.96
2024-12-16,Phoenix,30.85,9.9,39.7
2024-12-17,Phoenix,27.11,0.0,55.32
2024-12-18,Phoenix,29.83,6.94,58.48
2024-12-19,Phoenix,28.43,2.76,43.3
2024-12-20,Phoenix,33.42,0.0,63.69
2024-12-21,Phoenix,33.46,2.03,56.2
2024-12-22,Phoenix,28.87,1.1,87.46
2024-12-23,Phoenix,25.33,9.67,31.52
2024-12-24,Phoenix,29.39,0.0,71.77
2024-12-25,Phoenix,26.9,4.31,100.0
2024-12-26,Phoenix,27.54,2.95,46.76
2024-12-27,Phoenix,31.29,2.1,47.17
2024-12-28,Phoenix,31.58,11.02,56.18
2024-12-29,Phoenix,32.22,0.0,40.87
2024-12-30,Phoenix,31.9,9.42,67.11
2024-01-01,Chicago,23.88,0.96,72.57
2024-01-02,Chicago,20.28,0.0,38.32
2024-01-03,Chicago,23.93,5.57,56.92
2024-01-04,Chicago,21.41,1.9,50.27
2024-01-05,Chicago,21.74,3.69,44.84
2024-01-06,Chicago,20.37,0.0,27.93
2024-01-07,Chicago,24.17,2.75,62.01
2024-01-08,Chicago,25.02,7.96,48.15
2024-01-09,Chicago,24.83,0.0,87.57
2024-01-10,Chicago,21.7,0.0,48.05
2024-01-11,Chicago,21.3,2.16,64.28
2024-01-12,Chicago,24.14,0.0,99.67
2024-01-13,Chicago,25.79,15.17,43.9
2024-01-14,Chicago,26.77,5.9,54.19
2024-01-15,Chicago,27.85,0.0,52.78
2024-01-16,Chicago,18.25,4.05,33.49
2024-01-17,Chicago,24.26,0.0,52.68
2024-01-18,Chicago,26.41,2.06,74.19
2024-01-19,Chicago,28.22,0.16,50.43
2024-01-20,Chicago,27.76,7.19,74.81
2024-01-21,Chicago,24.1,4.11,62.19
2024-01-22,Chicago,28.27,0.0,26.67
2024-01-23,Chicago,27.71,0.0,45.37
2024-01-24,Chicago,24.44,0.0,45.02
2024-01-25,Chicago,29.08,6.1,54.97
2024-01-26,Chicago,29.07,0.0,36.03
2024-01-27,Chicago,28.68,4.9,50.79
2024-01-28,Chicago,24.84,9.3,25.6
2024-01-29,Chicago,26.06,3.14,96.04
2024-01-30,Chicago,28.18,4.4,48.61
2024-01-31,Chicago,28.7,2.53,28.23
2024-02-01,Chicago,29.29,6.85,76.07
2024-02-02,Chicago,27.92,0.0,13.82
2024-02-03,Chicago,28.31,7.41,79.91
2024-02-04,Chicago,29.77,1.63,81.75
2024-02-05,Chicago,30.13,0.0,73.53
2024-02-06,Chicago,27.35,4.7,34.02
2024-02-07,Chicago,26.11,7.29,78.75
2024-02-08,Chicago,29.96,2.44,12.17
2024-02-09,Chicago,28.68,4.27,49.31
2024-02-10,Chicago,27.53,9.22,58.79
2024-02-11,Chicago,30.0,5.87,39.97
2024-02-12,Chicago,29.6,8.6,96.38
2024-02-13,Chicago,29.42,0.81,65.38
2024-02-14,Chicago,29.95,8.93,40.07
2024-02-15,Chicago,29.03,0.0,39.76
2024-02-16,Chicago,30.46,6.05,47.01
2024-02-17,Chicago,31.37,7.56,98.69
2024-02-18,Chicago,30.08,0.0,39.95
2024-02-19,Chicago,27.85,8.25,29.7
2024-02-20,Chicago,32.6,0.0,46.3
2024-02-21,Chicago,29.97,0.0,78.64
2024-02-22,Chicago,34.01,0.0,51.36
2024-02-23,Chicago,30.16,4.71,56.93
2024-02-24,Chicago,33.36,7.73,36.29
2024-02-25,Chicago,31.73,9.6,50.1
2024-02-26,Chicago,30.2,0.0,49.86
2024-02-27,Chicago,27.54,0.0,61.55
2024-02-28,Chicago,34.0,0.0,47.14
2024-02-29,Chicago,34.46,0.0,26.78
2024-03-01,Chicago,29.49,0.0,25.05
2024-03-02,Chicago,30.98,6.74,34.28
2024-03-03,Chicago,31.49,3.98,58.33
2024-03-04,Chicago,31.76,2.99,43.75
2024-03-05,Chicago,34.47,8.24,83.8
2024-03-06,Chicago,33.57,0.0,78.52
2024-03-07,Chicago,32.92,0.0,55.7
2024-03-08,Chicago,32.24,10.32,74.49
2024-03-09,Chicago,30.02,10.48,60.88
2024-03-10,Chicago,31.3,0.36,27.53
2024-03-11,Chicago,31.65,4.49,52.29
2024-03-12,Chicago,32.77,0.0,57.18
2024-03-13,Chicago,32.62,2.95,27.89
2024-03-14,Chicago,31.16,10.39,50.15
2024-03-15,Chicago,32.12,1.57,91.36
2024-03-16,Chicago,34.71,6.04,40.54
2024-03-17,Chicago,32.89,4.84,46.03
2024-03-18,Chicago,30.47,10.53,53.98
2024-03-19,Chicago,35.48,6.99,68.16
2024-03-20,Chicago,33.19,0.0,64.14
2024-03-21,Chicago,35.15,5.41,63.09
2024-03-22,Chicago,35.77,1.07,47.61
2024-03-23,Chicago,32.68,5.83,25.64
2024-03-24,Chicago,32.96,6.05,54.61
2024-03-25,Chicago,34.63,5.21,100.0
2024-03-26,Chicago,30.93,6.15,39.65
2024-03-27,Chicago,29.21,0.0,70.77
2024-03-28,Chicago,32.83,0.0,24.53
2024-03-29,Chicago,31.08,2.02,75.86
2024-03-30,Chicago,32.44,3.26,52.48
2024-03-31,Chicago,35.97,0.0,46.02
2024-04-01,Chicago,31.49,4.71,39.22
2024-04-02,Chicago,32.74,2.82,46.11
2024-04-03,Chicago,33.12,0.0,37.66
2024-04-04,Chicago,32.65,0.0,17.1
2024-04-05,Chicago,33.5,7.24,50.66
2024-04-06,Chicago,31.09,7.03,37.09
2024-04-07,Chicago,29.68,5.54,60.18
2024-04-08,Chicago,34.51,0.0,31.99
2024-04-09,Chicago,32.39,4.09,76.94
2024-04-10,Chicago,32.68,2.82,52.21
2024-04-11,Chicago,35.48,0.0,67.18
2024-04-12,Chicago,30.29,4.67,39.26
2024-04-13,Chicago,33.72,2.56,94.89
2024-04-14,Chicago,31.63,4.12,44.41
2024-04-15,Chicago,31.58,2.53,29.46
2024-04-16,Chicago,29.27,5.0,57.08
2024-04-17,Chicago,30.87,0.0,46.03
2024-04-18,Chicago,32.23,4.23,18.16
2024-04-19,Chicago,34.78,8.71,13.39
2024-04-20,Chicago,34.07,7.28,60.01
2024-04-21,Chicago,29.25,7.08,55.18
2024-04-22,Chicago,32.88,13.1,65.04
2024-04-23,Chicago,29.88,0.32,44.21
2024-04-24,Chicago,32.52,0.0,50.54
2024-04-25,Chicago,29.01,1.34,63.54
2024-04-26,Chicago,26.14,3.3,59.09
2024-04-27,Chicago,29.9,12.14,79.17
2024-04-28,Chicago,29.16,6.19,84.89
2024-04-29,Chicago,31.54,3.81,66.77
2024-04-30,Chicago,27.02,1.07,55.22
2024-05-01,Chicago,33.96,3.67,54.05
2024-05-02,Chicago,30.84,7.12,56.31
2024-05-03,Chicago,29.53,0.62,78.81
2024-05-04,Chicago,31.82,2.22,63.83
2024-05-05,Chicago,29.62,1.03,46.73
2024-05-06,Chicago,30.05,8.73,38.44
2024-05-07,Chicago,29.16,0.0,30.58
2024-05-08,Chicago,30.06,0.0,95.23
2024-05-09,Chicago,29.76,8.45,79.36
2024-05-10,Chicago,29.8,12.55,65.37
2024-05-11,Chicago,33.14,8.98,68.29
2024-05-12,Chicago,31.5,5.12,37.11
2024-05-13,Chicago,30.0,7.37,90.52
2024-05-14,Chicago,28.33,4.64,63.02
2024-05-15,Chicago,29.41,3.78,64.36
2024-05-16,Chicago,30.61,9.21,75.68
2024-05-17,Chicago,30.03,11.32,82.2
2024-05-18,Chicago,29.1,0.0,40.24
2024-05-19,Chicago,31.02,0.0,39.84
2024-05-20,Chicago,27.51,0.0,77.01
2024-05-21,Chicago,28.58,0.0,60.62
2024-05-22,Chicago,29.2,0.0,83.12
2024-05-23,Chicago,27.78,7.54,71.94
2024-05-24,Chicago,30.34,0.0,61.97
2024-05-25,Chicago,28.24,0.0,82.1
2024-05-26,Chicago,26.58,0.0,39.73
2024-05-27,Chicago,29.47,0.0,72.36
2024-05-28,Chicago,30.01,4.69,74.25
2024-05-29,Chicago,29.3,0.0,88.69
2024-05-30,Chicago,26.71,1.67,53.35
2024-05-31,Chicago,28.47,0.0,61.34
2024-06-01,Chicago,24.86,7.82,73.41
2024-06-02,Chicago,26.6,0.0,72.89
2024-06-03,Chicago,25.62,2.63,83.23
2024-06-04,Chicago,25.26,3.84,66.31
2024-06-05,Chicago,26.53,0.0,84.3
2024-06-06,Chicago,25.37,0.0,72.81
2024-06-07,Chicago,24.01,5.46,86.7
2024-06-08,Chicago,27.51,7.36,100.0
2024-06-09,Chicago,28.02,3.65,92.68
2024-06-10,Chicago,29.44,10.84,50.16
2024-06-11,Chicago,23.06,0.0,74.07
2024-06-12,Chicago,25.92,0.97,71.21
2024-06-13,Chicago,22.5,2.71,82.37
2024-06-14,Chicago,26.37,5.46,91.95
2024-06-15,Chicago,24.98,0.0,83.79
2024-06-16,Chicago,27.28,4.79,56.79
2024-06-17,Chicago,24.78,0.0,82.26
2024-06-18,Chicago,26.76,0.0,77.35
2024-06-19,Chicago,25.25,0.0,35.88
2024-06-20,Chicago,25.02,0.01,96.4
2024-06-21,Chicago,26.01,4.37,70.46
2024-06-22,Chicago,26.59,6.23,70.0
2024-06-23,Chicago,21.8,17.31,37.94
2024-06-24,Chicago,22.96,0.0,70.78
2024-06-25,Chicago,23.72,5.83,25.22
2024-06-26,Chicago,25.47,0.0,57.02
2024-06-27,Chicago,24.94,3.31,66.64
2024-06-28,Chicago,24.5,4.14,53.18
2024-06-29,Chicago,22.4,3.06,42.09
2024-06-30,Chicago,24.55,3.44,61.5
2024-07-01,Chicago,24.77,1.4,56.35
2024-07-02,Chicago,21.24,3.72,66.17
2024-07-03,Chicago,20.71,1.11,46.81
2024-07-04,Chicago,20.46,0.0,55.38
2024-07-05,Chicago,18.29,0.0,47.75
2024-07-06,Chicago,23.63,0.0,44.78
2024-07-07,Chicago,20.59,0.0,87.39
2024-07-08,Chicago,18.91,0.1,66.64
2024-07-09,Chicago,22.78,0.1,21.64
2024-07-10,Chicago,20.54,8.76,65.64
2024-07-11,Chicago,21.15,0.0,36.69
2024-07-12,Chicago,20.54,0.0,75.63
2024-07-13,Chicago,18.64,1.88,22.28
2024-07-14,Chicago,19.38,0.0,13.56
2024-07-15,Chicago,21.09,10.21,82.59
2024-07-16,Chicago,21.2,0.0,76.12
2024-07-17,Chicago,22.12,2.68,36.31
2024-07-18,Chicago,18.51,10.51,58.51
2024-07-19,Chicago,12.69,0.0,51.51
2024-07-20,Chicago,21.25,0.63,81.09
2024-07-21,Chicago,17.96,0.0,50.17
2024-07-22,Chicago,19.55,3.31,34.9
2024-07-23,Chicago,17.99,15.42,35.33
2024-07-24,Chicago,19.86,0.0,77.28
2024-07-25,Chicago,16.59,4.01,34.17
2024-07-26,Chicago,18.8,0.0,45.7
2024-07-27,Chicago,18.95,0.0,67.61
2024-07-28,Chicago,17.53,2.34,68.9
2024-07-29,Chicago,17.06,0.0,49.35
2024-07-30,Chicago,20.0,2.58,43.1
2024-07-31,Chicago,18.26,4.34,70.4
2024-08-01,Chicago,15.36,0.0,46.46
2024-08-02,Chicago,16.44,4.69,65.92
2024-08-03,Chicago,17.77,8.77,73.78
2024-08-04,Chicago,16.59,0.0,45.71
2024-08-05,Chicago,16.21,6.15,59.45
2024-08-06,Chicago,15.28,0.0,58.61
2024-08-07,Chicago,18.24,9.96,55.88
2024-08-08,Chicago,16.23,0.0,98.78
2024-08-09,Chicago,13.38,7.86,52.69
2024-08-10,Chicago,14.85,0.0,100.0
2024-08-11,Chicago,16.36,2.11,77.73
2024-08-12,Chicago,14.49,2.01,61.13
2024-08-13,Chicago,14.64,8.0,55.63
2024-08-14,Chicago,12.43,0.49,64.98
2024-08-15,Chicago,13.63,0.0,49.07
2024-08-16,Chicago,17.74,0.0,88.58
2024-08-17,Chicago,13.95,3.63,51.08
2024-08-18,Chicago,16.57,0.0,74.86
2024-08-19,Chicago,15.17,0.0,56.68
2024-08-20,Chicago,17.9,2.69,45.95
2024-08-21,Chicago,12.31,4.53,63.92
2024-08-22,Chicago,16.01,0.0,36.55
2024-08-23,Chicago,16.8,3.66,70.67
2024-08-24,Chicago,12.48,0.0,79.83
2024-08-25,Chicago,16.38,0.0,34.41
2024-08-26,Chicago,13.99,0.0,43.6
2024-08-27,Chicago,11.61,0.0,36.91
2024-08-28,Chicago,11.83,3.49,58.9
2024-08-29,Chicago,14.9,0.0,60.2
2024-08-30,Chicago,17.99,0.14,76.49
2024-08-31,Chicago,15.39,6.33,63.33
2024-09-01,Chicago,14.8,5.5,72.71
2024-09-02,Chicago,11.36,0.0,28.93
2024-09-03,Chicago,12.97,4.97,37.91
2024-09-04,Chicago,15.29,0.0,50.14
2024-09-05,Chicago,11.69,0.0,64.59
2024-09-06,Chicago,16.72,1.69,22.99
2024-09-07,Chicago,14.79,0.0,35.82
2024-09-08,Chicago,12.69,2.61,39.83
2024-09-09,Chicago,12.55,5.58,77.04
2024-09-10,Chicago,15.55,11.55,76.2
2024-09-11,Chicago,12.56,6.3,69.33
2024-09-12,Chicago,13.95,2.89,41.76
2024-09-13,Chicago,10.83,1.51,62.98
2024-09-14,Chicago,11.48,4.12,100.0
2024-09-15,Chicago,9.3,4.91,58.68
2024-09-16,Chicago,13.65,0.0,57.08
2024-09-17,Chicago,12.97,0.49,29.59
2024-09-18,Chicago,12.21,0.0,73.06
2024-09-19,Chicago,8.91,7.14,68.59
2024-09-20,Chicago,13.48,0.0,53.43
2024-09-21,Chicago,14.89,0.0,38.44
2024-09-22,Chicago,11.29,1.66,42.97
2024-09-23,Chicago,15.01,1.68,48.89
2024-09-24,Chicago,9.92,4.42,69.23
2024-09-25,Chicago,10.92,0.0,68.22
2024-09-26,Chicago,12.12,3.68,99.14
2024-09-27,Chicago,12.43,0.0,37.05
2024-09-28,Chicago,11.85,2.8,61.07
2024-09-29,Chicago,15.92,4.5,57.3
2024-09-30,Chicago,11.06,3.33,41.86
2024-10-01,Chicago,12.83,4.44,55.67
2024-10-02,Chicago,11.22,0.0,82.88
2024-10-03,Chicago,13.29,4.14,28.77
2024-10-04,Chicago,15.26,0.0,54.22
2024-10-05,Chicago,10.37,0.0,83.15
2024-10-06,Chicago,15.1,1.17,46.41
2024-10-07,Chicago,11.8,0.25,36.0
2024-10-08,Chicago,11.99,2.77,80.36
2024-10-09,Chicago,12.63,0.0,67.07
2024-10-10,Chicago,12.12,8.85,88.59
2024-10-11,Chicago,15.59,0.0,99.8
2024-10-12,Chicago,13.4,10.13,49.95
2024-10-13,Chicago,12.13,3.37,63.04
2024-10-14,Chicago,15.28,0.84,83.29
2024-10-15,Chicago,14.28,0.93,73.09
2024-10-16,Chicago,11.91,13.75,10.0
2024-10-17,Chicago,14.26,0.0,55.49
2024-10-18,Chicago,12.79,9.54,46.16
2024-10-19,Chicago,15.63,0.0,86.93
2024-10-20,Chicago,12.13,2.37,53.27
2024-10-21,Chicago,15.7,7.44,68.87
2024-10-22,Chicago,10.89,0.0,39.43
2024-10-23,Chicago,8.77,8.31,53.44
2024-10-24,Chicago,12.65,9.48,50.48
2024-10-25,Chicago,11.72,0.88,37.35
2024-10-26,Chicago,14.16,0.13,49.85
2024-10-27,Chicago,12.36,1.47,61.67
2024-10-28,Chicago,12.59,0.21,58.37
2024-10-29,Chicago,13.35,2.16,46.47
2024-10-30,Chicago,15.81,2.48,49.92
2024-10-31,Chicago,14.57,1.63,25.32
2024-11-01,Chicago,14.66,0.0,78.69
2024-11-02,Chicago,13.58,5.9,47.4
2024-11-03,Chicago,14.3,8.05,54.62
2024-11-04,Chicago,13.08,5.28,72.71
2024-11-05,Chicago,13.26,0.0,47.8
2024-11-06,Chicago,15.81,0.0,59.78
2024-11-07,Chicago,13.25,0.0,46.49
2024-11-08,Chicago,16.02,0.0,65.04
2024-11-09,Chicago,12.41,5.04,74.29
2024-11-10,Chicago,14.55,1.15,43.87
2024-11-11,Chicago,12.31,10.49,42.7
2024-11-12,Chicago,18.25,0.0,70.5
2024-11-13,Chicago,12.96,4.62,53.49
2024-11-14,Chicago,14.73,5.05,50.62
2024-11-15,Chicago,12.62,5.81,37.08
2024-11-16,Chicago,16.63,6.86,52.49
2024-11-17,Chicago,18.09,4.41,46.08
2024-11-18,Chicago,18.66,0.0,52.47
2024-11-19,Chicago,15.57,5.03,82.31
2024-11-20,Chicago,18.22,3.12,54.39
2024-11-21,Chicago,12.6,0.0,95.33
2024-11-22,Chicago,12.72,0.0,82.89
2024-11-23,Chicago,16.94,6.64,70.86
2024-11-24,Chicago,19.6,3.48,73.27
2024-11-25,Chicago,15.36,4.93,52.08
2024-11-26,Chicago,16.04,6.47,78.03
2024-11-27,Chicago,20.47,10.12,78.35
2024-11-28,Chicago,13.8,11.14,78.36
2024-11-29,Chicago,15.85,5.64,39.25
2024-11-30,Chicago,18.77,0.0,43.84
2024-12-01,Chicago,19.1,7.36,66.51
2024-12-02,Chicago,17.26,0.0,55.82
2024-12-03,Chicago,19.06,0.42,59.55
2024-12-04,Chicago,17.77,0.39,61.52
2024-12-05,Chicago,17.76,9.22,15.87
2024-12-06,Chicago,17.37,0.0,64.38
2024-12-07,Chicago,18.77,10.11,99.02
2024-12-08,Chicago,17.23,2.0,63.93
2024-12-09,Chicago,17.34,5.14,55.21
2024-12-10,Chicago,16.96,0.6,40.05
2024-12-11,Chicago,21.33,11.51,64.9
2024-12-12,Chicago,19.65,2.76,83.64
2024-12-13,Chicago,21.91,1.42,65.05
2024-12-14,Chicago,21.06,0.0,84.25
2024-12-15,Chicago,23.39,7.83,35.09
2024-12-16,Chicago,16.15,5.54,44.8
2024-12-17,Chicago,20.83,9.68,46.86
2024-12-18,Chicago,19.67,3.38,34.05
2024-12-19,Chicago,19.07,2.12,53.99
2024-12-20,Chicago,21.98,15.83,61.98
2024-12-21,Chicago,19.25,9.09,28.22
2024-12-22,Chicago,18.32,0.0,54.34
2024-12-23,Chicago,20.03,1.84,65.49
2024-12-24,Chicago,23.58,2.46,48.76
2024-12-25,Chicago,23.64,0.0,27.35
2024-12-26,Chicago,24.2,7.71,44.15
2024-12-27,Chicago,21.16,0.0,66.53
2024-12-28,Chicago,25.59,5.51,80.71
2024-12-29,Chicago,23.94,2.0,81.67
2024-12-30,Chicago,23.96,9.2,50.81
2024-01-01,Miami,22.12,0.19,68.33
2024-01-02,Miami,25.66,0.0,82.44
2024-01-03,Miami,30.58,2.98,41.92
2024-01-04,Miami,23.02,3.29,82.08
2024-01-05,Miami,27.24,1.99,48.21
2024-01-06,Miami,24.27,6.17,78.28
2024-01-07,Miami,23.54,9.95,71.48
2024-01-08,Miami,29.6,0.0,32.68
2024-01-09,Miami,26.67,4.51,95.93
2024-01-10,Miami,28.55,0.79,39.47
2024-01-11,Miami,29.77,0.0,92.57
2024-01-12,Miami,26.91,9.95,73.58
2024-01-13,Miami,27.37,0.0,53.18
2024-01-14,Miami,28.67,2.39,48.12
2024-01-15,Miami,27.65,2.39,17.43
2024-01-16,Miami,29.06,0.0,36.93
2024-01-17,Miami,24.94,0.0,32.89
2024-01-18,Miami,27.06,11.77,49.48
2024-01-19,Miami,29.0,4.0,62.62
2024-01-20,Miami,28.65,0.0,89.02
2024-01-21,Miami,32.58,0.0,39.52
2024-01-22,Miami,28.57,0.0,70.12
2024-01-23,Miami,27.83,12.83,83.81
2024-01-24,Miami,29.87,7.13,82.12
2024-01-25,Miami,28.47,0.0,61.56
2024-01-26,Miami,31.48,2.7,28.46
2024-01-27,Miami,28.3,1.63,58.49
2024-01-28,Miami,34.01,0.0,70.11
2024-01-29,Miami,33.19,13.36,51.91
2024-01-30,Miami,31.35,4.85,63.91
2024-01-31,Miami,30.32,4.18,10.0
2024-02-01,Miami,32.03,2.63,55.55
2024-02-02,Miami,34.9,0.0,51.94
2024-02-03,Miami,34.94,0.0,49.0
2024-02-04,Miami,30.8,6.2,64.16
2024-02-05,Miami,28.65,0.0,47.85
2024-02-06,Miami,31.22,4.13,68.36
2024-02-07,Miami,27.96,7.32,65.05
2024-02-08,Miami,34.42,4.22,82.03
2024-02-09,Miami,32.72,8.73,70.45
2024-02-10,Miami,31.72,13.36,77.78
2024-02-11,Miami,33.19,0.0,34.23
2024-02-12,Miami,32.76,2.73,47.72
2024-02-13,Miami,32.58,9.94,73.91
2024-02-14,Miami,30.14,1.44,43.9
2024-02-15,Miami,31.77,0.0,50.45
2024-02-16,Miami,30.15,1.36,48.79
2024-02-17,Miami,26.92,12.26,81.78
2024-02-18,Miami,32.14,2.09,36.57
2024-02-19,Miami,36.4,11.49,63.13
2024-02-20,Miami,35.17,2.88,33.27
2024-02-21,Miami,32.41,2.66,50.91
2024-02-22,Miami,32.9,1.54,58.38
2024-02-23,Miami,33.55,0.0,45.66
2024-02-24,Miami,30.97,6.89,17.89
2024-02-25,Miami,35.95,8.93,53.96
2024-02-26,Miami,28.53,0.19,58.72
2024-02-27,Miami,31.81,0.0,90.6
2024-02-28,Miami,35.26,0.0,28.05
2024-02-29,Miami,33.36,0.93,69.92
2024-03-01,Miami,33.03,4.56,98.7
2024-03-02,Miami,35.82,1.76,56.34
2024-03-03,Miami,33.55,7.9,47.45
2024-03-04,Miami,34.44,2.26,49.96
2024-03-05,Miami,31.68,3.61,58.78
2024-03-06,Miami,35.5,0.0,84.42
2024-03-07,Miami,32.82,10.56,25.05
2024-03-08,Miami,35.51,4.38,44.09
2024-03-09,Miami,35.55,8.4,15.66
2024-03-10,Miami,35.77,0.0,40.69
2024-03-11,Miami,38.08,0.0,36.52
2024-03-12,Miami,34.49,12.34,23.37
2024-03-13,Miami,32.84,9.49,97.15
2024-03-14,Miami,34.78,0.0,100.0
2024-03-15,Miami,38.23,5.39,43.75
2024-03-16,Miami,34.99,1.2,66.62
2024-03-17,Miami,38.03,6.4,38.45
2024-03-18,Miami,37.92,3.57,73.74
2024-03-19,Miami,38.14,0.0,59.28
2024-03-20,Miami,34.18,0.0,66.93
2024-03-21,Miami,40.3,0.0,59.35
2024-03-22,Miami,36.58,2.62,57.74
2024-03-23,Miami,32.73,3.16,44.86
2024-03-24,Miami,30.97,7.97,79.17
2024-03-25,Miami,35.47,3.15,81.49
2024-03-26,Miami,35.84,6.52,54.05
2024-03-27,Miami,38.02,3.6,63.88
2024-03-28,Miami,32.87,3.43,43.36
2024-03-29,Miami,34.14,0.0,38.68
2024-03-30,Miami,39.67,8.66,98.41
2024-03-31,Miami,32.98,2.36,34.13
2024-04-01,Miami,34.04,0.0,84.79
2024-04-02,Miami,34.63,7.34,72.08
2024-04-03,Miami,40.02,0.0,85.18
2024-04-04,Miami,37.7,0.0,80.14
2024-04-05,Miami,36.07,0.86,43.52
2024-04-06,Miami,33.94,12.25,60.01
2024-04-07,Miami,36.92,0.0,44.4
2024-04-08,Miami,37.5,0.0,51.7
2024-04-09,Miami,35.38,2.56,56.42
2024-04-10,Miami,36.08,5.46,74.69
2024-04-11,Miami,33.29,0.58,83.9
2024-04-12,Miami,37.01,0.0,67.03
2024-04-13,Miami,31.23,2.23,97.96
2024-04-14,Miami,33.25,0.0,75.28
2024-04-15,Miami,32.02,0.0,71.93
2024-04-16,Miami,33.79,0.82,74.88
2024-04-17,Miami,35.86,3.33,53.22
2024-04-18,Miami,35.7,1.38,69.16
2024-04-19,Miami,33.92,1.09,40.2
2024-04-20,Miami,34.79,0.0,37.72
2024-04-21,Miami,35.31,3.06,75.66
2024-04-22,Miami,33.87,4.04,71.02
2024-04-23,Miami,35.56,0.0,62.99
2024-04-24,Miami,35.33,2.04,18.27
2024-04-25,Miami,34.85,13.06,52.8
2024-04-26,Miami,33.01,3.87,66.25
2024-04-27,Miami,36.77,0.0,74.63
2024-04-28,Miami,35.49,1.29,66.77
2024-04-29,Miami,36.29,6.36,37.14
2024-04-30,Miami,35.79,1.68,61.46
2024-05-01,Miami,34.21,1.25,83.83
2024-05-02,Miami,33.8,0.0,52.13
2024-05-03,Miami,34.24,8.15,72.06
2024-05-04,Miami,32.09,14.43,65.3
2024-05-05,Miami,36.24,1.24,70.67
2024-05-06,Miami,35.27,8.09,81.15
2024-05-07,Miami,35.24,0.42,48.57
2024-05-08,Miami,34.05,6.67,55.55
2024-05-09,Miami,35.41,9.26,41.67
2024-05-10,Miami,31.5,1.3,66.15
2024-05-11,Miami,32.02,8.76,68.48
2024-05-12,Miami,33.03,0.0,33.68
2024-05-13,Miami,33.4,0.0,80.25
2024-05-14,Miami,32.41,18.22,100.0
2024-05-15,Miami,32.24,1.47,79.91
2024-05-16,Miami,35.89,0.0,24.27
2024-05-17,Miami,31.12,4.91,69.94
2024-05-18,Miami,34.37,0.0,13.68
2024-05-19,Miami,33.82,0.0,19.63
2024-05-20,Miami,32.27,5.97,57.56
2024-05-21,Miami,30.93,1.2,52.59
2024-05-22,Miami,29.02,0.0,70.43
2024-05-23,Miami,32.22,2.84,40.1
2024-05-24,Miami,31.08,0.0,63.57
2024-05-25,Miami,34.16,0.0,48.28
2024-05-26,Miami,31.82,8.26,51.04
2024-05-27,Miami,29.64,0.0,62.07
2024-05-28,Miami,34.96,3.39,59.55
2024-05-29,Miami,31.38,1.94,43.74
2024-05-30,Miami,32.23,3.13,60.35
2024-05-31,Miami,28.49,8.52,73.29
2024-06-01,Miami,29.18,7.01,50.05
2024-06-02,Miami,28.58,0.0,24.58
2024-06-03,Miami,30.93,0.0,35.43
2024-06-04,Miami,25.68,1.57,56.99
2024-06-05,Miami,29.02,0.0,36.56
2024-06-06,Miami,30.45,0.0,66.33
2024-06-07,Miami,27.59,2.91,86.07
2024-06-08,Miami,30.38,0.0,65.14
2024-06-09,Miami,28.56,2.04,53.49
2024-06-10,Miami,28.56,3.06,40.13
2024-06-11,Miami,26.69,0.0,27.99
2024-06-12,Miami,26.12,2.8,42.14
2024-06-13,Miami,29.42,2.17,20.63
2024-06-14,Miami,29.54,6.05,40.12
2024-06-15,Miami,28.9,0.0,61.95
2024-06-16,Miami,25.37,0.0,52.34
2024-06-17,Miami,27.48,0.01,36.32
2024-06-18,Miami,26.76,3.35,59.1
2024-06-19,Miami,27.76,0.0,83.43
2024-06-20,Miami,24.87,4.44,83.64
2024-06-21,Miami,28.02,0.99,49.43
2024-06-22,Miami,28.96,0.0,40.6
2024-06-23,Miami,25.92,8.19,67.6
2024-06-24,Miami,24.61,0.45,47.71
2024-06-25,Miami,24.95,6.89,32.57
2024-06-26,Miami,29.42,6.14,81.82
2024-06-27,Miami,25.1,1.25,31.34
2024-06-28,Miami,24.81,4.47,85.92
2024-06-29,Miami,23.47,0.17,56.97
2024-06-30,Miami,22.72,4.96,45.52
2024-07-01,Miami,24.95,0.0,44.21
2024-07-02,Miami,25.16,0.92,52.56
2024-07-03,Miami,23.54,3.6,93.07
2024-07-04,Miami,25.11,6.98,32.2
2024-07-05,Miami,24.97,0.0,30.46
2024-07-06,Miami,23.0,7.96,79.0
2024-07-07,Miami,24.8,0.0,56.07
2024-07-08,Miami,24.74,2.88,23.12
2024-07-09,Miami,22.19,1.68,70.73
2024-07-10,Miami,19.41,1.19,62.86
2024-07-11,Miami,25.33,5.46,71.65
2024-07-12,Miami,21.86,0.0,52.14
2024-07-13,Miami,25.3,8.97,74.21
2024-07-14,Miami,23.98,3.9,48.88
2024-07-15,Miami,22.7,10.35,41.15
2024-07-16,Miami,26.02,0.39,86.51
2024-07-17,Miami,19.81,4.93,45.26
2024-07-18,Miami,19.63,3.09,80.19
2024-07-19,Miami,20.61,0.0,58.16
2024-07-20,Miami,21.96,4.74,78.99
2024-07-21,Miami,21.85,11.28,64.48
2024-07-22,Miami,21.12,0.0,54.75
2024-07-23,Miami,20.98,6.8,69.25
2024-07-24,Miami,19.13,2.86,73.43
2024-07-25,Miami,24.39,6.44,75.22
2024-07-26,Miami,21.3,3.94,84.99
2024-07-27,Miami,18.36,0.25,44.55
2024-07-28,Miami,21.63,8.15,48.06
2024-07-29,Miami,15.94,0.0,78.27
2024-07-30,Miami,21.64,4.14,54.4
2024-07-31,Miami,17.86,4.58,43.31
2024-08-01,Miami,24.64,4.85,48.39
2024-08-02,Miami,18.9,1.54,55.21
2024-08-03,Miami,22.21,2.93,45.37
2024-08-04,Miami,23.61,2.25,75.38
2024-08-05,Miami,18.47,3.82,66.22
2024-08-06,Miami,15.77,12.08,85.81
2024-08-07,Miami,18.62,0.0,66.95
2024-08-08,Miami,19.45,3.78,63.83
2024-08-09,Miami,20.15,9.24,71.36
2024-08-10,Miami,16.91,8.81,92.81
2024-08-11,Miami,25.18,0.0,64.86
2024-08-12,Miami,14.58,4.77,49.04
2024-08-13,Miami,22.47,0.0,26.22
2024-08-14,Miami,17.55,0.0,75.02
2024-08-15,Miami,14.24,2.14,18.44
2024-08-16,Miami,17.61,10.22,67.21
2024-08-17,Miami,16.41,1.84,60.36
2024-08-18,Miami,18.96,0.0,71.85
2024-08-19,Miami,12.49,0.0,50.23
2024-08-20,Miami,19.06,2.11,31.89
2024-08-21,Miami,15.71,2.99,58.42
2024-08-22,Miami,16.41,0.0,73.92
2024-08-23,Miami,16.43,1.56,100.0
2024-08-24,Miami,14.52,0.0,75.67
2024-08-25,Miami,15.9,0.41,44.38
2024-08-26,Miami,16.64,9.99,76.04
2024-08-27,Miami,18.79,0.0,36.98
2024-08-28,Miami,11.3,0.0,79.13
2024-08-29,Miami,17.92,0.89,59.55
2024-08-30,Miami,15.42,3.02,75.32
2024-08-31,Miami,13.48,3.5,78.65
2024-09-01,Miami,15.8,5.5,100.0
2024-09-02,Miami,16.34,3.97,45.24
2024-09-03,Miami,16.83,4.3,63.9
2024-09-04,Miami,14.35,3.03,89.24
2024-09-05,Miami,17.22,6.81,55.26
2024-09-06,Miami,17.75,3.4,40.98
2024-09-07,Miami,16.82,0.0,47.34
2024-09-08,Miami,16.5,3.49,36.22
2024-09-09,Miami,18.17,4.86,45.91
2024-09-10,Miami,12.92,1.28,51.08
2024-09-11,Miami,16.17,0.18,19.85
2024-09-12,Miami,15.11,0.47,72.67
2024-09-13,Miami,14.44,10.39,21.77
2024-09-14,Miami,18.42,0.88,77.19
2024-09-15,Miami,15.91,7.7,52.25
2024-09-16,Miami,13.51,9.1,57.73
2024-09-17,Miami,16.11,8.17,39.36
2024-09-18,Miami,16.82,0.0,57.36
2024-09-19,Miami,15.74,0.0,44.42
2024-09-20,Miami,18.27,6.43,58.75
2024-09-21,Miami,16.03,0.53,87.13
2024-09-22,Miami,15.12,3.16,82.92
2024-09-23,Miami,13.94,9.79,29.39
2024-09-24,Miami,18.74,0.14,55.15
2024-09-25,Miami,11.68,0.0,39.2
2024-09-26,Miami,14.23,1.31,79.16
2024-09-27,Miami,15.85,3.54,38.09
2024-09-28,Miami,13.67,10.99,45.3
2024-09-29,Miami,18.74,0.78,60.05
2024-09-30,Miami,17.57,8.36,57.78
2024-10-01,Miami,14.65,1.72,66.76
2024-10-02,Miami,17.22,2.02,72.38
2024-10-03,Miami,18.72,3.91,66.23
2024-10-04,Miami,12.42,0.0,67.77
2024-10-05,Miami,15.28,0.0,64.87
2024-10-06,Miami,15.36,7.64,61.72
2024-10-07,Miami,14.01,6.95,55.66
2024-10-08,Miami,16.58,0.0,47.0
2024-10-09,Miami,15.72,2.06,69.6
2024-10-10,Miami,15.05,0.0,51.34
2024-10-11,Miami,17.2,0.51,55.07
2024-10-12,Miami,17.62,0.0,29.14
2024-10-13,Miami,15.37,0.0,40.68
2024-10-14,Miami,15.38,4.46,59.81
2024-10-15,Miami,16.38,11.07,53.14
2024-10-16,Miami,16.37,0.0,43.07
2024-10-17,Miami,14.7,0.0,67.19
2024-10-18,Miami,20.62,0.0,51.67
2024-10-19,Miami,15.85,3.98,65.27
2024-10-20,Miami,18.6,0.0,12.26
2024-10-21,Miami,15.1,7.49,28.69
2024-10-22,Miami,10.14,4.86,64.87
2024-10-23,Miami,14.04,0.0,40.61
2024-10-24,Miami,16.51,0.0,69.88
2024-10-25,Miami,10.65,0.0,37.48
2024-10-26,Miami,15.92,0.0,75.96
2024-10-27,Miami,12.79,2.23,71.17
2024-10-28,Miami,20.3,0.0,66.49
2024-10-29,Miami,13.06,0.0,76.9
2024-10-30,Miami,16.74,7.89,32.53
2024-10-31,Miami,17.88,11.34,68.39
2024-11-01,Miami,17.48,2.04,28.58
2024-11-02,Miami,19.73,0.0,70.09
2024-11-03,Miami,13.99,0.0,88.7
2024-11-04,Miami,16.52,9.27,58.44
2024-11-05,Miami,13.63,6.46,48.2
2024-11-06,Miami,18.81,2.13,29.14
2024-11-07,Miami,17.85,12.98,69.86
2024-11-08,Miami,17.51,7.38,64.21
2024-11-09,Miami,18.15,0.0,64.68
2024-11-10,Miami,19.92,0.0,88.49
2024-11-11,Miami,17.77,0.0,79.95
2024-11-12,Miami,17.5,5.8,54.16
2024-11-13,Miami,18.07,4.47,65.82
2024-11-14,Miami,14.32,0.0,78.59
2024-11-15,Miami,18.17,0.0,32.83
2024-11-16,Miami,16.4,0.0,57.97
2024-11-17,Miami,17.49,0.0,58.64
2024-11-18,Miami,19.54,12.47,29.76
2024-11-19,Miami,21.26,6.87,44.42
2024-11-20,Miami,19.48,0.0,63.71
2024-11-21,Miami,22.23,5.03,70.17
2024-11-22,Miami,18.48,0.0,55.83
2024-11-23,Miami,21.89,0.0,38.9
2024-11-24,Miami,19.87,0.0,44.15
2024-11-25,Miami,18.91,0.0,40.52
2024-11-26,Miami,21.31,0.0,28.04
2024-11-27,Miami,18.79,5.66,56.06
2024-11-28,Miami,19.26,2.22,25.09
2024-11-29,Miami,21.33,3.92,51.81
2024-11-30,Miami,22.5,0.0,82.56
2024-12-01,Miami,20.95,0.32,59.6
2024-12-02,Miami,20.58,8.1,38.47
2024-12-03,Miami,19.42,7.18,48.09
2024-12-04,Miami,22.9,10.5,51.96
2024-12-05,Miami,22.62,0.0,75.09
2024-12-06,Miami,21.81,4.37,47.09
2024-12-07,Miami,18.25,4.52,18.73
2024-12-08,Miami,21.1,6.71,63.84
2024-12-09,Miami,25.79,7.13,46.92
2024-12-10,Miami,22.11,1.76,28.36
2024-12-11,Miami,20.33,0.0,19.28
2024-12-12,Miami,22.47,0.75,26.54
2024-12-13,Miami,23.35,5.58,64.54
2024-12-14,Miami,22.06,4.96,73.6
2024-12-15,Miami,23.49,0.0,65.53
2024-12-16,Miami,25.43,0.0,100.0
2024-12-17,Miami,22.16,2.16,46.55
2024-12-18,Miami,23.82,0.0,49.08
2024-12-19,Miami,21.36,2.68,79.89
2024-12-20,Miami,25.01,0.0,100.0
2024-12-21,Miami,24.48,0.0,63.14
2024-12-22,Miami,24.41,0.0,63.96
2024-12-23,Miami,23.01,0.0,46.27
2024-12-24,Miami,21.53,2.73,71.71
2024-12-25,Miami,25.6,6.1,66.49
2024-12-26,Miami,23.67,6.2,32.85
2024-12-27,Miami,23.11,0.0,81.6
2024-12-28,Miami,26.97,4.44,81.44
2024-12-29,Miami,23.5,3.74,57.5
2024-12-30,Miami,27.12,1.42,52.3
2024-01-01,Seattle,30.09,11.24,57.91
2024-01-02,Seattle,29.73,5.88,58.88
2024-01-03,Seattle,28.4,7.2,45.06
2024-01-04,Seattle,31.43,1.66,64.6
2024-01-05,Seattle,27.14,0.32,82.5
2024-01-06,Seattle,34.22,0.0,78.41
2024-01-07,Seattle,30.34,0.13,53.56
2024-01-08,Seattle,32.25,7.01,65.29
2024-01-09,Seattle,31.95,6.84,43.95
2024-01-10,Seattle,32.22,6.98,70.59
2024-01-11,Seattle,31.61,0.0,66.22
2024-01-12,Seattle,29.55,0.94,83.58
2024-01-13,Seattle,34.07,0.0,64.01
2024-01-14,Seattle,32.41,0.0,66.7
2024-01-15,Seattle,32.23,0.0,62.48
2024-01-16,Seattle,32.13,2.48,48.13
2024-01-17,Seattle,32.47,6.96,81.89
2024-01-18,Seattle,30.29,5.74,87.97
2024-01-19,Seattle,36.99,4.6,38.85
2024-01-20,Seattle,35.29,0.0,53.14
2024-01-21,Seattle,34.96,0.0,37.07
2024-01-22,Seattle,35.29,11.34,84.86
2024-01-23,Seattle,35.93,6.9,72.75
2024-01-24,Seattle,35.57,6.49,32.63
2024-01-25,Seattle,35.23,1.6,61.58
2024-01-26,Seattle,34.06,4.6,43.64
2024-01-27,Seattle,34.07,0.0,77.28
2024-01-28,Seattle,35.27,0.0,52.53
2024-01-29,Seattle,35.45,10.11,35.27
2024-01-30,Seattle,36.95,4.36,42.34
2024-01-31,Seattle,38.68,4.7,49.85
2024-02-01,Seattle,32.18,3.15,59.11
2024-02-02,Seattle,33.98,0.0,77.37
2024-02-03,Seattle,32.27,3.57,56.25
2024-02-04,Seattle,37.32,0.53,65.87
2024-02-05,Seattle,34.98,1.75,69.78
2024-02-06,Seattle,36.91,3.9,41.44
2024-02-07,Seattle,35.56,0.0,54.47
2024-02-08,Seattle,39.6,0.23,37.13
2024-02-09,Seattle,38.1,8.73,34.78
2024-02-10,Seattle,41.09,4.08,80.68
2024-02-11,Seattle,40.21,6.86,57.79
2024-02-12,Seattle,39.84,3.27,81.81
2024-02-13,Seattle,39.93,0.0,75.89
2024-02-14,Seattle,37.29,2.69,62.54
2024-02-15,Seattle,37.95,9.62,32.67
2024-02-16,Seattle,34.45,0.0,81.38
2024-02-17,Seattle,36.47,2.66,57.71
2024-02-18,Seattle,36.36,6.26,57.45
2024-02-19,Seattle,37.77,3.16,74.42
2024-02-20,Seattle,36.44,6.36,89.0
2024-02-21,Seattle,35.61,3.39,53.9
2024-02-22,Seattle,39.97,0.0,92.58
2024-02-23,Seattle,35.46,0.78,68.69
2024-02-24,Seattle,37.4,0.0,64.44
2024-02-25,Seattle,39.03,2.03,77.17
2024-02-26,Seattle,38.18,3.6,49.87
2024-02-27,Seattle,37.37,0.58,50.02
2024-02-28,Seattle,38.26,7.83,54.92
2024-02-29,Seattle,37.92,2.14,62.08
2024-03-01,Seattle,36.96,0.51,53.23
2024-03-02,Seattle,39.07,5.63,62.73
2024-03-03,Seattle,41.96,1.94,95.52
2024-03-04,Seattle,38.66,0.0,70.95
2024-03-05,Seattle,42.38,0.0,56.06
2024-03-06,Seattle,38.51,2.71,60.2
2024-03-07,Seattle,42.49,1.46,87.5
2024-03-08,Seattle,39.24,6.63,64.57
2024-03-09,Seattle,43.39,0.0,36.72
2024-03-10,Seattle,43.66,0.0,46.6
2024-03-11,Seattle,38.31,7.74,34.93
2024-03-12,Seattle,40.16,0.67,80.73
2024-03-13,Seattle,39.04,4.08,36.58
2024-03-14,Seattle,44.77,0.8,60.18
2024-03-15,Seattle,43.58,0.0,93.35
2024-03-16,Seattle,39.49,5.36,48.55
2024-03-17,Seattle,37.65,4.07,72.8
2024-03-18,Seattle,37.77,0.46,84.02
2024-03-19,Seattle,41.64,0.02,48.05
2024-03-20,Seattle,44.37,0.0,58.82
2024-03-21,Seattle,37.58,8.57,59.86
2024-03-22,Seattle,40.89,15.84,48.13
2024-03-23,Seattle,44.06,0.05,55.33
2024-03-24,Seattle,45.86,1.19,32.51
2024-03-25,Seattle,41.17,1.14,67.34
2024-03-26,Seattle,40.35,13.08,71.13
2024-03-27,Seattle,38.48,2.62,44.01
2024-03-28,Seattle,40.15,0.0,100.0
2024-03-29,Seattle,39.27,5.44,53.53
2024-03-30,Seattle,38.34,2.99,68.01
2024-03-31,Seattle,41.78,0.0,35.3
2024-04-01,Seattle,42.57,0.0,64.06
2024-04-02,Seattle,38.14,5.66,78.63
2024-04-03,Seattle,42.11,7.16,91.28
2024-04-04,Seattle,38.29,0.0,77.95
2024-04-05,Seattle,42.89,0.0,45.12
2024-04-06,Seattle,39.31,0.0,34.57
2024-04-07,Seattle,38.1,0.53,65.42
2024-04-08,Seattle,41.44,0.0,50.32
2024-04-09,Seattle,40.79,0.0,79.19
2024-04-10,Seattle,43.09,0.0,52.03
2024-04-11,Seattle,42.98,1.38,71.76
2024-04-12,Seattle,40.27,9.78,69.8
2024-04-13,Seattle,41.52,4.83,48.9
2024-04-14,Seattle,39.45,5.85,62.53
2024-04-15,Seattle,37.98,11.37,79.56
2024-04-16,Seattle,40.37,0.63,63.97
2024-04-17,Seattle,41.28,0.0,100.0
2024-04-18,Seattle,38.62,1.99,60.7
2024-04-19,Seattle,44.14,1.56,91.77
2024-04-20,Seattle,40.9,0.0,62.69
2024-04-21,Seattle,39.79,0.0,67.15
2024-04-22,Seattle,40.01,4.78,63.87
2024-04-23,Seattle,38.6,5.84,47.51
2024-04-24,Seattle,33.64,2.64,48.92
2024-04-25,Seattle,40.53,11.99,100.0
2024-04-26,Seattle,39.36,0.0,71.69
2024-04-27,Seattle,38.88,3.96,46.78
2024-04-28,Seattle,40.04,0.0,83.69
2024-04-29,Seattle,38.28,5.31,34.7
2024-04-30,Seattle,40.94,0.0,65.22
2024-05-01,Seattle,41.34,1.0,39.42
2024-05-02,Seattle,40.2,0.0,51.92
2024-05-03,Seattle,39.64,8.8,60.53
2024-05-04,Seattle,39.06,5.69,61.01
2024-05-05,Seattle,40.19,7.39,53.45
2024-05-06,Seattle,32.28,0.0,84.17
2024-05-07,Seattle,38.66,0.3,83.34
2024-05-08,Seattle,38.42,0.0,29.89
2024-05-09,Seattle,39.35,1.67,89.09
2024-05-10,Seattle,36.94,0.45,42.31
2024-05-11,Seattle,37.26,0.0,52.29
2024-05-12,Seattle,38.08,1.32,100.0
2024-05-13,Seattle,41.74,0.0,19.12
2024-05-14,Seattle,37.76,3.88,42.79
2024-05-15,Seattle,36.21,9.91,54.85
2024-05-16,Seattle,39.04,0.0,58.86
2024-05-17,Seattle,36.92,0.0,83.11
2024-05-18,Seattle,34.69,3.5,52.9
2024-05-19,Seattle,38.17,0.29,77.34
2024-05-20,Seattle,35.33,7.79,59.42
2024-05-21,Seattle,34.42,5.4,56.02
2024-05-22,Seattle,33.53,3.66,80.13
2024-05-23,Seattle,39.38,0.11,62.91
2024-05-24,Seattle,36.78,9.45,43.79
2024-05-25,Seattle,35.61,0.0,31.02
2024-05-26,Seattle,36.89,10.01,56.03
2024-05-27,Seattle,34.49,2.93,71.78
2024-05-28,Seattle,35.8,9.02,43.75
2024-05-29,Seattle,35.39,3.48,67.86
2024-05-30,Seattle,35.91,0.0,100.0
2024-05-31,Seattle,35.2,2.55,72.34
2024-06-01,Seattle,34.25,2.28,46.46
2024-06-02,Seattle,36.2,0.62,65.37
2024-06-03,Seattle,33.13,0.0,32.7
2024-06-04,Seattle,33.64,0.0,53.86
2024-06-05,Seattle,33.84,2.75,60.89
2024-06-06,Seattle,37.27,14.97,82.75
2024-06-07,Seattle,33.69,0.0,77.37
2024-06-08,Seattle,31.07,0.42,55.24
2024-06-09,Seattle,35.45,5.07,45.11
2024-06-10,Seattle,33.29,4.23,44.02
2024-06-11,Seattle,36.37,5.05,63.43
2024-06-12,Seattle,34.57,0.0,47.47
2024-06-13,Seattle,32.78,4.5,64.02
2024-06-14,Seattle,32.62,5.75,56.52
2024-06-15,Seattle,31.91,3.27,39.74
2024-06-16,Seattle,29.76,1.97,46.85
2024-06-17,Seattle,32.45,0.0,84.18
2024-06-18,Seattle,31.47,0.0,67.56
2024-06-19,Seattle,29.87,0.0,67.62
2024-06-20,Seattle,31.57,0.0,72.07
2024-06-21,Seattle,30.66,0.63,42.08
2024-06-22,Seattle,32.72,8.66,22.78
2024-06-23,Seattle,32.17,6.28,51.57
2024-06-24,Seattle,29.51,4.1,80.03
2024-06-25,Seattle,33.39,3.83,61.96
2024-06-26,Seattle,29.64,6.33,76.2
2024-06-27,Seattle,28.99,3.82,73.06
2024-06-28,Seattle,32.85,1.63,42.85
2024-06-29,Seattle,29.91,0.0,58.98
2024-06-30,Seattle,30.25,12.73,77.89
2024-07-01,Seattle,32.51,4.36,52.65
2024-07-02,Seattle,29.85,1.08,63.76
2024-07-03,Seattle,31.01,2.0,54.19
2024-07-04,Seattle,28.87,0.0,85.67
2024-07-05,Seattle,34.3,8.0,34.82
2024-07-06,Seattle,31.29,7.12,51.93
2024-07-07,Seattle,30.52,0.0,90.58
2024-07-08,Seattle,30.1,0.0,73.4
2024-07-09,Seattle,31.32,2.99,69.59
2024-07-10,Seattle,28.89,0.0,56.97
2024-07-11,Seattle,29.91,1.36,76.02
2024-07-12,Seattle,27.91,0.37,76.62
2024-07-13,Seattle,28.97,0.0,80.68
2024-07-14,Seattle,26.98,0.0,10.0
2024-07-15,Seattle,27.08,8.54,18.55
2024-07-16,Seattle,26.12,4.2,15.1
2024-07-17,Seattle,26.84,7.7,100.0
2024-07-18,Seattle,28.27,0.0,40.8
2024-07-19,Seattle,27.82,3.4,97.16
2024-07-20,Seattle,29.31,2.42,53.3
2024-07-21,Seattle,33.23,5.13,46.62
2024-07-22,Seattle,26.59,0.0,11.91
2024-07-23,Seattle,27.51,10.91,27.39
2024-07-24,Seattle,26.83,0.0,70.43
2024-07-25,Seattle,26.22,0.0,40.38
2024-07-26,Seattle,24.75,8.72,85.87
2024-07-27,Seattle,25.63,8.14,56.54
2024-07-28,Seattle,25.45,2.29,65.7
2024-07-29,Seattle,24.84,2.11,75.75
2024-07-30,Seattle,26.06,2.21,69.88
2024-07-31,Seattle,26.98,1.69,50.52
2024-08-01,Seattle,25.88,0.0,55.79
2024-08-02,Seattle,20.41,0.0,23.48
2024-08-03,Seattle,27.3,2.07,34.76
2024-08-04,Seattle,26.05,6.94,70.17
2024-08-05,Seattle,24.54,3.16,78.03
2024-08-06,Seattle,23.84,2.15,54.86
2024-08-07,Seattle,21.42,6.58,100.0
2024-08-08,Seattle,22.76,6.81,43.16
2024-08-09,Seattle,24.64,9.54,49.59
2024-08-10,Seattle,24.21,0.0,46.72
2024-08-11,Seattle,20.3,4.15,76.63
2024-08-12,Seattle,23.54,3.43,53.49
2024-08-13,Seattle,25.33,2.65,20.29
2024-08-14,Seattle,25.61,0.05,34.59
2024-08-15,Seattle,22.73,0.0,35.0
2024-08-16,Seattle,23.77,3.13,66.13
2024-08-17,Seattle,23.37,0.0,58.91
2024-08-18,Seattle,22.37,0.0,44.55
2024-08-19,Seattle,24.91,9.94,73.03
2024-08-20,Seattle,26.11,2.43,94.85
2024-08-21,Seattle,27.02,0.0,64.43
2024-08-22,Seattle,22.98,0.0,69.84
2024-08-23,Seattle,22.78,0.0,59.47
2024-08-24,Seattle,25.0,2.91,72.54
2024-08-25,Seattle,21.94,4.26,35.82
2024-08-26,Seattle,21.4,1.49,34.47
2024-08-27,Seattle,20.64,3.57,62.6
2024-08-28,Seattle,23.82,0.0,61.15
2024-08-29,Seattle,20.77,5.53,83.81
2024-08-30,Seattle,22.99,7.31,60.65
2024-08-31,Seattle,23.55,2.38,39.5
2024-09-01,Seattle,22.35,0.0,100.0
2024-09-02,Seattle,21.11,5.23,59.75
2024-09-03,Seattle,19.23,0.0,74.98
2024-09-04,Seattle,24.72,0.0,26.87
2024-09-05,Seattle,20.9,0.0,46.99
2024-09-06,Seattle,22.7,1.75,43.41
2024-09-07,Seattle,22.59,5.33,53.26
2024-09-08,Seattle,21.63,4.6,68.52
2024-09-09,Seattle,21.37,9.16,71.65
2024-09-10,Seattle,20.33,0.0,48.84
2024-09-11,Seattle,22.44,0.0,51.5
2024-09-12,Seattle,23.24,2.96,83.97
2024-09-13,Seattle,22.67,0.0,57.96
2024-09-14,Seattle,23.0,0.0,68.39
2024-09-15,Seattle,20.9,0.0,62.39
2024-09-16,Seattle,19.26,0.0,60.18
2024-09-17,Seattle,17.04,0.0,100.0
2024-09-18,Seattle,22.16,0.0,88.08
2024-09-19,Seattle,18.85,0.0,37.02
2024-09-20,Seattle,21.31,8.84,40.02
2024-09-21,Seattle,16.65,7.45,91.08
2024-09-22,Seattle,16.76,4.3,64.53
2024-09-23,Seattle,19.15,0.0,79.84
2024-09-24,Seattle,21.07,3.27,47.56
2024-09-25,Seattle,19.09,0.0,55.44
2024-09-26,Seattle,23.56,0.0,29.55
2024-09-27,Seattle,21.54,5.1,48.28
2024-09-28,Seattle,19.97,3.32,56.89
2024-09-29,Seattle,22.66,14.19,25.82
2024-09-30,Seattle,23.12,2.53,87.76
2024-10-01,Seattle,22.11,2.31,75.2
2024-10-02,Seattle,19.88,0.0,76.22
2024-10-03,Seattle,18.99,5.21,60.61
2024-10-04,Seattle,16.03,0.0,66.7
2024-10-05,Seattle,19.89,0.0,86.42
2024-10-06,Seattle,21.06,4.22,50.53
2024-10-07,Seattle,21.8,11.17,45.3
2024-10-08,Seattle,24.09,3.99,42.61
2024-10-09,Seattle,25.21,3.96,73.53
2024-10-10,Seattle,20.28,0.0,63.36
2024-10-11,Seattle,24.01,0.45,59.46
2024-10-12,Seattle,23.79,0.5,70.21
2024-10-13,Seattle,22.67,1.02,66.2
2024-10-14,Seattle,22.28,0.0,76.32
2024-10-15,Seattle,19.91,0.0,29.46
2024-10-16,Seattle,20.04,0.0,51.98
2024-10-17,Seattle,22.32,0.0,20.51
2024-10-18,Seattle,19.65,4.31,65.78
2024-10-19,Seattle,19.67,7.85,46.83
2024-10-20,Seattle,22.19,0.19,42.62
2024-10-21,Seattle,20.11,5.67,67.22
2024-10-22,Seattle,23.32,3.8,27.78
2024-10-23,Seattle,25.68,3.88,70.29
2024-10-24,Seattle,20.76,7.57,38.14
2024-10-25,Seattle,22.81,0.0,73.54
2024-10-26,Seattle,19.5,3.38,87.15
2024-10-27,Seattle,23.39,8.12,82.42
2024-10-28,Seattle,20.77,4.99,25.5
2024-10-29,Seattle,20.53,8.96,52.3
2024-10-30,Seattle,18.25,12.07,71.25
2024-10-31,Seattle,23.6,0.0,65.68
2024-11-01,Seattle,22.68,0.0,56.6
2024-11-02,Seattle,19.25,0.27,79.48
2024-11-03,Seattle,20.85,11.54,31.28
2024-11-04,Seattle,21.92,0.0,56.4
2024-11-05,Seattle,25.29,0.0,50.97
2024-11-06,Seattle,23.96,2.47,63.5
2024-11-07,Seattle,20.82,1.64,82.63
2024-11-08,Seattle,19.64,0.0,23.69
2024-11-09,Seattle,24.04,8.13,56.33
2024-11-10,Seattle,21.07,0.0,54.06
2024-11-11,Seattle,22.59,6.56,46.62
2024-11-12,Seattle,24.18,0.47,45.1
2024-11-13,Seattle,22.76,3.68,78.3
2024-11-14,Seattle,23.04,0.0,79.99
2024-11-15,Seattle,21.87,3.3,59.5
2024-11-16,Seattle,23.47,0.0,72.4
2024-11-17,Seattle,16.75,7.68,41.75
2024-11-18,Seattle,24.86,3.78,85.5
2024-11-19,Seattle,24.57,0.0,27.9
2024-11-20,Seattle,23.61,0.0,47.43
2024-11-21,Seattle,23.85,0.0,60.84
2024-11-22,Seattle,24.1,0.36,11.52
2024-11-23,Seattle,22.12,5.21,76.09
2024-11-24,Seattle,21.17,0.0,81.44
2024-11-25,Seattle,23.56,1.44,88.84
2024-11-26,Seattle,24.41,0.0,56.86
2024-11-27,Seattle,28.99,4.23,60.38
2024-11-28,Seattle,24.38,4.69,73.19
2024-11-29,Seattle,23.43,5.43,56.98
2024-11-30,Seattle,25.77,0.0,52.0
2024-12-01,Seattle,23.81,0.0,67.54
2024-12-02,Seattle,25.31,0.0,100.0
2024-12-03,Seattle,23.93,7.46,30.47
2024-12-04,Seattle,27.25,0.75,47.42
2024-12-05,Seattle,26.88,2.31,43.75
2024-12-06,Seattle,24.93,0.0,66.11
2024-12-07,Seattle,24.3,2.02,71.85
2024-12-08,Seattle,27.38,0.0,78.18
2024-12-09,Seattle,26.31,0.0,54.33
2024-12-10,Seattle,28.46,0.0,77.56
2024-12-11,Seattle,25.91,0.0,39.08
2024-12-12,Seattle,28.98,1.73,40.4
2024-12-13,Seattle,26.98,0.0,75.56
2024-12-14,Seattle,27.6,0.0,30.87
2024-12-15,Seattle,27.26,0.0,75.87
2024-12-16,Seattle,29.11,3.8,10.0
2024-12-17,Seattle,27.39,0.0,40.92
2024-12-18,Seattle,27.78,0.0,64.3
2024-12-19,Seattle,30.31,5.4,57.24
2024-12-20,Seattle,32.95,7.7,57.97
2024-12-21,Seattle,28.15,8.69,80.15
2024-12-22,Seattle,26.47,7.43,56.91
2024-12-23,Seattle,27.74,0.0,54.62
2024-12-24,Seattle,29.6,9.94,79.14
2024-12-25,Seattle,28.63,3.95,76.52
2024-12-26,Seattle,30.14,0.0,49.36
2024-12-27,Seattle,30.91,4.06,54.14
2024-12-28,Seattle,25.08,0.0,72.39
2024-12-29,Seattle,26.23,7.92,80.72
2024-12-30,Seattle,30.74,4.99,70.58
2024-01-01,Houston,25.99,0.0,52.31
2024-01-02,Houston,25.57,7.11,52.42
2024-01-03,Houston,30.73,4.15,34.49
2024-01-04,Houston,26.48,0.0,16.11
2024-01-05,Houston,30.11,5.52,70.66
2024-01-06,Houston,27.41,0.0,50.33
2024-01-07,Houston,28.94,0.0,10.0
2024-01-08,Houston,26.97,1.29,62.71
2024-01-09,Houston,29.05,5.19,65.18
2024-01-10,Houston,30.16,0.0,70.09
2024-01-11,Houston,29.19,0.0,29.94
2024-01-12,Houston,26.61,0.0,75.07
2024-01-13,Houston,27.04,0.0,47.77
2024-01-14,Houston,30.68,2.07,56.41
2024-01-15,Houston,28.39,8.46,45.02
2024-01-16,Houston,31.4,3.05,56.79
2024-01-17,Houston,33.94,0.0,52.93
2024-01-18,Houston,26.64,6.76,93.78
2024-01-19,Houston,32.61,8.12,56.05
2024-01-20,Houston,28.7,0.0,100.0
2024-01-21,Houston,30.53,0.0,86.56
2024-01-22,Houston,27.8,4.03,56.55
2024-01-23,Houston,31.19,1.68,30.98
2024-01-24,Houston,30.22,7.24,59.42
2024-01-25,Houston,31.77,0.0,59.47
2024-01-26,Houston,29.13,5.73,60.63
2024-01-27,Houston,31.92,7.44,73.83
2024-01-28,Houston,31.23,0.0,59.94
2024-01-29,Houston,29.77,0.28,52.51
2024-01-30,Houston,29.03,0.0,46.64
2024-01-31,Houston,31.53,0.0,60.31
2024-02-01,Houston,35.09,7.12,92.87
2024-02-02,Houston,32.22,7.84,45.52
2024-02-03,Houston,30.29,0.0,83.72
2024-02-04,Houston,34.8,0.0,54.92
2024-02-05,Houston,30.35,3.91,82.5
2024-02-06,Houston,28.51,4.05,54.47
2024-02-07,Houston,32.36,4.29,56.24
2024-02-08,Houston,32.07,0.93,79.41
2024-02-09,Houston,33.24,3.1,34.58
2024-02-10,Houston,31.78,6.49,60.75
2024-02-11,Houston,33.99,10.83,80.77
2024-02-12,Houston,32.98,0.0,10.0
2024-02-13,Houston,32.59,0.37,67.81
2024-02-14,Houston,32.74,0.4,24.41
2024-02-15,Houston,31.29,4.38,94.32
2024-02-16,Houston,33.09,3.64,79.05
2024-02-17,Houston,31.79,3.83,45.19
2024-02-18,Houston,35.25,2.76,65.97
2024-02-19,Houston,32.07,5.54,100.0
2024-02-20,Houston,31.73,0.3,64.63
2024-02-21,Houston,35.43,0.0,10.0
2024-02-22,Houston,36.68,5.8,25.14
2024-02-23,Houston,32.85,9.84,88.96
2024-02-24,Houston,36.05,1.12,61.66
2024-02-25,Houston,34.01,7.64,42.48
2024-02-26,Houston,32.75,7.05,59.11
2024-02-27,Houston,37.22,0.0,58.9
2024-02-28,Houston,32.71,2.04,30.43
2024-02-29,Houston,33.67,0.0,73.88
2024-03-01,Houston,36.16,0.0,86.68
2024-03-02,Houston,39.81,2.23,47.18
2024-03-03,Houston,40.54,0.0,60.4
2024-03-04,Houston,35.33,8.73,67.19
2024-03-05,Houston,34.05,0.0,53.16
2024-03-06,Houston,33.11,2.24,48.72
2024-03-07,Houston,32.21,8.28,50.05
2024-03-08,Houston,32.73,1.16,61.37
2024-03-09,Houston,31.84,3.66,39.06
2024-03-10,Houston,38.81,4.62,52.0
2024-03-11,Houston,33.96,1.48,72.26
2024-03-12,Houston,35.46,0.91,61.17
2024-03-13,Houston,34.36,0.28,18.28
2024-03-14,Houston,37.56,3.49,44.53
2024-03-15,Houston,39.46,2.44,39.28
2024-03-16,Houston,37.42,3.99,67.89
2024-03-17,Houston,34.9,4.25,54.76
2024-03-18,Houston,36.91,0.0,51.32
2024-03-19,Houston,39.28,0.0,47.92
2024-03-20,Houston,34.97,0.0,15.83
2024-03-21,Houston,35.44,2.68,58.95
2024-03-22,Houston,35.64,2.22,80.46
2024-03-23,Houston,35.57,0.0,54.38
2024-03-24,Houston,37.13,9.06,47.44
2024-03-25,Houston,36.19,3.69,40.15
2024-03-26,Houston,36.05,0.0,24.62
2024-03-27,Houston,36.76,0.08,64.05
2024-03-28,Houston,36.0,0.0,59.09
2024-03-29,Houston,33.58,8.95,32.88
2024-03-30,Houston,35.66,0.0,71.41
2024-03-31,Houston,35.39,0.0,77.06
2024-04-01,Houston,36.11,4.58,40.37
2024-04-02,Houston,33.24,2.54,53.62
2024-04-03,Houston,37.29,1.6,64.1
2024-04-04,Houston,32.79,11.44,56.72
2024-04-05,Houston,37.41,0.0,66.16
2024-04-06,Houston,33.4,4.26,52.88
2024-04-07,Houston,36.04,5.49,35.35
2024-04-08,Houston,34.59,4.29,100.0
2024-04-09,Houston,35.66,4.96,57.86
2024-04-10,Houston,39.8,0.0,61.89
2024-04-11,Houston,32.63,0.0,65.95
2024-04-12,Houston,36.13,0.58,57.88
2024-04-13,Houston,42.01,0.71,70.2
2024-04-14,Houston,34.48,3.48,55.24
2024-04-15,Houston,34.91,11.09,83.54
2024-04-16,Houston,35.96,0.0,52.78
2024-04-17,Houston,41.05,0.85,82.06
2024-04-18,Houston,38.47,3.09,43.16
2024-04-19,Houston,30.67,5.42,43.7
2024-04-20,Houston,35.83,0.0,54.7
2024-04-21,Houston,35.49,3.34,37.7
2024-04-22,Houston,37.75,0.0,26.51
2024-04-23,Houston,35.08,2.17,63.21
2024-04-24,Houston,37.95,0.82,57.61
2024-04-25,Houston,32.95,6.1,63.69
2024-04-26,Houston,34.25,0.0,88.89
2024-04-27,Houston,32.56,0.0,67.17
2024-04-28,Houston,32.54,0.0,17.52
2024-04-29,Houston,36.29,0.0,100.0
2024-04-30,Houston,32.78,0.0,48.69
2024-05-01,Houston,35.17,0.0,72.25
2024-05-02,Houston,32.64,0.0,24.04
2024-05-03,Houston,30.06,0.0,53.98
2024-05-04,Houston,33.15,8.22,84.56
2024-05-05,Houston,33.65,0.0,48.67
2024-05-06,Houston,33.02,0.0,46.05
2024-05-07,Houston,32.81,0.07,47.29
2024-05-08,Houston,34.43,3.8,41.79
2024-05-09,Houston,36.45,0.0,27.64
2024-05-10,Houston,34.56,0.0,66.43
2024-05-11,Houston,28.88,8.96,73.45
2024-05-12,Houston,30.58,0.0,93.45
2024-05-13,Houston,31.99,0.0,14.68
2024-05-14,Houston,32.65,0.86,74.31
2024-05-15,Houston,30.43,0.0,69.02
2024-05-16,Houston,35.12,0.0,81.63
2024-05-17,Houston,33.06,7.46,58.6
2024-05-18,Houston,27.82,1.24,81.2
2024-05-19,Houston,30.95,0.06,56.48
2024-05-20,Houston,26.81,10.36,41.97
2024-05-21,Houston,33.48,1.57,85.15
2024-05-22,Houston,33.15,0.83,42.13
2024-05-23,Houston,33.8,0.0,72.92
2024-05-24,Houston,29.87,8.26,63.23
2024-05-25,Houston,33.22,2.41,24.95
2024-05-26,Houston,30.07,5.36,63.33
2024-05-27,Houston,34.01,4.02,40.67
2024-05-28,Houston,29.91,2.51,13.72
2024-05-29,Houston,34.71,4.21,84.54
2024-05-30,Houston,28.05,8.22,100.0
2024-05-31,Houston,28.42,5.86,60.02
2024-06-01,Houston,27.83,4.46,76.67
2024-06-02,Houston,29.56,7.83,26.66
2024-06-03,Houston,27.62,2.68,60.51
2024-06-04,Houston,29.02,6.05,70.62
2024-06-05,Houston,32.02,1.38,72.05
2024-06-06,Houston,29.26,12.27,43.75
2024-06-07,Houston,34.2,2.17,32.49
2024-06-08,Houston,32.57,2.63,77.02
2024-06-09,Houston,32.12,3.69,48.16
2024-06-10,Houston,31.46,2.0,73.72
2024-06-11,Houston,25.04,4.23,47.23
2024-06-12,Houston,32.49,5.12,64.8
2024-06-13,Houston,29.99,0.0,92.47
2024-06-14,Houston,32.84,3.96,91.81
2024-06-15,Houston,27.55,0.0,60.82
2024-06-16,Houston,29.39,0.03,70.76
2024-06-17,Houston,28.97,0.0,70.38
2024-06-18,Houston,29.92,2.86,83.05
2024-06-19,Houston,25.58,4.34,36.59
2024-06-20,Houston,25.62,0.0,41.16
2024-06-21,Houston,26.58,0.93,76.74
2024-06-22,Houston,26.87,0.0,82.8
2024-06-23,Houston,25.67,1.71,68.93
2024-06-24,Houston,27.57,7.47,69.58
2024-06-25,Houston,25.28,12.89,63.89
2024-06-26,Houston,26.53,6.82,64.99
2024-06-27,Houston,27.45,14.46,54.5
2024-06-28,Houston,25.85,2.58,81.43
2024-06-29,Houston,23.3,0.0,48.26
2024-06-30,Houston,22.87,0.0,70.05
2024-07-01,Houston,24.19,0.0,61.39
2024-07-02,Houston,27.52,0.0,76.4
2024-07-03,Houston,27.26,6.77,84.37
2024-07-04,Houston,29.85,0.22,62.19
2024-07-05,Houston,24.45,2.01,90.66
2024-07-06,Houston,22.42,0.0,87.54
2024-07-07,Houston,26.98,0.18,77.09
2024-07-08,Houston,25.45,9.5,61.49
2024-07-09,Houston,26.65,15.21,71.96
2024-07-10,Houston,24.52,5.61,52.69
2024-07-11,Houston,29.03,2.9,54.54
2024-07-12,Houston,22.41,7.49,77.34
2024-07-13,Houston,22.92,4.88,29.83
2024-07-14,Houston,24.12,4.26,94.15
2024-07-15,Houston,22.04,0.0,42.09
2024-07-16,Houston,20.74,8.68,90.97
2024-07-17,Houston,23.89,8.11,62.68
2024-07-18,Houston,22.9,0.33,53.79
2024-07-19,Houston,19.83,3.32,59.19
2024-07-20,Houston,24.25,2.47,56.75
2024-07-21,Houston,20.85,2.36,74.76
2024-07-22,Houston,20.15,2.44,64.66
2024-07-23,Houston,20.84,0.0,64.61
2024-07-24,Houston,19.85,3.75,42.09
2024-07-25,Houston,24.08,13.69,42.78
2024-07-26,Houston,22.87,0.0,80.82
2024-07-27,Houston,19.12,4.4,42.54
2024-07-28,Houston,21.08,0.0,76.45
2024-07-29,Houston,19.67,4.76,53.12
2024-07-30,Houston,20.96,2.74,44.76
2024-07-31,Houston,21.46,9.65,44.44
2024-08-01,Houston,23.24,9.49,43.68
2024-08-02,Houston,17.84,3.51,49.05
2024-08-03,Houston,24.34,2.17,43.96
2024-08-04,Houston,18.16,7.45,48.58
2024-08-05,Houston,20.4,6.78,50.31
2024-08-06,Houston,20.08,1.92,73.67
2024-08-07,Houston,21.22,0.9,61.27
2024-08-08,Houston,19.16,0.0,65.15
2024-08-09,Houston,23.55,0.0,44.54
2024-08-10,Houston,17.89,5.62,68.97
2024-08-11,Houston,19.18,0.0,61.85
2024-08-12,Houston,16.24,2.72,77.43
2024-08-13,Houston,16.74,0.0,91.59
2024-08-14,Houston,17.9,7.68,56.92
2024-08-15,Houston,18.67,4.19,42.32
2024-08-16,Houston,19.14,0.09,33.59
2024-08-17,Houston,19.43,0.68,56.86
2024-08-18,Houston,16.22,9.96,77.53
2024-08-19,Houston,20.45,0.47,25.42
2024-08-20,Houston,22.32,1.69,45.02
2024-08-21,Houston,19.14,7.84,59.54
2024-08-22,Houston,20.75,7.41,38.47
2024-08-23,Houston,16.74,6.79,10.0
2024-08-24,Houston,17.69,0.0,50.47
2024-08-25,Houston,17.29,0.21,48.95
2024-08-26,Houston,15.59,13.46,97.35
2024-08-27,Houston,15.37,9.91,52.01
2024-08-28,Houston,17.86,1.68,46.81
2024-08-29,Houston,19.48,2.63,50.47
2024-08-30,Houston,14.81,0.0,27.17
2024-08-31,Houston,17.36,0.0,54.69
2024-09-01,Houston,19.99,8.0,59.35
2024-09-02,Houston,17.0,11.4,70.42
2024-09-03,Houston,16.44,0.0,67.88
2024-09-04,Houston,18.68,0.0,65.82
2024-09-05,Houston,16.22,1.08,10.24
2024-09-06,Houston,16.43,6.85,47.37
2024-09-07,Houston,16.91,0.0,67.21
2024-09-08,Houston,16.31,0.0,86.65
2024-09-09,Houston,18.54,0.0,69.96
2024-09-10,Houston,17.7,5.21,26.11
2024-09-11,Houston,18.58,0.0,52.84
2024-09-12,Houston,21.79,3.51,52.27
2024-09-13,Houston,12.05,8.95,33.1
2024-09-14,Houston,14.41,0.34,88.33
2024-09-15,Houston,17.92,1.21,66.17
2024-09-16,Houston,15.13,2.7,61.47
2024-09-17,Houston,18.23,6.84,69.88
2024-09-18,Houston,15.53,5.71,58.16
2024-09-19,Houston,14.06,0.0,61.69
2024-09-20,Houston,18.01,1.08,35.82
2024-09-21,Houston,16.28,2.57,63.72
2024-09-22,Houston,17.98,7.09,48.12
2024-09-23,Houston,14.89,0.0,73.98
2024-09-24,Houston,19.0,0.42,55.17
2024-09-25,Houston,19.02,4.53,68.72
2024-09-26,Houston,13.69,5.39,41.42
2024-09-27,Houston,13.8,0.27,48.28
2024-09-28,Houston,15.61,0.0,79.18
2024-09-29,Houston,18.31,0.0,79.57
2024-09-30,Houston,14.43,6.28,58.63
2024-10-01,Houston,16.11,1.07,84.24
2024-10-02,Houston,13.58,5.04,82.03
2024-10-03,Houston,17.5,13.62,49.42
2024-10-04,Houston,17.99,1.47,84.67
2024-10-05,Houston,16.08,0.06,86.12
2024-10-06,Houston,15.13,0.0,49.66
2024-10-07,Houston,17.37,8.96,62.22
2024-10-08,Houston,18.79,0.0,51.13
2024-10-09,Houston,15.6,1.43,61.68
2024-10-10,Houston,17.59,0.0,62.78
2024-10-11,Houston,16.15,0.0,57.73
2024-10-12,Houston,15.99,1.17,60.64
2024-10-13,Houston,16.46,0.0,85.45
2024-10-14,Houston,14.01,0.0,100.0
2024-10-15,Houston,14.32,0.0,74.69
2024-10-16,Houston,12.29,0.82,100.0
2024-10-17,Houston,13.4,0.0,30.02
2024-10-18,Houston,18.34,7.62,49.75
2024-10-19,Houston,17.96,8.95,95.75
2024-10-20,Houston,16.16,0.0,43.58
2024-10-21,Houston,15.86,0.71,56.24
2024-10-22,Houston,19.02,8.37,56.57
2024-10-23,Houston,19.04,3.79,61.29
2024-10-24,Houston,18.72,2.36,100.0
2024-10-25,Houston,14.11,0.0,57.47
2024-10-26,Houston,17.94,8.34,59.51
2024-10-27,Houston,14.29,6.21,75.1
2024-10-28,Houston,13.33,1.98,28.2
2024-10-29,Houston,15.96,0.0,76.19
2024-10-30,Houston,17.61,0.0,77.6
2024-10-31,Houston,14.6,3.65,43.72
2024-11-01,Houston,16.82,4.52,70.43
2024-11-02,Houston,20.32,1.59,66.13
2024-11-03,Houston,16.87,2.91,68.79
2024-11-04,Houston,17.64,0.0,66.63
2024-11-05,Houston,18.67,0.0,34.31
2024-11-06,Houston,20.99,4.46,55.42
2024-11-07,Houston,15.87,0.0,86.05
2024-11-08,Houston,18.53,0.0,70.19
2024-11-09,Houston,16.73,9.5,87.06
2024-11-10,Houston,17.54,0.0,10.0
2024-11-11,Houston,15.62,0.0,62.7
2024-11-12,Houston,18.05,0.0,54.38
2024-11-13,Houston,19.83,4.64,22.01
2024-11-14,Houston,18.68,0.0,78.03
2024-11-15,Houston,20.63,0.0,44.68
2024-11-16,Houston,18.26,0.0,66.72
2024-11-17,Houston,18.76,6.85,38.03
2024-11-18,Houston,18.2,0.0,39.91
2024-11-19,Houston,17.2,6.98,46.03
2024-11-20,Houston,19.95,0.1,34.61
2024-11-21,Houston,19.5,5.0,35.84
2024-11-22,Houston,21.59,0.0,50.34
2024-11-23,Houston,21.17,0.0,60.75
2024-11-24,Houston,19.62,2.65,12.39
2024-11-25,Houston,16.73,5.08,80.74
2024-11-26,Houston,18.71,0.78,65.89
2024-11-27,Houston,22.06,0.0,42.28
2024-11-28,Houston,20.15,5.52,100.0
2024-11-29,Houston,20.51,0.0,68.05
2024-11-30,Houston,23.76,2.54,41.87
2024-12-01,Houston,23.18,5.32,39.48
2024-12-02,Houston,22.18,6.99,83.64
2024-12-03,Houston,21.44,0.21,84.55
2024-12-04,Houston,19.3,4.19,32.6
2024-12-05,Houston,24.01,0.71,85.37
2024-12-06,Houston,23.02,0.0,88.49
2024-12-07,Houston,25.3,6.41,44.77
2024-12-08,Houston,21.74,2.73,45.93
2024-12-09,Houston,25.9,2.72,10.0
2024-12-10,Houston,23.36,0.26,58.5
2024-12-11,Houston,22.1,6.04,82.39
2024-12-12,Houston,23.57,0.3,59.17
2024-12-13,Houston,23.21,0.0,71.58
2024-12-14,Houston,24.25,9.7,85.11
2024-12-15,Houston,22.13,6.1,40.98
2024-12-16,Houston,25.06,0.0,39.53
2024-12-17,Houston,24.39,0.0,24.98
2024-12-18,Houston,23.65,2.41,52.61
2024-12-19,Houston,21.01,0.0,67.82
2024-12-20,Houston,25.5,1.92,83.14
2024-12-21,Houston,25.3,0.0,54.39
2024-12-22,Houston,21.87,1.46,82.24
2024-12-23,Houston,26.22,9.01,53.94
2024-12-24,Houston,27.71,1.03,89.43
2024-12-25,Houston,25.15,5.54,89.5
2024-12-26,Houston,24.98,3.09,85.78
2024-12-27,Houston,25.27,0.0,100.0
2024-12-28,Houston,24.77,2.79,83.12
2024-12-29,Houston,24.66,0.0,65.07
2024-12-30,Houston,22.47,0.56,64.9
2024-01-01,Austin,18.1,0.0,53.83
2024-01-02,Austin,19.27,4.59,85.34
2024-01-03,Austin,12.28,0.0,70.28
2024-01-04,Austin,19.62,0.0,52.24
2024-01-05,Austin,17.5,0.0,70.43
2024-01-06,Austin,11.51,4.46,40.1
2024-01-07,Austin,16.14,5.26,68.95
2024-01-08,Austin,17.19,6.85,26.0
2024-01-09,Austin,17.79,0.0,78.36
2024-01-10,Austin,18.92,5.62,92.91
2024-01-11,Austin,19.97,1.21,59.97
2024-01-12,Austin,19.09,2.68,74.1
2024-01-13,Austin,13.59,11.4,61.22
2024-01-14,Austin,14.98,0.0,17.41
2024-01-15,Austin,16.21,1.29,90.29
2024-01-16,Austin,19.38,3.16,37.3
2024-01-17,Austin,17.07,0.0,45.88
2024-01-18,Austin,18.18,0.62,53.22
2024-01-19,Austin,17.7,2.68,53.71
2024-01-20,Austin,16.02,2.17,57.66
2024-01-21,Austin,16.21,0.0,71.94
2024-01-22,Austin,17.26,0.0,53.5
2024-01-23,Austin,20.94,11.05,73.18
2024-01-24,Austin,22.02,3.73,46.3
2024-01-25,Austin,21.31,1.57,67.54
2024-01-26,Austin,18.27,4.33,57.59
2024-01-27,Austin,20.78,1.57,54.46
2024-01-28,Austin,21.44,0.0,28.23
2024-01-29,Austin,16.87,2.92,51.06
2024-01-30,Austin,17.31,2.53,58.12
2024-01-31,Austin,19.92,3.23,86.3
2024-02-01,Austin,23.64,2.72,58.31
2024-02-02,Austin,21.53,3.55,54.63
2024-02-03,Austin,21.71,0.0,61.63
2024-02-04,Austin,22.46,0.0,58.09
2024-02-05,Austin,19.42,0.0,64.22
2024-02-06,Austin,20.32,0.0,37.76
2024-02-07,Austin,19.99,5.87,63.58
2024-02-08,Austin,20.31,0.0,86.24
2024-02-09,Austin,24.06,0.0,83.27
2024-02-10,Austin,22.16,6.0,56.73
2024-02-11,Austin,24.82,0.0,54.89
2024-02-12,Austin,25.01,0.0,59.08
2024-02-13,Austin,21.92,5.42,81.4
2024-02-14,Austin,24.29,3.21,60.81
2024-02-15,Austin,22.27,3.05,89.19
2024-02-16,Austin,21.41,0.0,58.49
2024-02-17,Austin,25.19,3.12,79.67
2024-02-18,Austin,25.37,4.96,38.72
2024-02-19,Austin,26.74,9.06,61.27
2024-02-20,Austin,20.77,0.0,65.09
2024-02-21,Austin,22.23,0.0,28.41
2024-02-22,Austin,22.8,2.97,88.11
2024-02-23,Austin,24.82,0.09,67.6
2024-02-24,Austin,24.53,5.7,59.2
2024-02-25,Austin,26.12,6.12,61.65
2024-02-26,Austin,23.91,6.6,45.73
2024-02-27,Austin,21.23,0.0,44.07
2024-02-28,Austin,25.65,0.0,64.09
2024-02-29,Austin,23.43,0.0,39.49
2024-03-01,Austin,24.33,1.12,68.25
2024-03-02,Austin,25.17,1.01,29.88
2024-03-03,Austin,26.82,1.57,61.59
2024-03-04,Austin,27.96,6.54,68.93
2024-03-05,Austin,24.83,1.94,64.8
2024-03-06,Austin,25.72,10.56,100.0
2024-03-07,Austin,25.56,0.0,40.97
2024-03-08,Austin,28.67,5.59,68.52
2024-03-09,Austin,24.78,0.0,93.56
2024-03-10,Austin,23.53,5.65,33.99
2024-03-11,Austin,24.8,6.96,55.01
2024-03-12,Austin,24.55,2.05,33.28
2024-03-13,Austin,22.3,5.57,51.56
2024-03-14,Austin,26.81,7.59,83.97
2024-03-15,Austin,22.2,0.0,70.75
2024-03-16,Austin,26.6,13.25,41.85
2024-03-17,Austin,27.87,3.86,27.2
2024-03-18,Austin,24.48,3.31,25.91
2024-03-19,Austin,21.47,0.0,65.18
2024-03-20,Austin,24.68,0.0,48.29
2024-03-21,Austin,22.83,0.0,23.59
2024-03-22,Austin,28.08,10.46,13.48
2024-03-23,Austin,24.8,0.0,56.51
2024-03-24,Austin,27.76,0.0,58.23
2024-03-25,Austin,31.74,1.44,95.32
2024-03-26,Austin,26.8,0.0,45.59
2024-03-27,Austin,25.79,0.0,42.72
2024-03-28,Austin,24.97,3.47,96.52
2024-03-29,Austin,24.86,4.31,27.44
2024-03-30,Austin,27.95,0.0,75.97
2024-03-31,Austin,25.67,1.4,53.99
2024-04-01,Austin,23.23,0.0,76.73
2024-04-02,Austin,25.85,0.46,68.87
2024-04-03,Austin,26.03,0.0,100.0
2024-04-04,Austin,27.3,2.64,49.73
2024-04-05,Austin,27.71,0.0,42.56
2024-04-06,Austin,29.17,2.15,44.73
2024-04-07,Austin,25.78,6.25,72.43
2024-04-08,Austin,27.69,0.0,78.98
2024-04-09,Austin,25.36,2.45,84.19
2024-04-10,Austin,27.1,3.76,20.32
2024-04-11,Austin,25.57,0.0,74.22
2024-04-12,Austin,27.61,0.49,46.66
2024-04-13,Austin,28.71,0.0,36.11
2024-04-14,Austin,23.89,0.0,42.77
2024-04-15,Austin,27.21,0.0,42.35
2024-04-16,Austin,25.37,3.05,93.84
2024-04-17,Austin,28.51,0.0,21.84
2024-04-18,Austin,25.42,0.0,36.16
2024-04-19,Austin,25.35,3.15,43.22
2024-04-20,Austin,24.01,0.0,51.77
2024-04-21,Austin,26.29,0.0,47.19
2024-04-22,Austin,24.34,1.97,65.52
2024-04-23,Austin,29.16,4.86,71.92
2024-04-24,Austin,24.48,0.0,49.44
2024-04-25,Austin,23.52,3.96,26.97
2024-04-26,Austin,26.05,1.41,74.67
2024-04-27,Austin,23.35,0.0,51.87
2024-04-28,Austin,23.85,6.03,75.94
2024-04-29,Austin,28.45,0.0,10.0
2024-04-30,Austin,23.73,3.15,74.29
2024-05-01,Austin,25.07,0.0,94.28
2024-05-02,Austin,22.31,0.63,38.4
2024-05-03,Austin,24.33,9.95,57.18
2024-05-04,Austin,23.92,0.0,54.26
2024-05-05,Austin,26.4,0.75,53.64
2024-05-06,Austin,26.21,0.43,85.84
2024-05-07,Austin,21.33,5.39,92.93
2024-05-08,Austin,25.81,0.0,47.23
2024-05-09,Austin,23.21,7.05,33.37
2024-05-10,Austin,21.55,0.0,43.48
2024-05-11,Austin,20.97,9.99,47.05
2024-05-12,Austin,24.74,2.09,60.08
2024-05-13,Austin,22.06,5.85,63.09
2024-05-14,Austin,23.32,0.0,51.4
2024-05-15,Austin,24.19,3.15,62.47
2024-05-16,Austin,21.38,11.72,50.41
2024-05-17,Austin,22.71,1.06,99.09
2024-05-18,Austin,22.06,0.09,62.37
2024-05-19,Austin,21.13,2.56,100.0
2024-05-20,Austin,22.99,3.32,45.64
2024-05-21,Austin,25.67,11.7,77.05
2024-05-22,Austin,23.43,0.83,67.83
2024-05-23,Austin,20.32,0.0,30.25
2024-05-24,Austin,22.67,0.0,50.01
2024-05-25,Austin,21.59,6.98,48.44
2024-05-26,Austin,23.8,6.7,38.57
2024-05-27,Austin,23.68,0.58,50.02
2024-05-28,Austin,20.73,1.98,51.7
2024-05-29,Austin,19.46,0.0,62.78
2024-05-30,Austin,20.67,4.64,61.05
2024-05-31,Austin,21.0,4.96,88.38
2024-06-01,Austin,23.62,8.7,77.41
2024-06-02,Austin,24.72,4.19,66.51
2024-06-03,Austin,24.88,0.0,55.72
2024-06-04,Austin,22.75,6.9,100.0
2024-06-05,Austin,20.3,0.0,53.36
2024-06-06,Austin,20.56,10.11,92.68
2024-06-07,Austin,19.66,3.27,47.77
2024-06-08,Austin,18.6,7.23,92.04
2024-06-09,Austin,18.06,3.21,55.14
2024-06-10,Austin,21.02,0.06,21.47
2024-06-11,Austin,21.14,0.48,56.01
2024-06-12,Austin,19.84,3.76,69.12
2024-06-13,Austin,15.54,4.78,21.82
2024-06-14,Austin,20.18,7.59,32.63
2024-06-15,Austin,19.13,7.29,51.02
2024-06-16,Austin,19.65,0.0,81.96
2024-06-17,Austin,18.2,0.71,79.68
2024-06-18,Austin,21.43,4.43,92.17
2024-06-19,Austin,14.7,5.33,57.36
2024-06-20,Austin,16.06,0.0,72.24
2024-06-21,Austin,19.21,8.71,83.53
2024-06-22,Austin,15.75,8.45,87.93
2024-06-23,Austin,16.6,2.14,41.32
2024-06-24,Austin,19.91,0.0,70.7
2024-06-25,Austin,15.59,0.0,22.51
2024-06-26,Austin,16.18,0.0,61.13
2024-06-27,Austin,19.98,3.0,99.95
2024-06-28,Austin,14.3,0.0,39.46
2024-06-29,Austin,15.96,15.61,26.76
2024-06-30,Austin,17.16,0.0,55.52
2024-07-01,Austin,13.23,6.4,59.12
2024-07-02,Austin,17.75,2.88,21.37
2024-07-03,Austin,17.6,0.0,22.6
2024-07-04,Austin,13.4,0.0,87.92
2024-07-05,Austin,14.72,8.24,48.64
2024-07-06,Austin,15.52,4.37,73.92
2024-07-07,Austin,13.79,0.11,54.04
2024-07-08,Austin,11.24,1.58,52.33
2024-07-09,Austin,15.54,2.46,86.73
2024-07-10,Austin,14.35,0.0,61.15
2024-07-11,Austin,15.49,0.0,45.7
2024-07-12,Austin,12.48,4.05,70.55
2024-07-13,Austin,13.9,0.0,26.96
2024-07-14,Austin,13.05,0.0,60.11
2024-07-15,Austin,12.43,9.66,14.12
2024-07-16,Austin,13.8,6.14,74.03
2024-07-17,Austin,14.61,6.66,47.92
2024-07-18,Austin,10.66,0.0,52.75
2024-07-19,Austin,11.15,7.81,54.25
2024-07-20,Austin,10.48,0.0,99.78
2024-07-21,Austin,12.33,0.0,62.48
2024-07-22,Austin,16.01,0.05,73.74
2024-07-23,Austin,14.43,0.0,47.23
2024-07-24,Austin,14.02,0.0,68.29
2024-07-25,Austin,10.22,0.0,48.65
2024-07-26,Austin,12.86,3.01,61.98
2024-07-27,Austin,16.44,10.7,20.38
2024-07-28,Austin,10.39,14.13,48.51
2024-07-29,Austin,15.3,0.0,55.32
2024-07-30,Austin,12.7,1.55,69.89
2024-07-31,Austin,13.97,5.79,62.83
2024-08-01,Austin,14.02,6.38,45.33
2024-08-02,Austin,14.49,5.21,55.73
2024-08-03,Austin,6.34,0.0,94.0
2024-08-04,Austin,13.72,2.43,24.6
2024-08-05,Austin,7.92,0.0,26.8
2024-08-06,Austin,14.01,12.3,37.58
2024-08-07,Austin,9.8,0.0,59.7
2024-08-08,Austin,12.96,7.39,76.17
2024-08-09,Austin,9.16,8.31,72.93
2024-08-10,Austin,10.22,1.42,66.37
2024-08-11,Austin,9.86,0.0,44.5
2024-08-12,Austin,7.16,0.0,56.24
2024-08-13,Austin,8.32,0.0,46.1
2024-08-14,Austin,9.49,8.89,59.78
2024-08-15,Austin,8.63,0.0,55.54
2024-08-16,Austin,11.04,7.19,79.36
2024-08-17,Austin,10.41,4.18,68.02
2024-08-18,Austin,8.91,0.0,61.67
2024-08-19,Austin,8.74,5.17,62.01
2024-08-20,Austin,12.41,0.0,75.09
2024-08-21,Austin,8.0,2.01,43.75
2024-08-22,Austin,10.02,5.26,76.67
2024-08-23,Austin,8.21,0.38,58.67
2024-08-24,Austin,8.64,0.0,77.46
2024-08-25,Austin,12.52,4.4,54.38
2024-08-26,Austin,7.25,5.54,54.83
2024-08-27,Austin,9.21,1.13,94.28
2024-08-28,Austin,10.76,0.35,58.38
2024-08-29,Austin,7.25,1.96,41.05
2024-08-30,Austin,5.03,8.25,81.8
2024-08-31,Austin,9.26,1.65,97.84
2024-09-01,Austin,6.99,6.31,32.23
2024-09-02,Austin,6.49,1.22,58.69
2024-09-03,Austin,4.23,5.52,80.57
2024-09-04,Austin,5.31,0.0,44.62
2024-09-05,Austin,7.72,0.0,57.32
2024-09-06,Austin,4.51,11.9,61.46
2024-09-07,Austin,8.89,4.47,59.16
2024-09-08,Austin,6.34,0.0,50.99
2024-09-09,Austin,4.45,0.0,100.0
2024-09-10,Austin,6.97,9.33,44.12
2024-09-11,Austin,3.85,0.0,51.56
2024-09-12,Austin,6.37,1.25,44.54
2024-09-13,Austin,6.42,2.88,74.05
2024-09-14,Austin,9.14,0.18,84.31
2024-09-15,Austin,6.29,0.0,95.67
2024-09-16,Austin,10.66,5.1,61.8
2024-09-17,Austin,5.53,0.0,84.21
2024-09-18,Austin,6.0,10.37,60.7
2024-09-19,Austin,5.18,0.0,45.13
2024-09-20,Austin,7.0,0.0,43.63
2024-09-21,Austin,8.6,0.0,77.25
2024-09-22,Austin,1.8,9.25,34.6
2024-09-23,Austin,4.15,5.4,65.41
2024-09-24,Austin,7.67,0.0,54.26
2024-09-25,Austin,4.63,0.0,71.92
2024-09-26,Austin,7.74,0.32,90.45
2024-09-27,Austin,4.27,9.49,71.24
2024-09-28,Austin,3.39,11.91,51.11
2024-09-29,Austin,8.25,2.73,67.49
2024-09-30,Austin,7.64,6.23,53.16
2024-10-01,Austin,6.9,4.28,64.27
2024-10-02,Austin,5.44,3.06,99.35
2024-10-03,Austin,5.26,8.03,47.61
2024-10-04,Austin,4.1,18.38,70.8
2024-10-05,Austin,7.01,4.98,88.15
2024-10-06,Austin,6.71,6.08,38.83
2024-10-07,Austin,7.88,0.82,73.43
2024-10-08,Austin,2.51,5.15,15.16
2024-10-09,Austin,5.41,0.0,72.66
2024-10-10,Austin,6.13,0.0,88.69
2024-10-11,Austin,4.23,0.0,70.27
2024-10-12,Austin,2.52,0.0,49.65
2024-10-13,Austin,3.25,0.0,31.89
2024-10-14,Austin,6.46,0.0,60.6
2024-10-15,Austin,8.5,5.91,58.37
2024-10-16,Austin,4.25,2.8,46.09
2024-10-17,Austin,6.67,0.0,76.15
2024-10-18,Austin,6.39,13.04,86.12
2024-10-19,Austin,7.51,1.38,45.41
2024-10-20,Austin,8.32,0.85,83.37
2024-10-21,Austin,7.3,4.04,71.89
2024-10-22,Austin,4.72,0.0,38.87
2024-10-23,Austin,8.72,0.0,43.58
2024-10-24,Austin,7.77,0.74,52.4
2024-10-25,Austin,5.83,0.0,40.66
2024-10-26,Austin,9.2,0.0,21.99
2024-10-27,Austin,4.9,3.8,66.8
2024-10-28,Austin,6.41,0.0,31.96
2024-10-29,Austin,7.81,6.19,85.78
2024-10-30,Austin,4.94,8.83,58.87
2024-10-31,Austin,7.3,6.47,49.18
2024-11-01,Austin,3.01,5.52,66.97
2024-11-02,Austin,6.71,5.11,76.54
2024-11-03,Austin,4.5,2.11,14.45
2024-11-04,Austin,7.37,0.14,69.84
2024-11-05,Austin,5.57,0.0,10.0
2024-11-06,Austin,8.94,1.56,61.74
2024-11-07,Austin,4.94,3.99,93.05
2024-11-08,Austin,7.66,5.25,42.59
2024-11-09,Austin,7.99,0.0,75.76
2024-11-10,Austin,8.57,0.0,43.96
2024-11-11,Austin,8.49,6.62,89.59
2024-11-12,Austin,8.21,0.0,64.77
2024-11-13,Austin,12.17,0.0,40.91
2024-11-14,Austin,9.94,2.77,49.1
2024-11-15,Austin,9.28,6.89,58.03
2024-11-16,Austin,8.59,4.95,54.59
2024-11-17,Austin,11.38,12.13,42.14
2024-11-18,Austin,6.72,3.86,34.29
2024-11-19,Austin,6.74,0.0,52.35
2024-11-20,Austin,9.41,0.0,87.81
2024-11-21,Austin,12.25,11.64,60.93
2024-11-22,Austin,12.12,3.54,64.17
2024-11-23,Austin,8.95,0.0,72.75
2024-11-24,Austin,12.34,0.0,59.81
2024-11-25,Austin,12.15,0.2,83.86
2024-11-26,Austin,10.03,0.0,85.01
2024-11-27,Austin,8.59,0.0,42.09
2024-11-28,Austin,8.32,2.77,49.74
2024-11-29,Austin,11.73,0.0,37.55
2024-11-30,Austin,11.0,9.35,67.57
2024-12-01,Austin,9.87,0.0,47.04
2024-12-02,Austin,11.11,0.0,35.73
2024-12-03,Austin,9.88,0.71,58.91
2024-12-04,Austin,10.29,4.53,62.49
2024-12-05,Austin,10.92,5.22,71.24
2024-12-06,Austin,8.91,1.84,77.81
2024-12-07,Austin,14.09,3.85,55.33
2024-12-08,Austin,12.98,6.04,62.32
2024-12-09,Austin,12.76,0.75,33.26
2024-12-10,Austin,12.11,0.0,46.52
2024-12-11,Austin,15.49,6.76,26.13
2024-12-12,Austin,10.62,0.18,47.19
2024-12-13,Austin,13.58,0.0,79.17
2024-12-14,Austin,13.03,0.3,59.71
2024-12-15,Austin,12.45,0.0,60.24
2024-12-16,Austin,12.81,0.0,81.95
2024-12-17,Austin,14.95,14.19,76.7
2024-12-18,Austin,12.5,0.0,50.11
2024-12-19,Austin,12.62,2.54,29.22
2024-12-20,Austin,15.42,2.46,70.65
2024-12-21,Austin,12.0,3.23,85.98
2024-12-22,Austin,12.74,0.0,74.24
2024-12-23,Austin,12.69,0.83,89.51
2024-12-24,Austin,13.06,9.72,53.28
2024-12-25,Austin,12.73,5.02,62.15
2024-12-26,Austin,15.17,0.0,62.01
2024-12-27,Austin,11.18,3.09,85.94
2024-12-28,Austin,11.96,0.0,42.51
2024-12-29,Austin,12.64,0.0,36.38
2024-12-30,Austin,15.35,7.75,29.55
2024-01-01,Denver,29.35,8.86,62.84
2024-01-02,Denver,27.59,5.31,77.86
2024-01-03,Denver,30.39,0.0,50.32
2024-01-04,Denver,29.27,1.79,74.99
2024-01-05,Denver,25.42,3.67,54.2
2024-01-06,Denver,27.94,0.0,55.71
2024-01-07,Denver,22.59,0.0,42.48
2024-01-08,Denver,31.03,0.0,55.7
2024-01-09,Denver,33.22,6.97,78.05
2024-01-10,Denver,29.3,4.72,55.32
2024-01-11,Denver,30.08,4.05,48.06
2024-01-12,Denver,33.62,1.2,72.37
2024-01-13,Denver,33.72,7.16,31.82
2024-01-14,Denver,31.86,6.25,77.84
2024-01-15,Denver,28.91,0.0,79.89
2024-01-16,Denver,29.78,0.5,91.52
2024-01-17,Denver,31.38,0.0,42.45
2024-01-18,Denver,32.3,0.0,55.05
2024-01-19,Denver,32.47,8.5,73.35
2024-01-20,Denver,30.53,7.89,54.01
2024-01-21,Denver,29.65,1.14,88.76
2024-01-22,Denver,32.62,2.06,92.74
2024-01-23,Denver,29.58,0.0,27.68
2024-01-24,Denver,33.35,2.83,90.85
2024-01-25,Denver,33.25,0.0,60.04
2024-01-26,Denver,33.15,0.0,100.0
2024-01-27,Denver,34.11,3.05,72.3
2024-01-28,Denver,34.64,1.3,47.38
2024-01-29,Denver,34.57,3.93,43.8
2024-01-30,Denver,36.36,3.47,74.6
2024-01-31,Denver,36.46,2.11,66.34
2024-02-01,Denver,35.44,0.0,61.08
2024-02-02,Denver,34.22,0.0,100.0
2024-02-03,Denver,31.3,0.0,86.28
2024-02-04,Denver,35.68,0.0,72.15
2024-02-05,Denver,37.33,1.85,100.0
2024-02-06,Denver,31.09,5.47,83.33
2024-02-07,Denver,36.46,0.98,54.19
2024-02-08,Denver,35.7,6.08,72.05
2024-02-09,Denver,37.02,0.0,55.44
2024-02-10,Denver,33.19,0.07,80.3
2024-02-11,Denver,35.42,15.03,63.87
2024-02-12,Denver,35.45,2.53,47.24
2024-02-13,Denver,35.34,7.64,62.28
2024-02-14,Denver,34.0,0.0,51.0
2024-02-15,Denver,35.85,7.97,33.19
2024-02-16,Denver,35.18,2.72,23.33
2024-02-17,Denver,34.27,0.0,44.08
2024-02-18,Denver,36.44,1.2,48.89
2024-02-19,Denver,37.03,10.62,92.79
2024-02-20,Denver,32.44,4.89,56.44
2024-02-21,Denver,36.7,0.01,62.35
2024-02-22,Denver,36.8,0.0,42.07
2024-02-23,Denver,35.7,3.17,71.98
2024-02-24,Denver,38.41,0.0,65.68
2024-02-25,Denver,38.73,7.83,58.82
2024-02-26,Denver,36.46,2.96,37.01
2024-02-27,Denver,36.61,5.72,72.84
2024-02-28,Denver,36.55,3.09,43.51
2024-02-29,Denver,38.58,1.61,54.48
2024-03-01,Denver,36.54,1.69,51.04
2024-03-02,Denver,38.66,0.02,91.86
2024-03-03,Denver,40.36,0.0,61.39
2024-03-04,Denver,36.21,0.37,100.0
2024-03-05,Denver,36.97,3.8,70.83
2024-03-06,Denver,35.66,0.0,35.88
2024-03-07,Denver,35.96,0.0,70.89
2024-03-08,Denver,41.91,2.74,31.67
2024-03-09,Denver,36.58,0.0,39.65
2024-03-10,Denver,39.65,6.05,36.89
2024-03-11,Denver,39.44,9.63,98.05
2024-03-12,Denver,43.77,0.0,100.0
2024-03-13,Denver,37.39,0.0,66.54
2024-03-14,Denver,36.99,4.0,33.6
2024-03-15,Denver,37.72,8.43,58.86
2024-03-16,Denver,38.53,4.38,83.41
2024-03-17,Denver,34.98,4.92,54.64
2024-03-18,Denver,38.66,7.3,36.12
2024-03-19,Denver,36.34,0.0,49.02
2024-03-20,Denver,41.06,1.4,33.2
2024-03-21,Denver,37.46,0.0,37.5
2024-03-22,Denver,39.24,0.0,82.25
2024-03-23,Denver,38.34,2.43,54.43
2024-03-24,Denver,40.06,5.92,66.7
2024-03-25,Denver,39.66,0.94,70.84
2024-03-26,Denver,37.87,2.01,54.51
2024-03-27,Denver,37.65,0.0,69.35
2024-03-28,Denver,41.19,7.86,34.87
2024-03-29,Denver,41.16,0.41,72.01
2024-03-30,Denver,36.77,2.71,66.27
2024-03-31,Denver,35.62,5.04,86.92
2024-04-01,Denver,38.24,8.8,56.21
2024-04-02,Denver,40.28,0.0,100.0
2024-04-03,Denver,41.57,0.58,20.56
2024-04-04,Denver,39.14,0.0,68.9
2024-04-05,Denver,39.38,0.0,82.42
2024-04-06,Denver,40.15,6.88,60.18
2024-04-07,Denver,35.69,6.89,54.59
2024-04-08,Denver,35.72,8.76,100.0
2024-04-09,Denver,38.39,12.8,61.83
2024-04-10,Denver,37.69,0.0,92.74
2024-04-11,Denver,36.86,5.68,48.82
2024-04-12,Denver,37.46,7.15,52.4
2024-04-13,Denver,37.54,7.66,91.95
2024-04-14,Denver,39.6,0.0,49.79
2024-04-15,Denver,38.43,3.6,40.24
2024-04-16,Denver,39.67,2.43,25.69
2024-04-17,Denver,36.32,0.0,58.54
2024-04-18,Denver,41.9,3.19,43.18
2024-04-19,Denver,38.51,0.24,66.5
2024-04-20,Denver,39.18,8.05,59.51
2024-04-21,Denver,41.23,6.54,45.85
2024-04-22,Denver,42.31,3.63,43.3
2024-04-23,Denver,41.14,12.39,59.34
2024-04-24,Denver,36.76,1.14,74.29
2024-04-25,Denver,40.25,4.85,62.03
2024-04-26,Denver,40.62,0.44,80.62
2024-04-27,Denver,36.97,4.16,57.73
2024-04-28,Denver,37.36,0.11,86.9
2024-04-29,Denver,35.92,0.0,100.0
2024-04-30,Denver,39.26,0.0,48.69
2024-05-01,Denver,33.6,0.0,10.0
2024-05-02,Denver,36.86,0.0,61.2
2024-05-03,Denver,33.79,2.41,51.7
2024-05-04,Denver,39.95,9.06,75.71
2024-05-05,Denver,36.2,11.93,28.94
2024-05-06,Denver,33.95,1.58,100.0
2024-05-07,Denver,36.25,1.08,31.16
2024-05-08,Denver,38.44,6.77,75.78
2024-05-09,Denver,35.19,0.0,34.14
2024-05-10,Denver,36.5,0.0,36.45
2024-05-11,Denver,35.38,0.0,49.24
2024-05-12,Denver,37.05,2.4,54.24
2024-05-13,Denver,36.37,0.0,62.11
2024-05-14,Denver,36.18,0.0,79.91
2024-05-15,Denver,34.0,2.45,83.29
2024-05-16,Denver,37.49,2.17,52.75
2024-05-17,Denver,37.42,5.37,47.63
2024-05-18,Denver,33.81,0.0,63.08
2024-05-19,Denver,35.1,7.68,67.18
2024-05-20,Denver,37.81,0.0,82.76
2024-05-21,Denver,33.95,5.89,30.82
2024-05-22,Denver,35.35,0.0,54.66
2024-05-23,Denver,35.62,0.0,38.99
2024-05-24,Denver,36.3,1.48,50.21
2024-05-25,Denver,34.55,15.18,83.07
2024-05-26,Denver,36.65,4.18,63.33
2024-05-27,Denver,29.39,0.0,50.39
2024-05-28,Denver,30.29,0.0,20.38
2024-05-29,Denver,33.82,6.09,82.14
2024-05-30,Denver,34.58,0.0,21.36
2024-05-31,Denver,30.09,0.0,42.22
2024-06-01,Denver,33.13,0.0,66.78
2024-06-02,Denver,32.83,2.05,82.81
2024-06-03,Denver,30.79,4.09,59.72
2024-06-04,Denver,32.33,6.43,77.58
2024-06-05,Denver,30.94,1.09,65.62
2024-06-06,Denver,32.14,4.93,65.62
2024-06-07,Denver,36.19,0.0,57.55
2024-06-08,Denver,30.55,5.02,27.66
2024-06-09,Denver,32.9,0.0,45.32
2024-06-10,Denver,29.15,0.0,81.69
2024-06-11,Denver,31.83,5.14,93.29
2024-06-12,Denver,32.25,0.0,69.35
2024-06-13,Denver,30.47,0.0,29.6
2024-06-14,Denver,33.24,0.07,63.64
2024-06-15,Denver,29.15,4.18,44.76
2024-06-16,Denver,30.77,6.39,75.82
2024-06-17,Denver,30.85,0.0,100.0
2024-06-18,Denver,34.21,5.61,44.94
2024-06-19,Denver,30.33,0.0,85.28
2024-06-20,Denver,30.91,0.0,50.58
2024-06-21,Denver,32.46,10.0,90.57
2024-06-22,Denver,31.56,0.74,10.0
2024-06-23,Denver,30.47,1.99,62.8
2024-06-24,Denver,29.81,0.0,71.15
2024-06-25,Denver,30.8,5.41,78.93
2024-06-26,Denver,30.57,0.0,58.58
2024-06-27,Denver,29.37,2.54,79.96
2024-06-28,Denver,30.31,12.39,100.0
2024-06-29,Denver,29.01,0.0,84.74
2024-06-30,Denver,27.59,0.0,52.03
2024-07-01,Denver,27.61,5.06,28.81
2024-07-02,Denver,26.17,3.72,72.46
2024-07-03,Denver,29.44,0.0,40.43
2024-07-04,Denver,26.97,3.2,89.71
2024-07-05,Denver,23.72,0.9,33.35
2024-07-06,Denver,24.34,6.83,70.89
2024-07-07,Denver,28.37,6.61,50.41
2024-07-08,Denver,26.43,12.93,55.07
2024-07-09,Denver,28.6,2.03,23.03
2024-07-10,Denver,22.87,0.0,81.12
2024-07-11,Denver,28.37,6.57,40.26
2024-07-12,Denver,29.85,0.0,64.26
2024-07-13,Denver,26.43,1.13,86.77
2024-07-14,Denver,24.87,0.0,60.4
2024-07-15,Denver,25.32,18.89,73.53
2024-07-16,Denver,25.13,0.0,22.39
2024-07-17,Denver,23.73,2.57,88.55
2024-07-18,Denver,27.86,3.15,53.54
2024-07-19,Denver,25.99,0.0,94.37
2024-07-20,Denver,24.92,1.57,15.68
2024-07-21,Denver,24.74,6.18,38.65
2024-07-22,Denver,23.47,5.96,30.47
2024-07-23,Denver,26.93,0.0,52.23
2024-07-24,Denver,22.4,3.89,100.0
2024-07-25,Denver,26.06,0.0,82.71
2024-07-26,Denver,23.7,8.87,76.13
2024-07-27,Denver,18.3,0.0,78.89
2024-07-28,Denver,24.33,0.0,47.33
2024-07-29,Denver,20.06,1.56,100.0
2024-07-30,Denver,25.33,12.95,77.65
2024-07-31,Denver,25.63,11.87,67.55
2024-08-01,Denver,23.05,7.16,89.08
2024-08-02,Denver,22.32,0.0,62.78
2024-08-03,Denver,24.8,5.99,31.52
2024-08-04,Denver,26.81,0.0,54.7
2024-08-05,Denver,21.04,15.49,64.84
2024-08-06,Denver,21.01,6.32,75.38
2024-08-07,Denver,22.2,6.2,43.49
2024-08-08,Denver,21.45,0.0,33.52
2024-08-09,Denver,25.92,10.21,61.32
2024-08-10,Denver,25.49,1.2,55.13
2024-08-11,Denver,22.15,1.38,55.7
2024-08-12,Denver,24.19,2.75,74.25
2024-08-13,Denver,23.84,3.94,40.59
2024-08-14,Denver,18.95,2.74,56.57
2024-08-15,Denver,21.71,1.92,100.0
2024-08-16,Denver,18.75,0.0,66.65
2024-08-17,Denver,20.54,3.58,71.68
2024-08-18,Denver,23.74,0.0,48.87
2024-08-19,Denver,21.92,5.85,100.0
2024-08-20,Denver,22.86,1.72,42.19
2024-08-21,Denver,19.71,0.0,73.1
2024-08-22,Denver,21.25,0.0,51.28
2024-08-23,Denver,22.38,3.76,71.37
2024-08-24,Denver,21.29,10.13,64.72
2024-08-25,Denver,19.65,0.0,64.99
2024-08-26,Denver,15.44,1.08,55.88
2024-08-27,Denver,17.5,0.0,76.19
2024-08-28,Denver,20.6,2.51,66.13
2024-08-29,Denver,20.23,8.21,62.47
2024-08-30,Denver,17.04,10.15,67.41
2024-08-31,Denver,18.69,0.0,67.92
2024-09-01,Denver,19.55,9.87,53.08
2024-09-02,Denver,18.03,6.48,78.51
2024-09-03,Denver,19.97,5.38,59.25
2024-09-04,Denver,20.02,7.82,72.51
2024-09-05,Denver,19.14,8.76,12.7
2024-09-06,Denver,23.52,0.0,47.46
2024-09-07,Denver,19.26,1.27,80.13
2024-09-08,Denver,17.16,3.3,48.44
2024-09-09,Denver,19.81,1.68,61.86
2024-09-10,Denver,18.06,0.0,65.75
2024-09-11,Denver,20.99,0.0,42.62
2024-09-12,Denver,20.28,1.84,76.61
2024-09-13,Denver,17.19,0.0,49.34
2024-09-14,Denver,17.42,1.61,47.26
2024-09-15,Denver,20.39,0.56,63.01
2024-09-16,Denver,19.18,2.97,59.52
2024-09-17,Denver,19.85,0.0,87.99
2024-09-18,Denver,18.32,0.0,63.76
2024-09-19,Denver,17.06,5.33,100.0
2024-09-20,Denver,17.15,3.66,24.89
2024-09-21,Denver,19.61,0.0,47.5
2024-09-22,Denver,16.47,5.66,80.15
2024-09-23,Denver,18.7,0.0,91.79
2024-09-24,Denver,17.14,0.0,69.17
2024-09-25,Denver,16.41,6.94,52.38
2024-09-26,Denver,19.82,9.01,35.82
2024-09-27,Denver,17.47,1.62,90.75
2024-09-28,Denver,17.28,0.0,69.56
2024-09-29,Denver,17.43,2.76,28.97
2024-09-30,Denver,23.02,0.0,53.56
2024-10-01,Denver,18.52,11.56,33.5
2024-10-02,Denver,22.56,5.79,68.34
2024-10-03,Denver,16.63,4.86,45.53
2024-10-04,Denver,21.15,0.0,57.74
2024-10-05,Denver,17.52,0.0,74.83
2024-10-06,Denver,19.72,8.05,24.4
2024-10-07,Denver,20.79,14.53,50.97
2024-10-08,Denver,22.48,0.68,32.55
2024-10-09,Denver,18.1,7.24,43.24
2024-10-10,Denver,17.54,4.97,60.06
2024-10-11,Denver,19.94,3.19,69.59
2024-10-12,Denver,17.94,3.16,41.45
2024-10-13,Denver,21.42,0.0,82.58
2024-10-14,Denver,18.42,3.01,50.1
2024-10-15,Denver,16.9,0.0,38.89
2024-10-16,Denver,18.33,3.06,80.21
2024-10-17,Denver,18.13,0.0,31.15
2024-10-18,Denver,20.04,8.92,85.33
2024-10-19,Denver,20.55,5.19,93.95
2024-10-20,Denver,19.85,5.23,53.58
2024-10-21,Denver,16.53,0.0,59.82
2024-10-22,Denver,19.43,11.63,61.63
2024-10-23,Denver,21.74,0.0,53.77
2024-10-24,Denver,16.79,0.0,70.54
2024-10-25,Denver,19.53,6.71,63.63
2024-10-26,Denver,18.89,12.74,58.12
2024-10-27,Denver,21.99,0.0,74.19
2024-10-28,Denver,21.6,3.04,12.91
2024-10-29,Denver,19.87,8.15,70.55
2024-10-30,Denver,20.8,0.0,45.59
2024-10-31,Denver,20.82,4.05,84.29
2024-11-01,Denver,19.8,4.03,60.33
2024-11-02,Denver,18.21,0.0,68.62
2024-11-03,Denver,20.62,0.0,27.62
2024-11-04,Denver,21.63,0.67,71.14
2024-11-05,Denver,24.2,0.0,46.01
2024-11-06,Denver,20.16,9.27,27.27
2024-11-07,Denver,24.55,2.68,58.08
2024-11-08,Denver,20.39,0.0,80.96
2024-11-09,Denver,18.76,3.73,52.32
2024-11-10,Denver,19.48,14.93,68.38
2024-11-11,Denver,22.34,7.69,31.57
2024-11-12,Denver,24.74,0.0,44.62
2024-11-13,Denver,20.43,4.91,64.37
2024-11-14,Denver,21.14,1.94,40.44
2024-11-15,Denver,18.6,5.63,73.87
2024-11-16,Denver,24.89,0.0,73.86
2024-11-17,Denver,21.28,7.95,80.44
2024-11-18,Denver,22.39,0.3,79.22
2024-11-19,Denver,23.4,0.0,33.44
2024-11-20,Denver,21.66,9.58,82.93
2024-11-21,Denver,20.14,0.0,85.49
2024-11-22,Denver,20.23,4.55,47.68
2024-11-23,Denver,25.87,0.0,82.87
2024-11-24,Denver,23.15,3.26,20.59
2024-11-25,Denver,18.51,0.9,64.94
2024-11-26,Denver,20.81,0.0,71.23
2024-11-27,Denver,24.33,1.31,75.6
2024-11-28,Denver,21.01,0.22,92.96
2024-11-29,Denver,23.64,2.63,100.0
2024-11-30,Denver,20.85,5.98,93.28
2024-12-01,Denver,23.15,6.3,40.36
2024-12-02,Denver,22.58,3.92,75.97
2024-12-03,Denver,26.35,9.85,58.65
2024-12-04,Denver,26.65,0.29,78.04
2024-12-05,Denver,24.83,4.23,68.47
2024-12-06,Denver,21.36,0.0,62.05
2024-12-07,Denver,21.36,6.16,77.43
2024-12-08,Denver,25.54,0.0,87.6
2024-12-09,Denver,29.13,2.74,70.21
2024-12-10,Denver,25.62,4.65,57.61
2024-12-11,Denver,25.31,6.53,100.0
2024-12-12,Denver,22.74,1.48,36.39
2024-12-13,Denver,28.89,0.0,31.14
2024-12-14,Denver,27.14,10.72,73.27
2024-12-15,Denver,26.44,4.05,88.3
2024-12-16,Denver,24.45,1.44,50.95
2024-12-17,Denver,24.03,0.36,82.15
2024-12-18,Denver,27.67,5.22,62.93
2024-12-19,Denver,27.75,0.0,53.81
2024-12-20,Denver,27.26,3.39,66.4
2024-12-21,Denver,26.77,0.11,100.0
2024-12-22,Denver,29.03,4.07,55.34
2024-12-23,Denver,26.48,1.35,65.86
2024-12-24,Denver,23.8,0.0,47.26
2024-12-25,Denver,28.14,0.8,89.56
2024-12-26,Denver,24.93,0.0,90.4
2024-12-27,Denver,28.33,6.42,100.0
2024-12-28,Denver,26.86,1.5,54.55
2024-12-29,Denver,24.51,0.45,77.62
2024-12-30,Denver,29.67,5.1,52.49
2024-01-01,Dallas,32.03,0.0,63.29
2024-01-02,Dallas,29.06,0.0,65.73
2024-01-03,Dallas,32.18,8.88,97.15
2024-01-04,Dallas,26.31,10.14,63.7
2024-01-05,Dallas,33.23,0.03,49.38
2024-01-06,Dallas,27.77,5.88,70.29
2024-01-07,Dallas,28.13,0.0,68.3
2024-01-08,Dallas,31.6,0.0,36.24
2024-01-09,Dallas,32.02,11.28,50.1
2024-01-10,Dallas,29.12,3.49,72.71
2024-01-11,Dallas,30.32,12.13,78.03
2024-01-12,Dallas,30.45,0.0,86.39
2024-01-13,Dallas,33.77,0.49,67.01
2024-01-14,Dallas,31.25,4.6,39.5
2024-01-15,Dallas,29.38,6.05,78.75
2024-01-16,Dallas,30.9,0.0,82.95
2024-01-17,Dallas,30.62,2.28,58.57
2024-01-18,Dallas,29.28,2.96,61.89
2024-01-19,Dallas,33.1,2.79,100.0
2024-01-20,Dallas,34.86,2.19,62.6
2024-01-21,Dallas,36.23,6.32,35.42
2024-01-22,Dallas,34.76,8.21,92.35
2024-01-23,Dallas,32.22,0.0,41.16
2024-01-24,Dallas,33.8,5.66,49.73
2024-01-25,Dallas,33.05,0.0,90.19
2024-01-26,Dallas,30.36,3.87,64.77
2024-01-27,Dallas,33.74,2.34,39.76
2024-01-28,Dallas,33.14,6.84,85.3
2024-01-29,Dallas,33.11,0.0,44.43
2024-01-30,Dallas,37.81,0.0,58.06
2024-01-31,Dallas,37.08,0.0,56.69
2024-02-01,Dallas,35.99,10.56,47.09
2024-02-02,Dallas,37.33,0.59,42.28
2024-02-03,Dallas,35.19,0.0,69.44
2024-02-04,Dallas,41.13,7.53,57.9
2024-02-05,Dallas,37.08,0.0,44.73
2024-02-06,Dallas,34.96,2.44,34.13
2024-02-07,Dallas,34.64,1.28,90.84
2024-02-08,Dallas,32.8,0.0,63.51
2024-02-09,Dallas,37.82,4.76,66.05
2024-02-10,Dallas,35.07,5.38,76.54
2024-02-11,Dallas,35.27,0.0,41.16
2024-02-12,Dallas,37.67,0.0,93.54
2024-02-13,Dallas,35.12,3.55,74.03
2024-02-14,Dallas,34.79,0.0,62.64
2024-02-15,Dallas,34.57,0.0,40.44
2024-02-16,Dallas,38.82,3.99,44.14
2024-02-17,Dallas,38.27,0.0,20.99
2024-02-18,Dallas,38.03,10.23,71.16
2024-02-19,Dallas,32.97,1.88,54.51
2024-02-20,Dallas,37.62,0.0,53.33
2024-02-21,Dallas,34.13,3.11,32.34
2024-02-22,Dallas,37.95,0.0,10.0
2024-02-23,Dallas,38.77,4.47,87.06
2024-02-24,Dallas,33.1,0.0,62.63
2024-02-25,Dallas,38.52,0.0,68.63
2024-02-26,Dallas,36.33,0.0,44.99
2024-02-27,Dallas,38.6,0.0,72.74
2024-02-28,Dallas,38.23,0.73,27.3
2024-02-29,Dallas,34.64,0.01,37.5
2024-03-01,Dallas,37.17,6.53,54.54
2024-03-02,Dallas,37.32,0.5,80.27
2024-03-03,Dallas,40.59,4.11,62.73
2024-03-04,Dallas,38.54,9.14,69.53
2024-03-05,Dallas,41.21,0.0,33.29
2024-03-06,Dallas,36.9,0.0,92.09
2024-03-07,Dallas,39.78,0.0,76.17
2024-03-08,Dallas,38.12,10.17,53.33
2024-03-09,Dallas,35.36,1.07,53.34
2024-03-10,Dallas,35.82,4.93,88.49
2024-03-11,Dallas,36.32,6.86,47.87
2024-03-12,Dallas,38.57,1.35,59.51
2024-03-13,Dallas,39.62,0.0,85.87
2024-03-14,Dallas,39.74,6.18,44.4
2024-03-15,Dallas,36.55,7.91,36.85
2024-03-16,Dallas,39.12,7.09,57.46
2024-03-17,Dallas,41.21,0.64,34.45
2024-03-18,Dallas,39.65,2.99,100.0
2024-03-19,Dallas,37.05,0.74,45.38
2024-03-20,Dallas,38.69,1.09,42.55
2024-03-21,Dallas,39.95,0.93,86.91
2024-03-22,Dallas,37.74,11.31,65.52
2024-03-23,Dallas,41.61,2.58,44.39
2024-03-24,Dallas,38.56,0.0,57.77
2024-03-25,Dallas,39.45,2.23,86.6
2024-03-26,Dallas,38.83,0.0,100.0
2024-03-27,Dallas,37.76,6.84,29.92
2024-03-28,Dallas,39.64,0.0,10.0
2024-03-29,Dallas,38.59,1.75,55.62
2024-03-30,Dallas,39.65,0.65,61.38
2024-03-31,Dallas,39.51,1.82,56.58
2024-04-01,Dallas,37.38,4.97,54.34
2024-04-02,Dallas,38.43,4.56,64.24
2024-04-03,Dallas,37.76,8.25,36.22
2024-04-04,Dallas,37.08,5.34,95.02
2024-04-05,Dallas,37.98,4.06,36.15
2024-04-06,Dallas,37.26,7.66,67.32
2024-04-07,Dallas,41.42,7.43,18.21
2024-04-08,Dallas,36.68,3.37,26.06
2024-04-09,Dallas,36.94,9.13,49.17
2024-04-10,Dallas,40.45,1.86,46.4
2024-04-11,Dallas,35.67,3.17,89.09
2024-04-12,Dallas,37.66,2.34,29.6
2024-04-13,Dallas,37.58,3.7,74.87
2024-04-14,Dallas,40.0,0.0,50.86
2024-04-15,Dallas,36.91,0.45,57.78
2024-04-16,Dallas,40.93,3.48,88.36
2024-04-17,Dallas,37.35,0.0,89.1
2024-04-18,Dallas,39.57,0.0,68.76
2024-04-19,Dallas,40.32,2.6,45.42
2024-04-20,Dallas,37.71,3.45,63.98
2024-04-21,Dallas,40.96,0.62,40.72
2024-04-22,Dallas,43.63,2.87,76.69
2024-04-23,Dallas,39.45,2.93,55.45
2024-04-24,Dallas,32.73,0.0,66.58
2024-04-25,Dallas,32.83,2.36,73.22
2024-04-26,Dallas,39.87,4.99,79.17
2024-04-27,Dallas,41.34,7.48,63.94
2024-04-28,Dallas,37.78,2.57,54.49
2024-04-29,Dallas,40.2,4.86,52.38
2024-04-30,Dallas,40.53,0.54,41.08
2024-05-01,Dallas,37.78,0.0,78.72
2024-05-02,Dallas,36.02,1.42,78.79
2024-05-03,Dallas,36.19,4.06,40.53
2024-05-04,Dallas,38.01,4.84,59.16
2024-05-05,Dallas,37.5,4.22,54.39
2024-05-06,Dallas,39.11,8.86,41.48
2024-05-07,Dallas,40.76,0.48,99.89
2024-05-08,Dallas,36.55,5.54,74.04
2024-05-09,Dallas,36.25,2.36,88.8
2024-05-10,Dallas,36.27,0.0,36.93
2024-05-11,Dallas,39.94,0.0,84.0
2024-05-12,Dallas,35.49,7.84,76.13
2024-05-13,Dallas,36.12,0.0,46.94
2024-05-14,Dallas,35.13,7.33,63.2
2024-05-15,Dallas,34.11,0.74,57.38
2024-05-16,Dallas,31.94,1.02,74.46
2024-05-17,Dallas,35.82,3.27,69.69
2024-05-18,Dallas,35.29,5.65,89.15
2024-05-19,Dallas,32.8,0.28,100.0
2024-05-20,Dallas,36.06,1.83,54.84
2024-05-21,Dallas,38.13,0.0,78.52
2024-05-22,Dallas,34.9,0.0,55.38
2024-05-23,Dallas,35.23,0.0,82.26
2024-05-24,Dallas,33.7,2.7,70.75
2024-05-25,Dallas,35.3,5.86,51.33
2024-05-26,Dallas,36.15,5.26,79.36
2024-05-27,Dallas,30.99,4.55,78.03
2024-05-28,Dallas,33.8,0.0,45.97
2024-05-29,Dallas,32.41,5.33,100.0
2024-05-30,Dallas,33.21,0.0,60.31
2024-05-31,Dallas,30.97,0.0,58.86
2024-06-01,Dallas,32.24,7.99,34.12
2024-06-02,Dallas,35.68,9.34,67.63
2024-06-03,Dallas,33.45,3.23,51.19
2024-06-04,Dallas,29.5,0.0,59.78
2024-06-05,Dallas,31.53,0.0,69.58
2024-06-06,Dallas,33.55,7.29,65.88
2024-06-07,Dallas,33.81,0.0,33.38
2024-06-08,Dallas,32.12,0.0,56.66
2024-06-09,Dallas,30.65,6.21,45.38
2024-06-10,Dallas,31.89,1.9,82.46
2024-06-11,Dallas,35.98,11.14,34.36
2024-06-12,Dallas,31.55,0.0,67.41
2024-06-13,Dallas,32.75,0.0,46.76
2024-06-14,Dallas,29.97,0.0,34.04
2024-06-15,Dallas,33.54,9.32,86.96
2024-06-16,Dallas,33.45,0.0,36.38
2024-06-17,Dallas,27.85,0.0,61.74
2024-06-18,Dallas,29.29,4.16,73.04
2024-06-19,Dallas,30.18,0.0,87.62
2024-06-20,Dallas,31.03,11.71,61.85
2024-06-21,Dallas,31.12,0.0,51.53
2024-06-22,Dallas,27.51,0.0,74.82
2024-06-23,Dallas,29.89,0.0,45.19
2024-06-24,Dallas,29.51,7.67,62.88
2024-06-25,Dallas,27.75,7.15,94.5
2024-06-26,Dallas,30.93,6.46,84.42
2024-06-27,Dallas,26.45,11.32,81.98
2024-06-28,Dallas,30.57,1.37,33.26
2024-06-29,Dallas,28.76,4.24,37.91
2024-06-30,Dallas,29.11,0.0,52.31
2024-07-01,Dallas,26.37,0.0,66.8
2024-07-02,Dallas,27.75,0.0,47.33
2024-07-03,Dallas,34.18,5.04,74.29
2024-07-04,Dallas,27.01,4.52,55.45
2024-07-05,Dallas,26.82,11.65,71.46
2024-07-06,Dallas,29.26,0.0,34.6
2024-07-07,Dallas,27.93,0.0,72.25
2024-07-08,Dallas,29.24,2.33,76.55
2024-07-09,Dallas,28.09,0.0,56.03
2024-07-10,Dallas,27.81,6.64,64.5
2024-07-11,Dallas,26.22,6.83,67.62
2024-07-12,Dallas,30.29,2.44,39.25
2024-07-13,Dallas,29.38,0.0,65.91
2024-07-14,Dallas,27.23,2.23,56.6
2024-07-15,Dallas,23.39,0.0,82.44
2024-07-16,Dallas,27.39,11.55,39.25
2024-07-17,Dallas,26.3,7.82,48.68
2024-07-18,Dallas,25.23,0.53,51.09
2024-07-19,Dallas,27.1,0.0,92.85
2024-07-20,Dallas,23.95,0.0,59.8
2024-07-21,Dallas,24.95,1.11,66.25
2024-07-22,Dallas,26.84,10.43,46.2
2024-07-23,Dallas,26.94,5.54,10.0
2024-07-24,Dallas,23.56,0.0,68.96
2024-07-25,Dallas,25.75,3.79,53.89
2024-07-26,Dallas,24.51,1.86,51.98
2024-07-27,Dallas,26.31,0.0,44.36
2024-07-28,Dallas,24.85,0.16,37.82
2024-07-29,Dallas,25.52,0.0,43.11
2024-07-30,Dallas,23.95,0.0,59.32
2024-07-31,Dallas,23.43,0.0,49.87
2024-08-01,Dallas,26.0,3.85,25.82
2024-08-02,Dallas,25.62,4.58,69.15
2024-08-03,Dallas,25.49,2.08,72.4
2024-08-04,Dallas,22.64,6.24,64.36
2024-08-05,Dallas,20.67,7.18,57.42
2024-08-06,Dallas,22.75,0.0,52.61
2024-08-07,Dallas,23.61,0.0,28.63
2024-08-08,Dallas,20.88,3.91,56.76
2024-08-09,Dallas,25.1,1.68,76.85
2024-08-10,Dallas,21.36,0.0,60.19
2024-08-11,Dallas,22.32,0.8,42.56
2024-08-12,Dallas,19.31,5.16,70.39
2024-08-13,Dallas,21.13,3.89,56.67
2024-08-14,Dallas,24.45,0.0,57.47
2024-08-15,Dallas,21.7,2.81,90.74
2024-08-16,Dallas,21.74,5.72,57.04
2024-08-17,Dallas,24.01,5.76,53.33
2024-08-18,Dallas,20.94,4.43,46.89
2024-08-19,Dallas,22.02,0.22,67.36
2024-08-20,Dallas,21.2,0.0,82.11
2024-08-21,Dallas,21.9,1.73,68.4
2024-08-22,Dallas,17.97,12.45,60.49
2024-08-23,Dallas,17.28,7.99,44.97
2024-08-24,Dallas,23.19,2.61,28.59
2024-08-25,Dallas,21.52,2.94,83.04
2024-08-26,Dallas,21.95,0.0,80.05
2024-08-27,Dallas,19.98,10.6,52.9
2024-08-28,Dallas,20.29,0.0,50.03
2024-08-29,Dallas,19.1,7.88,33.37
2024-08-30,Dallas,22.14,6.14,87.55
2024-08-31,Dallas,20.54,0.0,56.56
2024-09-01,Dallas,21.55,2.42,67.33
2024-09-02,Dallas,23.02,4.91,63.97
2024-09-03,Dallas,16.52,0.0,51.91
2024-09-04,Dallas,16.18,0.0,54.63
2024-09-05,Dallas,19.85,4.53,55.89
2024-09-06,Dallas,20.49,0.0,60.84
2024-09-07,Dallas,20.82,9.36,49.71
2024-09-08,Dallas,20.15,6.35,31.21
2024-09-09,Dallas,23.79,7.9,25.77
2024-09-10,Dallas,20.48,0.0,52.05
2024-09-11,Dallas,20.38,7.25,50.68
2024-09-12,Dallas,18.72,3.86,71.44
2024-09-13,Dallas,17.56,10.62,47.13
2024-09-14,Dallas,21.46,4.26,72.13
2024-09-15,Dallas,18.24,0.0,59.57
2024-09-16,Dallas,19.41,0.0,78.36
2024-09-17,Dallas,19.3,0.0,71.7
2024-09-18,Dallas,20.59,0.0,84.67
2024-09-19,Dallas,23.82,0.0,56.33
2024-09-20,Dallas,19.98,13.4,45.32
2024-09-21,Dallas,17.4,0.0,84.43
2024-09-22,Dallas,17.84,0.0,64.62
2024-09-23,Dallas,19.85,7.36,61.84
2024-09-24,Dallas,19.71,1.47,33.91
2024-09-25,Dallas,18.8,2.31,51.12
2024-09-26,Dallas,16.06,0.0,59.21
2024-09-27,Dallas,21.04,10.41,56.32
2024-09-28,Dallas,17.74,0.14,39.07
2024-09-29,Dallas,20.74,12.69,46.15
2024-09-30,Dallas,16.78,7.03,66.36
2024-10-01,Dallas,19.84,9.94,32.67
2024-10-02,Dallas,16.38,1.19,61.27
2024-10-03,Dallas,18.47,14.3,53.8
2024-10-04,Dallas,18.09,2.62,79.42
2024-10-05,Dallas,17.76,1.27,79.99
2024-10-06,Dallas,21.33,3.09,100.0
2024-10-07,Dallas,23.2,0.0,26.16
2024-10-08,Dallas,20.86,8.83,55.5
2024-10-09,Dallas,18.29,0.0,36.64
2024-10-10,Dallas,21.59,0.09,66.04
2024-10-11,Dallas,15.7,7.01,71.76
2024-10-12,Dallas,16.7,3.3,60.09
2024-10-13,Dallas,18.52,0.0,46.79
2024-10-14,Dallas,20.07,0.0,55.57
2024-10-15,Dallas,22.5,1.61,18.06
2024-10-16,Dallas,19.18,2.5,43.49
2024-10-17,Dallas,21.07,0.0,57.25
2024-10-18,Dallas,16.71,0.52,74.16
2024-10-19,Dallas,19.39,0.9,60.56
2024-10-20,Dallas,19.92,5.47,74.0
2024-10-21,Dallas,22.67,2.84,26.79
2024-10-22,Dallas,21.61,8.75,100.0
2024-10-23,Dallas,22.86,0.0,63.74
2024-10-24,Dallas,19.48,0.0,57.73
2024-10-25,Dallas,22.67,0.0,39.95
2024-10-26,Dallas,22.61,9.27,46.81
2024-10-27,Dallas,23.55,6.88,54.64
2024-10-28,Dallas,15.45,0.0,46.84
2024-10-29,Dallas,21.93,5.82,50.67
2024-10-30,Dallas,20.03,1.84,55.63
2024-10-31,Dallas,20.91,1.85,26.52
2024-11-01,Dallas,20.25,1.89,79.8
2024-11-02,Dallas,19.1,3.02,71.26
2024-11-03,Dallas,20.56,0.0,80.2
2024-11-04,Dallas,22.45,3.14,60.81
2024-11-05,Dallas,17.49,5.87,89.73
2024-11-06,Dallas,18.92,8.73,82.63
2024-11-07,Dallas,18.97,0.03,32.09
2024-11-08,Dallas,21.23,4.24,33.59
2024-11-09,Dallas,22.24,5.2,73.07
2024-11-10,Dallas,22.49,0.0,57.57
2024-11-11,Dallas,22.4,9.31,60.05
2024-11-12,Dallas,22.66,0.0,36.9
2024-11-13,Dallas,19.36,0.0,100.0
2024-11-14,Dallas,21.24,3.82,71.14
2024-11-15,Dallas,19.99,0.0,72.49
2024-11-16,Dallas,23.15,0.0,71.89
2024-11-17,Dallas,21.32,0.0,68.1
2024-11-18,Dallas,25.6,1.0,83.58
2024-11-19,Dallas,19.8,2.65,49.18
2024-11-20,Dallas,23.38,0.52,33.18
2024-11-21,Dallas,21.17,0.0,33.86
2024-11-22,Dallas,24.04,0.74,64.62
2024-11-23,Dallas,26.85,0.52,72.69
2024-11-24,Dallas,23.41,15.81,10.0
2024-11-25,Dallas,22.06,5.27,44.94
2024-11-26,Dallas,24.77,1.7,77.3
2024-11-27,Dallas,21.52,2.86,69.32
2024-11-28,Dallas,24.19,2.75,84.05
2024-11-29,Dallas,20.72,2.62,35.82
2024-11-30,Dallas,25.74,0.0,10.55
2024-12-01,Dallas,25.94,0.66,67.13
2024-12-02,Dallas,27.38,3.86,63.39
2024-12-03,Dallas,24.59,0.0,55.7
2024-12-04,Dallas,28.79,0.12,56.88
2024-12-05,Dallas,27.51,0.0,72.4
2024-12-06,Dallas,21.97,4.0,59.55
2024-12-07,Dallas,26.53,0.0,49.3
2024-12-08,Dallas,26.8,0.0,75.11
2024-12-09,Dallas,26.05,0.0,53.69
2024-12-10,Dallas,25.8,0.9,74.6
2024-12-11,Dallas,25.21,0.0,78.21
2024-12-12,Dallas,25.27,0.0,10.29
2024-12-13,Dallas,24.2,0.0,49.2
2024-12-14,Dallas,25.0,6.92,44.5
2024-12-15,Dallas,25.21,2.78,37.97
2024-12-16,Dallas,29.91,6.01,36.64
2024-12-17,Dallas,28.97,8.11,37.16
2024-12-18,Dallas,24.78,0.0,31.7
2024-12-19,Dallas,25.72,0.0,70.08
2024-12-20,Dallas,27.62,1.26,50.34
2024-12-21,Dallas,25.01,4.96,71.39
2024-12-22,Dallas,26.56,0.0,91.12
2024-12-23,Dallas,28.46,3.98,68.8
2024-12-24,Dallas,25.73,9.5,51.93
2024-12-25,Dallas,29.95,9.29,61.63
2024-12-26,Dallas,26.11,0.0,59.23
2024-12-27,Dallas,29.15,0.0,62.71
2024-12-28,Dallas,29.68,6.97,55.43
2024-12-29,Dallas,28.9,1.11,60.67
2024-12-30,Dallas,28.14,0.0,50.9
2024-01-01,Atlanta,18.32,3.28,37.61
2024-01-02,Atlanta,20.68,6.58,52.74
2024-01-03,Atlanta,17.92,1.32,44.43
2024-01-04,Atlanta,17.64,0.65,92.26
2024-01-05,Atlanta,20.59,6.67,67.4
2024-01-06,Atlanta,16.63,1.79,79.41
2024-01-07,Atlanta,16.52,5.18,100.0
2024-01-08,Atlanta,21.33,9.07,64.37
2024-01-09,Atlanta,21.31,0.0,75.92
2024-01-10,Atlanta,20.86,3.45,86.32
2024-01-11,Atlanta,18.64,1.06,61.91
2024-01-12,Atlanta,17.83,3.13,25.62
2024-01-13,Atlanta,22.15,2.23,49.58
2024-01-14,Atlanta,18.55,0.83,73.77
2024-01-15,Atlanta,21.48,0.0,43.08
2024-01-16,Atlanta,21.87,0.0,61.2
2024-01-17,Atlanta,20.97,3.56,77.17
2024-01-18,Atlanta,18.36,0.0,48.65
2024-01-19,Atlanta,24.65,12.11,96.62
2024-01-20,Atlanta,20.82,0.0,13.14
2024-01-21,Atlanta,20.14,1.01,86.01
2024-01-22,Atlanta,23.27,3.14,42.2
2024-01-23,Atlanta,19.77,3.27,73.94
2024-01-24,Atlanta,22.63,0.0,73.01
2024-01-25,Atlanta,22.86,0.0,44.31
2024-01-26,Atlanta,23.54,0.83,91.78
2024-01-27,Atlanta,23.32,0.0,59.8
2024-01-28,Atlanta,22.6,0.0,41.75
2024-01-29,Atlanta,24.03,6.23,72.08
2024-01-30,Atlanta,25.8,0.0,93.49
2024-01-31,Atlanta,21.12,0.0,24.8
2024-02-01,Atlanta,22.18,0.0,70.52
2024-02-02,Atlanta,23.7,0.0,52.15
2024-02-03,Atlanta,22.62,0.0,40.38
2024-02-04,Atlanta,21.96,9.17,63.83
2024-02-05,Atlanta,24.97,0.0,83.88
2024-02-06,Atlanta,26.38,0.0,45.89
2024-02-07,Atlanta,24.91,5.22,46.43
2024-02-08,Atlanta,23.44,0.0,62.21
2024-02-09,Atlanta,26.58,0.0,80.02
2024-02-10,Atlanta,22.76,0.0,76.37
2024-02-11,Atlanta,26.3,6.26,33.68
2024-02-12,Atlanta,23.65,6.11,60.83
2024-02-13,Atlanta,22.56,4.29,45.7
2024-02-14,Atlanta,28.42,9.72,72.08
2024-02-15,Atlanta,27.67,2.32,75.31
2024-02-16,Atlanta,28.03,3.23,54.9
2024-02-17,Atlanta,21.78,1.58,76.47
2024-02-18,Atlanta,27.2,4.52,49.17
2024-02-19,Atlanta,21.46,0.0,53.91
2024-02-20,Atlanta,24.9,5.09,99.71
2024-02-21,Atlanta,25.89,0.92,54.82
2024-02-22,Atlanta,25.99,0.0,62.4
2024-02-23,Atlanta,26.75,3.05,69.15
2024-02-24,Atlanta,26.82,0.0,72.74
2024-02-25,Atlanta,24.71,0.0,37.91
2024-02-26,Atlanta,27.01,0.89,26.36
2024-02-27,Atlanta,27.2,0.0,62.8
2024-02-28,Atlanta,26.81,6.43,95.63
2024-02-29,Atlanta,23.69,1.74,54.47
2024-03-01,Atlanta,27.38,3.08,52.95
2024-03-02,Atlanta,25.71,0.0,79.76
2024-03-03,Atlanta,27.59,6.59,53.79
2024-03-04,Atlanta,25.44,0.0,67.18
2024-03-05,Atlanta,24.75,11.24,33.85
2024-03-06,Atlanta,27.45,9.83,71.98
2024-03-07,Atlanta,27.33,0.0,32.36
2024-03-08,Atlanta,28.58,9.53,51.22
2024-03-09,Atlanta,24.83,0.0,40.38
2024-03-10,Atlanta,26.95,10.0,73.46
2024-03-11,Atlanta,27.84,0.0,48.34
2024-03-12,Atlanta,30.1,3.0,17.95
2024-03-13,Atlanta,26.0,0.0,49.07
2024-03-14,Atlanta,28.52,1.46,58.46
2024-03-15,Atlanta,30.07,0.0,97.28
2024-03-16,Atlanta,26.15,2.45,54.38
2024-03-17,Atlanta,27.78,4.22,68.68
2024-03-18,Atlanta,26.07,0.0,100.0
2024-03-19,Atlanta,26.65,5.5,27.85
2024-03-20,Atlanta,27.09,1.36,69.46
2024-03-21,Atlanta,22.23,2.83,37.01
2024-03-22,Atlanta,28.36,0.0,42.89
2024-03-23,Atlanta,27.19,0.0,50.49
2024-03-24,Atlanta,25.37,0.0,80.36
2024-03-25,Atlanta,25.19,1.11,75.06
2024-03-26,Atlanta,26.56,0.0,64.52
2024-03-27,Atlanta,30.04,0.0,57.0
2024-03-28,Atlanta,24.35,0.03,60.68
2024-03-29,Atlanta,26.12,0.0,31.84
2024-03-30,Atlanta,27.99,7.28,38.06
2024-03-31,Atlanta,26.59,4.51,84.24
2024-04-01,Atlanta,24.85,1.16,65.66
2024-04-02,Atlanta,27.63,0.0,70.02
2024-04-03,Atlanta,30.86,2.58,39.38
2024-04-04,Atlanta,26.79,10.85,78.2
2024-04-05,Atlanta,29.08,3.78,46.78
2024-04-06,Atlanta,27.39,1.61,70.99
2024-04-07,Atlanta,30.79,7.59,31.61
2024-04-08,Atlanta,28.19,5.68,72.38
2024-04-09,Atlanta,26.46,16.57,34.46
2024-04-10,Atlanta,25.53,3.17,100.0
2024-04-11,Atlanta,25.99,0.67,81.55
2024-04-12,Atlanta,27.6,0.33,71.31
2024-04-13,Atlanta,28.14,7.15,85.83
2024-04-14,Atlanta,28.17,3.46,64.28
2024-04-15,Atlanta,28.49,2.28,59.99
2024-04-16,Atlanta,29.86,9.58,29.85
2024-04-17,Atlanta,27.44,0.0,53.78
2024-04-18,Atlanta,28.18,5.35,57.76
2024-04-19,Atlanta,23.49,0.0,77.93
2024-04-20,Atlanta,21.78,7.94,70.42
2024-04-21,Atlanta,29.84,1.01,18.77
2024-04-22,Atlanta,28.0,8.37,78.49
2024-04-23,Atlanta,25.75,2.43,49.34
2024-04-24,Atlanta,25.37,6.78,36.05
2024-04-25,Atlanta,25.15,0.0,30.2
2024-04-26,Atlanta,27.16,7.81,56.3
2024-04-27,Atlanta,23.78,6.2,93.71
2024-04-28,Atlanta,25.42,0.0,70.31
2024-04-29,Atlanta,29.88,0.0,33.35
2024-04-30,Atlanta,27.82,6.0,60.12
2024-05-01,Atlanta,25.35,6.97,70.56
2024-05-02,Atlanta,24.84,2.25,32.97
2024-05-03,Atlanta,27.66,0.69,51.29
2024-05-04,Atlanta,26.13,2.2,77.9
2024-05-05,Atlanta,27.28,1.22,75.27
2024-05-06,Atlanta,26.8,0.0,57.51
2024-05-07,Atlanta,25.6,4.53,52.66
2024-05-08,Atlanta,25.02,11.84,78.79
2024-05-09,Atlanta,24.17,4.85,62.37
2024-05-10,Atlanta,26.37,2.69,83.79
2024-05-11,Atlanta,26.17,1.69,80.84
2024-05-12,Atlanta,25.83,2.61,66.28
2024-05-13,Atlanta,25.06,2.05,48.27
2024-05-14,Atlanta,23.63,0.0,32.16
2024-05-15,Atlanta,23.25,1.13,62.06
2024-05-16,Atlanta,24.35,0.0,91.49
2024-05-17,Atlanta,26.94,4.23,98.15
2024-05-18,Atlanta,22.69,11.44,40.7
2024-05-19,Atlanta,24.99,0.0,60.29
2024-05-20,Atlanta,25.16,1.23,74.28
2024-05-21,Atlanta,24.45,0.0,48.66
2024-05-22,Atlanta,25.74,0.0,78.31
2024-05-23,Atlanta,26.43,0.0,82.66
2024-05-24,Atlanta,27.97,3.26,71.98
2024-05-25,Atlanta,25.79,0.62,63.65
2024-05-26,Atlanta,20.94,2.69,69.96
2024-05-27,Atlanta,24.46,7.33,44.5
2024-05-28,Atlanta,22.22,11.48,56.99
2024-05-29,Atlanta,23.54,1.66,43.57
2024-05-30,Atlanta,26.24,0.0,37.45
2024-05-31,Atlanta,21.95,0.0,46.97
2024-06-01,Atlanta,20.76,5.09,46.53
2024-06-02,Atlanta,24.32,8.99,75.62
2024-06-03,Atlanta,21.96,2.71,29.5
2024-06-04,Atlanta,21.97,0.0,73.89
2024-06-05,Atlanta,27.23,4.5,20.18
2024-06-06,Atlanta,21.21,2.61,61.75
2024-06-07,Atlanta,20.31,3.23,35.15
2024-06-08,Atlanta,19.72,5.23,39.69
2024-06-09,Atlanta,22.53,0.0,95.3
2024-06-10,Atlanta,19.74,0.88,66.61
2024-06-11,Atlanta,20.0,2.72,71.51
2024-06-12,Atlanta,22.89,5.96,56.56
2024-06-13,Atlanta,20.51,13.75,79.0
2024-06-14,Atlanta,18.79,2.5,53.3
2024-06-15,Atlanta,20.2,0.0,51.76
2024-06-16,Atlanta,23.93,4.9,10.18
2024-06-17,Atlanta,22.57,7.45,52.81
2024-06-18,Atlanta,21.4,0.0,50.59
2024-06-19,Atlanta,22.8,0.64,22.61
2024-06-20,Atlanta,19.51,1.61,83.97
2024-06-21,Atlanta,19.49,0.0,80.9
2024-06-22,Atlanta,19.53,0.0,83.1
2024-06-23,Atlanta,19.51,2.01,63.56
2024-06-24,Atlanta,16.81,0.0,60.07
2024-06-25,Atlanta,18.39,8.36,64.35
2024-06-26,Atlanta,20.32,2.05,81.13
2024-06-27,Atlanta,19.23,2.07,59.73
2024-06-28,Atlanta,16.36,4.53,59.2
2024-06-29,Atlanta,17.09,7.53,35.0
2024-06-30,Atlanta,17.08,7.14,66.31
2024-07-01,Atlanta,17.65,3.26,63.59
2024-07-02,Atlanta,14.54,0.25,92.33
2024-07-03,Atlanta,16.09,0.41,49.17
2024-07-04,Atlanta,17.06,0.0,69.73
2024-07-05,Atlanta,17.46,5.87,38.98
2024-07-06,Atlanta,16.21,0.87,69.11
2024-07-07,Atlanta,15.13,6.58,83.73
2024-07-08,Atlanta,14.57,0.0,49.36
2024-07-09,Atlanta,21.64,0.0,93.55
2024-07-10,Atlanta,13.67,0.0,46.27
2024-07-11,Atlanta,14.35,0.66,45.82
2024-07-12,Atlanta,14.23,7.79,84.48
2024-07-13,Atlanta,17.6,4.62,61.85
2024-07-14,Atlanta,14.54,0.0,67.26
2024-07-15,Atlanta,13.02,0.0,83.06
2024-07-16,Atlanta,19.0,3.97,82.13
2024-07-17,Atlanta,14.54,0.0,72.24
2024-07-18,Atlanta,16.01,2.36,55.15
2024-07-19,Atlanta,16.63,0.0,44.52
2024-07-20,Atlanta,12.52,2.42,38.24
2024-07-21,Atlanta,13.01,0.0,54.79
2024-07-22,Atlanta,11.24,2.44,84.95
2024-07-23,Atlanta,14.33,9.71,86.68
2024-07-24,Atlanta,15.45,2.37,60.45
2024-07-25,Atlanta,15.27,0.04,22.35
2024-07-26,Atlanta,14.57,0.0,40.76
2024-07-27,Atlanta,13.43,1.52,31.76
2024-07-28,Atlanta,13.61,6.83,37.43
2024-07-29,Atlanta,15.67,0.0,100.0
2024-07-30,Atlanta,12.15,2.73,22.16
2024-07-31,Atlanta,12.7,3.14,58.28
2024-08-01,Atlanta,11.55,0.0,82.61
2024-08-02,Atlanta,12.59,9.7,49.47
2024-08-03,Atlanta,11.51,6.08,27.54
2024-08-04,Atlanta,9.81,7.49,36.56
2024-08-05,Atlanta,8.46,11.34,32.12
2024-08-06,Atlanta,12.33,2.35,10.0
2024-08-07,Atlanta,11.28,4.24,67.09
2024-08-08,Atlanta,13.49,0.06,74.25
2024-08-09,Atlanta,10.17,0.0,34.05
2024-08-10,Atlanta,8.49,7.05,29.71
2024-08-11,Atlanta,11.83,0.67,57.95
2024-08-12,Atlanta,13.88,0.0,72.23
2024-08-13,Atlanta,11.1,1.24,100.0
2024-08-14,Atlanta,8.02,8.45,73.13
2024-08-15,Atlanta,9.82,10.15,23.04
2024-08-16,Atlanta,9.61,0.0,68.24
2024-08-17,Atlanta,8.31,4.17,56.27
2024-08-18,Atlanta,9.46,3.94,54.63
2024-08-19,Atlanta,8.13,16.01,50.26
2024-08-20,Atlanta,5.76,0.0,34.65
2024-08-21,Atlanta,11.74,3.61,67.97
2024-08-22,Atlanta,9.24,0.6,52.58
2024-08-23,Atlanta,9.71,6.18,66.72
2024-08-24,Atlanta,10.77,4.5,77.69
2024-08-25,Atlanta,10.25,3.79,83.78
2024-08-26,Atlanta,8.24,0.0,36.28
2024-08-27,Atlanta,9.84,0.0,69.24
2024-08-28,Atlanta,9.16,7.67,46.56
2024-08-29,Atlanta,8.89,7.61,87.66
2024-08-30,Atlanta,7.84,2.91,65.89
2024-08-31,Atlanta,9.87,0.69,85.63
2024-09-01,Atlanta,5.26,0.0,68.96
2024-09-02,Atlanta,9.87,8.76,83.96
2024-09-03,Atlanta,8.31,8.5,45.72
2024-09-04,Atlanta,10.66,11.05,84.3
2024-09-05,Atlanta,8.94,0.34,29.43
2024-09-06,Atlanta,9.28,0.0,44.14
2024-09-07,Atlanta,6.21,0.0,59.44
2024-09-08,Atlanta,9.08,0.0,81.39
2024-09-09,Atlanta,8.05,0.0,64.53
2024-09-10,Atlanta,12.33,3.68,52.74
2024-09-11,Atlanta,5.3,0.9,64.7
2024-09-12,Atlanta,7.52,0.0,42.99
2024-09-13,Atlanta,11.16,9.17,42.27
2024-09-14,Atlanta,9.55,0.0,88.09
2024-09-15,Atlanta,8.65,6.75,25.7
2024-09-16,Atlanta,9.47,1.96,77.04
2024-09-17,Atlanta,9.9,2.33,47.98
2024-09-18,Atlanta,9.6,1.7,42.54
2024-09-19,Atlanta,6.17,0.0,49.79
2024-09-20,Atlanta,10.18,2.89,49.4
2024-09-21,Atlanta,9.56,0.0,61.91
2024-09-22,Atlanta,7.56,5.9,28.46
2024-09-23,Atlanta,6.2,0.0,54.81
2024-09-24,Atlanta,10.31,0.0,49.79
2024-09-25,Atlanta,9.61,7.34,58.23
2024-09-26,Atlanta,9.23,0.0,87.56
2024-09-27,Atlanta,12.14,4.61,18.31
2024-09-28,Atlanta,6.72,5.06,51.57
2024-09-29,Atlanta,10.38,4.94,45.87
2024-09-30,Atlanta,7.9,0.0,56.35
2024-10-01,Atlanta,6.73,7.87,100.0
2024-10-02,Atlanta,4.98,0.0,55.1
2024-10-03,Atlanta,4.81,2.23,74.98
2024-10-04,Atlanta,10.85,3.01,56.14
2024-10-05,Atlanta,3.92,2.13,61.43
2024-10-06,Atlanta,9.17,0.0,51.3
2024-10-07,Atlanta,4.96,0.0,37.83
2024-10-08,Atlanta,4.8,3.68,49.64
2024-10-09,Atlanta,6.89,0.0,10.0
2024-10-10,Atlanta,11.01,0.0,51.75
2024-10-11,Atlanta,5.11,6.86,62.87
2024-10-12,Atlanta,6.4,0.04,93.56
2024-10-13,Atlanta,7.95,1.09,41.17
2024-10-14,Atlanta,4.35,1.2,66.51
2024-10-15,Atlanta,10.38,0.0,37.5
2024-10-16,Atlanta,7.06,1.98,57.1
2024-10-17,Atlanta,8.03,4.04,41.93
2024-10-18,Atlanta,10.19,4.17,53.6
2024-10-19,Atlanta,11.58,9.78,78.66
2024-10-20,Atlanta,2.4,9.89,75.9
2024-10-21,Atlanta,12.51,8.19,91.57
2024-10-22,Atlanta,10.32,8.74,99.88
2024-10-23,Atlanta,9.06,0.0,53.85
2024-10-24,Atlanta,9.47,2.37,35.07
2024-10-25,Atlanta,5.5,0.0,76.15
2024-10-26,Atlanta,12.0,6.58,81.15
2024-10-27,Atlanta,8.75,0.0,50.9
2024-10-28,Atlanta,8.48,0.0,61.09
2024-10-29,Atlanta,9.96,6.27,54.44
2024-10-30,Atlanta,5.35,0.0,60.87
2024-10-31,Atlanta,11.69,0.0,70.25
2024-11-01,Atlanta,9.92,2.22,78.61
2024-11-02,Atlanta,8.11,0.0,59.76
2024-11-03,Atlanta,8.24,4.54,45.74
2024-11-04,Atlanta,10.07,1.5,64.3
2024-11-05,Atlanta,8.8,0.3,61.92
2024-11-06,Atlanta,10.23,1.98,94.11
2024-11-07,Atlanta,7.94,1.68,28.53
2024-11-08,Atlanta,10.78,0.0,54.43
2024-11-09,Atlanta,9.4,3.4,48.94
2024-11-10,Atlanta,9.06,9.18,65.69
2024-11-11,Atlanta,9.24,0.75,92.91
2024-11-12,Atlanta,10.01,0.0,46.3
2024-11-13,Atlanta,9.5,0.0,34.41
2024-11-14,Atlanta,8.47,0.0,71.83
2024-11-15,Atlanta,10.08,0.96,85.4
2024-11-16,Atlanta,13.55,0.59,47.38
2024-11-17,Atlanta,9.36,5.46,55.91
2024-11-18,Atlanta,10.45,0.0,44.61
2024-11-19,Atlanta,11.99,0.0,79.9
2024-11-20,Atlanta,10.41,1.25,33.26
2024-11-21,Atlanta,11.59,0.36,59.0
2024-11-22,Atlanta,14.69,2.89,44.11
2024-11-23,Atlanta,10.47,4.98,85.97
2024-11-24,Atlanta,12.59,5.44,72.19
2024-11-25,Atlanta,15.01,0.0,73.34
2024-11-26,Atlanta,14.28,0.0,42.29
2024-11-27,Atlanta,10.75,0.0,50.37
2024-11-28,Atlanta,13.09,6.33,81.63
2024-11-29,Atlanta,11.07,0.0,86.32
2024-11-30,Atlanta,14.19,2.41,69.47
2024-12-01,Atlanta,12.99,4.62,53.28
2024-12-02,Atlanta,13.74,0.0,46.24
2024-12-03,Atlanta,12.0,0.13,41.47
2024-12-04,Atlanta,12.44,0.0,70.97
2024-12-05,Atlanta,13.5,0.0,43.3
2024-12-06,Atlanta,14.49,0.0,46.06
2024-12-07,Atlanta,13.83,3.72,31.27
2024-12-08,Atlanta,15.24,0.0,59.64
2024-12-09,Atlanta,14.23,0.0,39.53
2024-12-10,Atlanta,13.89,10.13,32.77
2024-12-11,Atlanta,18.01,0.7,60.71
2024-12-12,Atlanta,12.61,0.0,49.94
2024-12-13,Atlanta,12.86,0.96,51.86
2024-12-14,Atlanta,18.82,0.0,62.05
2024-12-15,Atlanta,15.78,0.0,73.74
2024-12-16,Atlanta,14.65,0.0,73.2
2024-12-17,Atlanta,13.38,0.0,73.76
2024-12-18,Atlanta,15.09,6.59,84.2
2024-12-19,Atlanta,14.66,5.97,44.89
2024-12-20,Atlanta,20.59,0.0,80.52
2024-12-21,Atlanta,17.98,3.58,46.59
2024-12-22,Atlanta,16.16,0.0,64.49
2024-12-23,Atlanta,17.33,2.67,10.0
2024-12-24,Atlanta,14.27,0.0,65.83
2024-12-25,Atlanta,17.55,1.15,72.7
2024-12-26,Atlanta,15.09,5.05,69.49
2024-12-27,Atlanta,18.07,1.09,96.61
2024-12-28,Atlanta,18.48,0.0,64.97
2024-12-29,Atlanta,19.17,0.0,81.79
2024-12-30,Atlanta,18.6,0.0,65.99
